# Blender 4.0.2
# www.blender.org
mtllib point_lamp.mtl
o defaultMaterial
v 0.026187 -1.000000 -0.131650
v 0.025009 -0.987954 -0.125729
v 0.071220 -0.987954 -0.106588
v 0.074574 -1.000000 -0.111608
v 0.071220 -0.947929 -0.106588
v 0.106588 -0.947929 -0.071220
v 0.106588 -0.987954 -0.071220
v 0.125729 -0.947929 -0.025009
v 0.125729 -0.987954 -0.025009
v 0.125729 -0.947929 0.025009
v 0.125729 -0.987954 0.025009
v 0.106588 -0.947929 0.071220
v 0.106588 -0.987954 0.071220
v 0.071220 -0.947929 0.106588
v 0.071220 -0.987954 0.106588
v 0.071220 -0.947929 0.106588
v 0.025009 -0.947929 0.125729
v 0.025009 -0.987954 0.125729
v 0.071220 -0.987954 0.106588
v -0.025009 -0.947929 0.125729
v -0.025009 -0.987954 0.125729
v -0.071220 -0.947929 0.106588
v -0.071220 -0.987954 0.106588
v -0.106588 -0.947929 0.071220
v -0.106588 -0.987954 0.071220
v -0.125729 -0.947929 0.025009
v -0.125729 -0.987954 0.025009
v -0.125729 -0.947929 -0.025009
v -0.125729 -0.987954 -0.025009
v -0.106588 -0.947929 -0.071220
v -0.106588 -0.987954 -0.071220
v -0.071220 -0.947929 -0.106588
v -0.071220 -0.987954 -0.106588
v -0.025009 -0.947929 -0.125729
v -0.025009 -0.987954 -0.125729
v -0.019641 -0.942435 0.098742
v -0.018181 -0.888040 0.091400
v -0.051774 -0.888040 0.077485
v -0.055933 -0.942435 0.083709
v -0.125729 -0.947929 0.025009
v -0.098742 -0.942435 0.019641
v -0.098742 -0.942435 -0.019641
v -0.125729 -0.947929 -0.025009
v 0.111608 -1.000000 -0.074574
v 0.131650 -1.000000 -0.026187
v 0.079555 -1.000000 -0.055931
v 0.074574 -1.000000 -0.111608
v 0.025009 -0.947929 -0.125729
v 0.019641 -0.942435 -0.098742
v 0.055933 -0.942435 -0.083709
v 0.071220 -0.947929 -0.106588
v 0.071220 -0.947929 0.106588
v 0.106588 -0.947929 0.071220
v 0.083709 -0.942435 0.055933
v 0.055933 -0.942435 0.083709
v -0.071220 -0.947929 0.106588
v -0.055933 -0.942435 0.083709
v -0.083709 -0.942435 0.055933
v -0.106588 -0.947929 0.071220
v -0.025009 -0.947929 -0.125729
v -0.071220 -0.947929 -0.106588
v -0.055932 -0.942435 -0.083709
v -0.019641 -0.942435 -0.098742
v 0.125729 -0.947929 0.025009
v 0.125729 -0.947929 -0.025009
v 0.098742 -0.942435 -0.019641
v 0.098742 -0.942435 0.019641
v -0.106588 -0.947929 -0.071220
v -0.083709 -0.942435 -0.055933
v 0.106588 -0.947929 -0.071220
v 0.083709 -0.942435 -0.055933
v -0.025009 -0.947929 0.125729
v -0.019641 -0.942435 0.098742
v 0.025009 -0.947929 0.125729
v 0.071220 -0.947929 0.106588
v 0.055933 -0.942435 0.083709
v 0.019641 -0.942435 0.098742
v -0.026187 -1.000000 -0.131650
v 0.025009 -0.947929 -0.125729
v -0.074574 -1.000000 -0.111608
v -0.111608 -1.000000 -0.074574
v -0.131650 -1.000000 -0.026187
v -0.131650 -1.000000 0.026187
v -0.111608 -1.000000 0.074574
v -0.074574 -1.000000 0.111608
v -0.026187 -1.000000 0.131650
v 0.026187 -1.000000 0.131650
v 0.074574 -1.000000 0.111608
v 0.111608 -1.000000 0.074574
v 0.074574 -1.000000 0.111608
v 0.131650 -1.000000 0.026187
v 0.131650 -1.000000 -0.026187
v 0.111608 -1.000000 -0.074574
v 0.098742 -0.942435 -0.019641
v 0.083709 -0.942435 -0.055933
v 0.077485 -0.888040 -0.051774
v 0.091400 -0.888040 -0.018181
v -0.083709 -0.942435 0.055933
v -0.077485 -0.888040 0.051774
v 0.098742 -0.942435 0.019641
v 0.091400 -0.888040 0.018181
v -0.098742 -0.942435 0.019641
v -0.091400 -0.888040 0.018181
v 0.083709 -0.942435 0.055933
v 0.077485 -0.888040 0.051774
v -0.098742 -0.942435 -0.019641
v -0.091400 -0.888040 -0.018181
v 0.055933 -0.942435 0.083709
v 0.051774 -0.888040 0.077485
v -0.083709 -0.942435 -0.055933
v -0.077485 -0.888040 -0.051774
v 0.019641 -0.942435 0.098742
v 0.055933 -0.942435 0.083709
v 0.051774 -0.888040 0.077485
v 0.018181 -0.888040 0.091400
v 0.019641 -0.942435 -0.098742
v -0.019641 -0.942435 -0.098742
v -0.018181 -0.888040 -0.091400
v 0.018181 -0.888040 -0.091400
v -0.055932 -0.942435 -0.083709
v -0.051774 -0.888040 -0.077485
v 0.055933 -0.942435 -0.083709
v 0.051774 -0.888040 -0.077485
v -0.091400 -0.888040 0.018181
v -0.079241 -0.888040 0.015762
v -0.079241 -0.888040 -0.015762
v -0.091400 -0.888040 -0.018181
v 0.051774 -0.888040 0.077485
v 0.077485 -0.888040 0.051774
v 0.067178 -0.888040 0.044887
v 0.044887 -0.888040 0.067178
v -0.077485 -0.888040 -0.051774
v -0.067177 -0.888040 -0.044887
v 0.018181 -0.888040 0.091400
v 0.051774 -0.888040 0.077485
v 0.044887 -0.888040 0.067178
v 0.015762 -0.888040 0.079241
v 0.018181 -0.888040 -0.091400
v -0.018181 -0.888040 -0.091400
v -0.015762 -0.888040 -0.079241
v 0.015762 -0.888040 -0.079241
v -0.051774 -0.888040 -0.077485
v -0.044886 -0.888040 -0.067178
v 0.051774 -0.888040 -0.077485
v 0.044887 -0.888040 -0.067178
v -0.018181 -0.888040 0.091400
v -0.015762 -0.888040 0.079241
v 0.077485 -0.888040 -0.051774
v 0.067178 -0.888040 -0.044887
v -0.051774 -0.888040 0.077485
v -0.044887 -0.888040 0.067178
v 0.091400 -0.888040 -0.018181
v 0.079241 -0.888040 -0.015762
v -0.077485 -0.888040 0.051774
v -0.067178 -0.888040 0.044887
v 0.091400 -0.888040 0.018181
v 0.079241 -0.888040 0.015762
v -0.044886 -0.888040 -0.067178
v -0.067177 -0.888040 -0.044887
v -0.067177 -0.599428 -0.044887
v -0.044886 -0.599428 -0.067178
v 0.044887 -0.888040 0.067178
v 0.044887 -0.599428 0.067178
v 0.015762 -0.599428 0.079241
v 0.015762 -0.888040 0.079241
v 0.044887 -0.888040 -0.067178
v 0.015762 -0.888040 -0.079241
v 0.015762 -0.599428 -0.079241
v 0.044887 -0.599428 -0.067178
v -0.015762 -0.888040 0.079241
v -0.015762 -0.599428 0.079241
v -0.015762 -0.888040 -0.079241
v -0.015762 -0.599428 -0.079241
v 0.067178 -0.888040 -0.044887
v 0.067178 -0.599428 -0.044887
v -0.044887 -0.888040 0.067178
v -0.044887 -0.599428 0.067178
v 0.079241 -0.888040 -0.015762
v 0.079241 -0.599428 -0.015762
v -0.067178 -0.888040 0.044887
v -0.067178 -0.599428 0.044887
v 0.079241 -0.888040 0.015762
v 0.079241 -0.599428 0.015762
v -0.079241 -0.888040 0.015762
v -0.079241 -0.599428 0.015762
v 0.067178 -0.888040 0.044887
v 0.067178 -0.599428 0.044887
v -0.079241 -0.888040 -0.015762
v -0.079241 -0.599428 -0.015762
v 0.044887 -0.888040 0.067178
v 0.044887 -0.599428 0.067178
v -0.049188 -0.590975 -0.073616
v -0.017273 -0.590975 -0.086836
v -0.017273 -0.590975 0.086836
v -0.049189 -0.590975 0.073616
v 0.049188 -0.590975 -0.073616
v 0.073616 -0.590975 -0.049189
v 0.017273 -0.590975 -0.086836
v 0.086836 -0.590975 -0.017273
v -0.073616 -0.590975 0.049189
v 0.086836 -0.590975 0.017273
v -0.086836 -0.590975 0.017273
v 0.073616 -0.590975 0.049189
v -0.086836 -0.590975 -0.017273
v 0.049188 -0.590975 0.073616
v -0.073616 -0.590975 -0.049189
v 0.049188 -0.590975 0.073616
v 0.017273 -0.590975 0.086836
v -0.049189 -0.558103 0.073616
v -0.073616 -0.558103 0.049189
v 0.086836 -0.558103 -0.017273
v 0.086836 -0.558103 0.017273
v -0.086836 -0.558103 0.017273
v 0.073616 -0.558103 0.049189
v -0.086836 -0.558103 -0.017273
v 0.049188 -0.558103 0.073616
v -0.073616 -0.558103 -0.049189
v 0.049188 -0.558103 0.073616
v 0.017273 -0.558103 0.086836
v -0.017273 -0.558103 -0.086836
v 0.017273 -0.558103 -0.086836
v -0.049188 -0.558103 -0.073616
v 0.049188 -0.558103 -0.073616
v -0.017273 -0.558103 0.086836
v 0.073616 -0.558103 -0.049189
v -0.086836 -0.558103 -0.017273
v -0.086836 -0.558103 0.017273
v -0.068472 -0.552692 0.013620
v -0.068471 -0.552692 -0.013620
v 0.086836 -0.558103 0.017273
v 0.068472 -0.552692 0.013620
v 0.058047 -0.552692 0.038786
v 0.073616 -0.558103 0.049189
v 0.049188 -0.558103 0.073616
v 0.038786 -0.552692 0.058047
v -0.073616 -0.558103 -0.049189
v -0.058047 -0.552692 -0.038786
v 0.017273 -0.558103 0.086836
v 0.049188 -0.558103 0.073616
v 0.038786 -0.552692 0.058047
v 0.013620 -0.552692 0.068472
v 0.017273 -0.558103 -0.086836
v -0.017273 -0.558103 -0.086836
v -0.013620 -0.552692 -0.068472
v 0.013620 -0.552692 -0.068472
v -0.049188 -0.558103 -0.073616
v -0.038786 -0.552692 -0.058048
v 0.049188 -0.558103 -0.073616
v 0.038786 -0.552692 -0.058047
v -0.017273 -0.558103 0.086836
v -0.013620 -0.552692 0.068472
v 0.073616 -0.558103 -0.049189
v 0.058047 -0.552692 -0.038786
v -0.049189 -0.558103 0.073616
v -0.038786 -0.552692 0.058047
v 0.086836 -0.558103 -0.017273
v 0.068472 -0.552692 -0.013620
v -0.073616 -0.558103 0.049189
v -0.058047 -0.552692 0.038786
v -0.056202 -0.534342 -0.011179
v -0.047646 -0.534342 -0.031836
v 0.031836 -0.534342 0.047646
v 0.011179 -0.534342 0.056202
v -0.011179 -0.534342 -0.056202
v 0.011179 -0.534342 -0.056202
v -0.031836 -0.534342 -0.047646
v 0.031836 -0.534342 -0.047646
v -0.011179 -0.534342 0.056202
v 0.047646 -0.534342 -0.031836
v -0.031836 -0.534342 0.047646
v 0.056202 -0.534342 -0.011179
v -0.047646 -0.534342 0.031836
v 0.056202 -0.534342 0.011179
v -0.056202 -0.534342 0.011179
v 0.047646 -0.534342 0.031836
v 0.031836 -0.534342 0.047646
v 0.023437 -0.494747 0.035076
v 0.008230 -0.494747 0.041375
v 0.035076 -0.494747 0.023437
v 0.023437 -0.494747 0.035076
v -0.041375 -0.494747 0.008230
v -0.035076 -0.494747 0.023437
v -0.038861 -0.492279 0.025966
v -0.045840 -0.492279 0.009118
v -0.023437 -0.494747 0.035076
v -0.035076 -0.494747 0.023437
v -0.041375 -0.494747 -0.008230
v -0.035076 -0.494747 -0.023437
v -0.023437 -0.494747 -0.035076
v 0.035076 -0.494747 -0.023437
v 0.041375 -0.494747 -0.008230
v -0.008230 -0.494747 0.041375
v -0.008230 -0.494747 -0.041375
v 0.008230 -0.494747 -0.041375
v -0.041375 -0.494747 0.008230
v 0.041375 -0.494747 0.008230
v 0.023437 -0.494747 -0.035076
v 0.041375 -0.494747 0.008230
v 0.041375 -0.494747 -0.008230
v 0.045840 -0.492279 -0.009118
v 0.045840 -0.492279 0.009118
v -0.041375 -0.494747 -0.008230
v -0.045840 -0.492279 -0.009118
v -0.023437 -0.494747 0.035076
v -0.025966 -0.492279 0.038861
v 0.035076 -0.494747 -0.023437
v 0.023437 -0.494747 -0.035076
v 0.025966 -0.492279 -0.038861
v 0.038861 -0.492279 -0.025966
v 0.008230 -0.494747 -0.041375
v 0.009118 -0.492279 -0.045840
v -0.008230 -0.494747 0.041375
v -0.009118 -0.492279 0.045840
v -0.008230 -0.494747 -0.041375
v -0.023437 -0.494747 -0.035076
v -0.025966 -0.492279 -0.038861
v -0.009118 -0.492279 -0.045840
v 0.008230 -0.494747 0.041375
v 0.009118 -0.492279 0.045840
v -0.035076 -0.494747 -0.023437
v -0.038861 -0.492279 -0.025966
v 0.023437 -0.494747 0.035076
v 0.025966 -0.492279 0.038861
v 0.023437 -0.494747 0.035076
v 0.035076 -0.494747 0.023437
v 0.038861 -0.492279 0.025966
v 0.025966 -0.492279 0.038861
v 0.009118 -0.492279 0.045840
v 0.025966 -0.492279 0.038861
v 0.025966 -0.482054 0.038861
v 0.009118 -0.482054 0.045840
v -0.045840 -0.492279 0.009118
v -0.038861 -0.492279 0.025966
v -0.038861 -0.482054 0.025966
v -0.045840 -0.482054 0.009118
v 0.025966 -0.492279 0.038861
v 0.038861 -0.492279 0.025966
v 0.038861 -0.482054 0.025966
v 0.025966 -0.482054 0.038861
v -0.025966 -0.492279 0.038861
v -0.025966 -0.482054 0.038861
v 0.045840 -0.492279 0.009118
v 0.045840 -0.482054 0.009118
v -0.009118 -0.492279 0.045840
v -0.009118 -0.482054 0.045840
v 0.045840 -0.492279 -0.009118
v 0.045840 -0.482054 -0.009118
v 0.038861 -0.492279 -0.025966
v 0.038861 -0.482054 -0.025966
v 0.025966 -0.492279 -0.038861
v 0.025966 -0.482054 -0.038861
v -0.009118 -0.492279 -0.045840
v -0.025966 -0.492279 -0.038861
v -0.025966 -0.482054 -0.038861
v -0.009118 -0.482054 -0.045840
v 0.009118 -0.492279 -0.045840
v 0.009118 -0.482054 -0.045840
v -0.038861 -0.492279 -0.025966
v -0.038861 -0.482054 -0.025966
v -0.045840 -0.492279 -0.009118
v -0.045840 -0.482054 -0.009118
v 0.043037 -0.477118 -0.008561
v 0.043037 -0.477118 0.008561
v 0.008561 -0.477118 0.043037
v -0.008561 -0.477118 0.043037
v 0.036485 -0.477118 -0.024378
v 0.024378 -0.477118 0.036485
v 0.024378 -0.477118 -0.036485
v -0.024378 -0.477118 -0.036485
v -0.008560 -0.477118 -0.043037
v 0.036485 -0.477118 0.024378
v 0.024378 -0.477118 0.036485
v 0.008561 -0.477118 -0.043037
v -0.036485 -0.477118 -0.024379
v -0.043037 -0.477118 -0.008561
v -0.043037 -0.477118 0.008561
v -0.036485 -0.477118 0.024378
v -0.024378 -0.477118 0.036485
v 0.008561 0.472406 -0.043037
v 0.024378 0.472406 -0.036485
v -0.036485 0.472406 -0.024379
v -0.024378 0.472406 -0.036485
v 0.043037 0.472406 0.008561
v 0.036485 0.472406 0.024378
v 0.036485 0.472406 -0.024378
v -0.043037 0.472406 -0.008561
v 0.043037 0.472406 -0.008561
v -0.043037 0.472406 0.008561
v -0.008560 0.472406 -0.043037
v -0.036485 0.472406 0.024378
v -0.024378 0.472406 0.036485
v -0.008561 0.472406 0.043037
v 0.008561 0.472406 0.043037
v 0.024378 0.472406 0.036485
v 0.024378 0.472406 0.036485
v -0.030067 0.508582 -0.044999
v -0.010558 0.508582 -0.053080
v -0.044999 0.508582 0.030067
v -0.053080 0.508582 0.010558
v 0.010558 0.508582 -0.053080
v -0.044999 0.508582 -0.030067
v -0.030067 0.508582 0.044999
v -0.010558 0.508582 0.053080
v -0.053080 0.508582 -0.010558
v 0.010558 0.508582 0.053080
v 0.030067 0.508582 0.044999
v 0.044999 0.508582 0.030067
v 0.030067 0.508582 0.044999
v 0.053080 0.508582 0.010558
v 0.053080 0.508582 -0.010558
v 0.044999 0.508582 -0.030067
v 0.030067 0.508582 -0.044999
v -0.047892 0.516799 -0.009526
v -0.040601 0.516799 -0.027129
v 0.009526 0.516799 0.047892
v -0.009526 0.516799 0.047892
v -0.047892 0.516799 0.009526
v 0.027129 0.516799 0.040601
v -0.040601 0.516799 0.027129
v 0.040601 0.516799 0.027129
v 0.027129 0.516799 0.040601
v -0.027129 0.516799 0.040601
v 0.047892 0.516799 0.009526
v 0.047892 0.516799 -0.009526
v 0.040601 0.516799 -0.027129
v 0.027129 0.516799 -0.040601
v -0.027129 0.516799 -0.040601
v -0.009526 0.516799 -0.047892
v 0.009526 0.516799 -0.047892
v -0.040601 0.516799 0.027129
v -0.027129 0.516799 0.040601
v -0.030791 0.534004 0.046082
v -0.046082 0.534004 0.030791
v 0.040601 0.516799 0.027129
v 0.047892 0.516799 0.009526
v 0.054357 0.534004 0.010812
v 0.046082 0.534004 0.030791
v -0.009526 0.516799 0.047892
v -0.010812 0.534004 0.054357
v 0.047892 0.516799 -0.009526
v 0.054357 0.534004 -0.010812
v 0.009526 0.516799 0.047892
v 0.010812 0.534004 0.054357
v 0.040601 0.516799 -0.027129
v 0.046082 0.534004 -0.030791
v 0.027129 0.516799 0.040601
v 0.030791 0.534004 0.046082
v 0.027129 0.516799 -0.040601
v 0.030791 0.534004 -0.046082
v -0.009526 0.516799 -0.047892
v -0.027129 0.516799 -0.040601
v -0.030791 0.534004 -0.046082
v -0.010812 0.534004 -0.054357
v 0.027129 0.516799 0.040601
v 0.030791 0.534004 0.046082
v 0.009526 0.516799 -0.047892
v 0.010812 0.534004 -0.054357
v -0.040601 0.516799 -0.027129
v -0.046082 0.534004 -0.030791
v -0.047892 0.516799 -0.009526
v -0.054357 0.534004 -0.010812
v -0.047892 0.516799 0.009526
v -0.054357 0.534004 0.010812
v 0.010812 0.534004 0.054357
v 0.030791 0.534004 0.046082
v 0.036933 0.537156 0.055274
v 0.012969 0.537156 0.065200
v 0.046082 0.534004 -0.030791
v 0.030791 0.534004 -0.046082
v 0.036933 0.537156 -0.055274
v 0.055274 0.537156 -0.036933
v -0.010812 0.534004 -0.054357
v -0.030791 0.534004 -0.046082
v -0.036933 0.537156 -0.055274
v -0.012969 0.537156 -0.065200
v 0.030791 0.534004 0.046082
v 0.046082 0.534004 0.030791
v 0.055274 0.537156 0.036933
v 0.036933 0.537156 0.055274
v 0.010812 0.534004 -0.054357
v 0.012969 0.537156 -0.065200
v -0.046082 0.534004 -0.030791
v -0.055274 0.537156 -0.036933
v 0.054357 0.534004 0.010812
v 0.065200 0.537156 0.012969
v -0.054357 0.534004 -0.010812
v -0.065200 0.537156 -0.012969
v 0.054357 0.534004 -0.010812
v 0.065200 0.537156 -0.012969
v -0.054357 0.534004 0.010812
v -0.065200 0.537156 0.012969
v -0.046082 0.534004 0.030791
v -0.055274 0.537156 0.036933
v -0.030791 0.534004 0.046082
v -0.036933 0.537156 0.055274
v -0.010812 0.534004 0.054357
v -0.012969 0.537156 0.065200
v -0.055274 0.537156 -0.036933
v -0.065200 0.537156 -0.012969
v -0.065200 0.546363 -0.012969
v -0.055274 0.546363 -0.036933
v 0.065200 0.537156 0.012969
v 0.065200 0.537156 -0.012969
v 0.065200 0.546363 -0.012969
v 0.065200 0.546363 0.012969
v 0.036933 0.537156 -0.055274
v 0.012969 0.537156 -0.065200
v 0.012969 0.546363 -0.065200
v 0.036933 0.546363 -0.055274
v -0.065200 0.537156 0.012969
v -0.065200 0.546363 0.012969
v 0.055274 0.537156 -0.036933
v 0.055274 0.546363 -0.036933
v -0.012969 0.537156 -0.065200
v -0.036933 0.537156 -0.055274
v -0.036933 0.546363 -0.055274
v -0.012969 0.546363 -0.065200
v -0.055274 0.537156 0.036933
v -0.055274 0.546363 0.036933
v -0.036933 0.537156 0.055274
v -0.036933 0.546363 0.055274
v -0.012969 0.537156 0.065200
v -0.012969 0.546363 0.065200
v 0.012969 0.537156 0.065200
v 0.012969 0.546363 0.065200
v 0.036933 0.537156 0.055274
v 0.036933 0.546363 0.055274
v 0.036933 0.537156 0.055274
v 0.055274 0.537156 0.036933
v 0.055274 0.546363 0.036933
v 0.036933 0.546363 0.055274
v -0.055274 0.546363 0.036933
v -0.036933 0.546363 0.055274
v -0.033798 0.549563 0.050582
v -0.050582 0.549563 0.033798
v 0.012969 0.546363 -0.065200
v -0.012969 0.546363 -0.065200
v -0.011868 0.549563 -0.059666
v 0.011868 0.549563 -0.059666
v -0.012969 0.546363 0.065200
v -0.011868 0.549563 0.059666
v -0.055274 0.546363 -0.036933
v -0.065200 0.546363 -0.012969
v -0.059666 0.549563 -0.011868
v -0.050582 0.549563 -0.033798
v 0.012969 0.546363 0.065200
v 0.011868 0.549563 0.059666
v -0.065200 0.546363 0.012969
v -0.059666 0.549563 0.011868
v 0.036933 0.546363 0.055274
v 0.033798 0.549563 0.050582
v 0.036933 0.546363 0.055274
v 0.055274 0.546363 0.036933
v 0.050582 0.549563 0.033798
v 0.033798 0.549563 0.050582
v 0.065200 0.546363 0.012969
v 0.059666 0.549563 0.011868
v 0.065200 0.546363 -0.012969
v 0.059666 0.549563 -0.011868
v 0.055274 0.546363 -0.036933
v 0.050582 0.549563 -0.033798
v 0.036933 0.546363 -0.055274
v 0.033798 0.549563 -0.050582
v -0.036933 0.546363 -0.055274
v -0.033798 0.549563 -0.050583
v 0.011868 0.549563 0.059666
v 0.033798 0.549563 0.050582
v 0.035322 0.562435 0.052862
v 0.012403 0.562435 0.062355
v -0.059666 0.549563 0.011868
v -0.050582 0.549563 0.033798
v -0.052862 0.562435 0.035322
v -0.062355 0.562435 0.012403
v 0.033798 0.549563 0.050582
v 0.050582 0.549563 0.033798
v 0.052862 0.562435 0.035322
v 0.035322 0.562435 0.052862
v -0.033798 0.549563 0.050582
v -0.035322 0.562435 0.052862
v 0.059666 0.549563 0.011868
v 0.062355 0.562435 0.012403
v -0.011868 0.549563 0.059666
v -0.012403 0.562435 0.062355
v 0.059666 0.549563 -0.011868
v 0.062355 0.562435 -0.012403
v 0.050582 0.549563 -0.033798
v 0.052862 0.562435 -0.035322
v 0.033798 0.549563 -0.050582
v 0.035322 0.562435 -0.052862
v -0.011868 0.549563 -0.059666
v -0.033798 0.549563 -0.050583
v -0.035321 0.562435 -0.052863
v -0.012403 0.562435 -0.062356
v 0.011868 0.549563 -0.059666
v 0.012403 0.562435 -0.062356
v -0.050582 0.549563 -0.033798
v -0.052862 0.562435 -0.035322
v -0.059666 0.549563 -0.011868
v -0.062355 0.562435 -0.012403
v 0.070423 0.574413 -0.014008
v 0.070423 0.574413 0.014008
v 0.014008 0.574413 0.070423
v -0.014008 0.574413 0.070423
v 0.059702 0.574413 -0.039892
v 0.039892 0.574413 0.059702
v 0.039892 0.574413 -0.059702
v -0.039892 0.574413 -0.059702
v -0.014008 0.574413 -0.070423
v 0.059702 0.574413 0.039892
v 0.039892 0.574413 0.059702
v 0.014008 0.574413 -0.070423
v -0.059702 0.574413 -0.039892
v -0.070423 0.574413 -0.014008
v -0.070423 0.574413 0.014008
v -0.059702 0.574413 0.039892
v -0.039892 0.574413 0.059702
v 0.014024 0.583858 -0.070504
v 0.039937 0.583858 -0.059770
v -0.059770 0.583858 -0.039937
v -0.039937 0.583858 -0.059770
v 0.070504 0.583858 0.014024
v 0.059770 0.583858 0.039937
v 0.059770 0.583858 -0.039937
v -0.070503 0.583858 -0.014024
v 0.070504 0.583858 -0.014024
v -0.070504 0.583858 0.014024
v -0.014024 0.583858 -0.070504
v -0.059770 0.583858 0.039937
v -0.039937 0.583858 0.059770
v -0.014024 0.583858 0.070504
v 0.014024 0.583858 0.070504
v 0.039937 0.583858 0.059770
v 0.039937 0.583858 0.059770
v -0.014024 0.583858 -0.070504
v -0.039937 0.583858 -0.059770
v -0.027672 0.585197 -0.041415
v -0.009717 0.585197 -0.048852
v -0.070504 0.583858 0.014024
v -0.059770 0.583858 0.039937
v -0.041415 0.585197 0.027672
v -0.048852 0.585197 0.009717
v 0.014024 0.583858 -0.070504
v 0.009717 0.585197 -0.048852
v -0.059770 0.583858 -0.039937
v -0.041415 0.585197 -0.027672
v -0.039937 0.583858 0.059770
v -0.027672 0.585197 0.041415
v -0.014024 0.583858 0.070504
v -0.009717 0.585197 0.048852
v -0.070503 0.583858 -0.014024
v -0.048852 0.585197 -0.009717
v 0.014024 0.583858 0.070504
v 0.009717 0.585197 0.048852
v 0.039937 0.583858 0.059770
v 0.027672 0.585197 0.041415
v 0.039937 0.583858 0.059770
v 0.059770 0.583858 0.039937
v 0.041415 0.585197 0.027672
v 0.027672 0.585197 0.041415
v 0.070504 0.583858 0.014024
v 0.048852 0.585197 0.009717
v 0.070504 0.583858 -0.014024
v 0.048852 0.585197 -0.009717
v 0.059770 0.583858 -0.039937
v 0.041415 0.585197 -0.027672
v 0.039937 0.583858 -0.059770
v 0.027672 0.585197 -0.041415
v 0.041415 0.585197 -0.027672
v 0.027672 0.585197 -0.041415
v 0.032857 0.591465 -0.049174
v 0.049174 0.591465 -0.032857
v 0.009717 0.585197 -0.048852
v -0.009717 0.585197 -0.048852
v -0.011538 0.591465 -0.058005
v 0.011538 0.591465 -0.058005
v -0.027672 0.585197 0.041415
v -0.009717 0.585197 0.048852
v -0.011538 0.591465 0.058005
v -0.032857 0.591465 0.049174
v 0.009717 0.585197 0.048852
v 0.011538 0.591465 0.058005
v -0.027672 0.585197 -0.041415
v -0.032857 0.591465 -0.049174
v 0.027672 0.585197 0.041415
v 0.032857 0.591465 0.049174
v -0.041415 0.585197 -0.027672
v -0.049174 0.591465 -0.032857
v 0.027672 0.585197 0.041415
v 0.041415 0.585197 0.027672
v 0.049174 0.591465 0.032857
v 0.032857 0.591465 0.049174
v -0.048852 0.585197 -0.009717
v -0.058005 0.591465 -0.011538
v 0.048852 0.585197 0.009717
v 0.058005 0.591465 0.011538
v -0.048852 0.585197 0.009717
v -0.058005 0.591465 0.011538
v 0.048852 0.585197 -0.009717
v 0.058005 0.591465 -0.011538
v -0.041415 0.585197 0.027672
v -0.049174 0.591465 0.032857
v -0.070626 0.604081 0.014048
v -0.070626 0.604081 -0.014049
v 0.070626 0.604081 -0.014048
v 0.070626 0.604081 0.014048
v -0.059874 0.604081 0.040007
v 0.059874 0.604081 -0.040007
v -0.040006 0.604081 0.059874
v 0.040006 0.604081 -0.059874
v -0.014048 0.604081 -0.070626
v 0.014048 0.604081 -0.070626
v -0.014048 0.604081 0.070626
v 0.014048 0.604081 0.070626
v -0.040006 0.604081 -0.059874
v 0.040006 0.604081 0.059874
v -0.059874 0.604081 -0.040007
v 0.059874 0.604081 0.040007
v 0.040006 0.604081 0.059874
v 0.049867 0.632083 0.074632
v 0.017511 0.632083 0.088034
v -0.074632 0.632083 -0.049868
v -0.049867 0.632083 -0.074632
v 0.074632 0.632083 0.049867
v 0.049867 0.632083 0.074632
v -0.088034 0.632083 -0.017511
v 0.088034 0.632083 0.017511
v -0.088034 0.632083 0.017511
v 0.088034 0.632083 -0.017511
v -0.074632 0.632083 0.049867
v 0.074632 0.632083 -0.049867
v -0.049867 0.632083 0.074632
v 0.049867 0.632083 -0.074632
v -0.017511 0.632083 -0.088034
v 0.017511 0.632083 -0.088034
v -0.017511 0.632083 0.088034
v -0.020912 0.678145 -0.105133
v 0.020912 0.678145 -0.105133
v -0.020912 0.678145 0.105133
v -0.059553 0.678145 0.089128
v 0.059553 0.678145 -0.089128
v 0.020912 0.678145 0.105133
v -0.059553 0.678145 -0.089128
v 0.059553 0.678145 0.089128
v -0.089128 0.678145 -0.059553
v 0.089128 0.678145 0.059553
v 0.059553 0.678145 0.089128
v -0.105133 0.678145 -0.020912
v 0.105133 0.678145 0.020912
v -0.105133 0.678145 0.020912
v 0.105133 0.678145 -0.020912
v -0.089128 0.678145 0.059553
v 0.089128 0.678145 -0.059553
v 0.115212 0.732995 -0.022917
v 0.115212 0.732995 0.022917
v -0.097672 0.732995 0.065262
v -0.115212 0.732995 0.022917
v 0.097672 0.732995 -0.065263
v -0.065262 0.732995 0.097672
v 0.065262 0.732995 -0.097672
v -0.022917 0.732995 -0.115212
v 0.022917 0.732995 -0.115212
v -0.022917 0.732995 0.115212
v 0.022917 0.732995 0.115212
v -0.065262 0.732995 -0.097672
v 0.065262 0.732995 0.097672
v -0.097672 0.732995 -0.065263
v 0.097672 0.732995 0.065263
v 0.065262 0.732995 0.097672
v -0.115212 0.732995 -0.022917
v -0.098583 0.787835 -0.065871
v -0.065871 0.787835 -0.098583
v 0.098583 0.787835 0.065871
v 0.065871 0.787835 0.098583
v -0.116287 0.787835 -0.023131
v 0.116287 0.787835 0.023131
v -0.116287 0.787835 0.023131
v 0.116287 0.787835 -0.023131
v -0.098583 0.787835 0.065871
v 0.098583 0.787835 -0.065871
v -0.065871 0.787835 0.098583
v 0.065871 0.787835 -0.098583
v -0.023131 0.787835 -0.116287
v 0.023131 0.787835 -0.116287
v -0.023131 0.787835 0.116287
v 0.023131 0.787835 0.116287
v 0.065871 0.787835 0.098583
v -0.022004 0.851834 0.110621
v -0.062662 0.851834 0.093780
v 0.022004 0.851834 -0.110621
v 0.062662 0.851834 -0.093780
v 0.022004 0.851834 0.110621
v -0.062662 0.851834 -0.093780
v -0.022004 0.851834 -0.110621
v 0.062662 0.851834 0.093780
v -0.093780 0.851834 -0.062662
v 0.093780 0.851834 0.062662
v 0.062662 0.851834 0.093780
v -0.110621 0.851834 -0.022004
v 0.110621 0.851834 0.022004
v -0.110621 0.851834 0.022004
v 0.110621 0.851834 -0.022004
v -0.093780 0.851834 0.062662
v 0.093780 0.851834 -0.062662
v 0.110621 0.851834 0.022004
v 0.110621 0.851834 -0.022004
v 0.123627 0.859866 -0.024591
v 0.123627 0.859866 0.024591
v -0.110621 0.851834 0.022004
v -0.093780 0.851834 0.062662
v -0.104806 0.859866 0.070029
v -0.123627 0.859866 0.024591
v 0.093780 0.851834 -0.062662
v 0.104806 0.859866 -0.070029
v -0.062662 0.851834 0.093780
v -0.070029 0.859866 0.104806
v 0.062662 0.851834 -0.093780
v 0.070029 0.859866 -0.104806
v 0.022004 0.851834 -0.110621
v -0.022004 0.851834 -0.110621
v -0.024591 0.859866 -0.123627
v 0.024591 0.859866 -0.123627
v -0.022004 0.851834 0.110621
v -0.024591 0.859866 0.123627
v 0.022004 0.851834 0.110621
v 0.024591 0.859866 0.123627
v -0.062662 0.851834 -0.093780
v -0.070029 0.859866 -0.104806
v 0.062662 0.851834 0.093780
v 0.070029 0.859866 0.104806
v -0.093780 0.851834 -0.062662
v -0.104806 0.859866 -0.070029
v 0.062662 0.851834 0.093780
v 0.093780 0.851834 0.062662
v 0.104806 0.859866 0.070029
v 0.070029 0.859866 0.104806
v -0.110621 0.851834 -0.022004
v -0.123627 0.859866 -0.024591
v -0.070029 0.859866 -0.104806
v -0.104806 0.859866 -0.070029
v -0.104806 0.893504 -0.070029
v -0.070029 0.893504 -0.104806
v 0.070029 0.859866 0.104806
v 0.104806 0.859866 0.070029
v 0.104806 0.893504 0.070029
v 0.070029 0.893504 0.104806
v -0.123627 0.859866 -0.024591
v -0.123627 0.893504 -0.024591
v 0.123627 0.859866 0.024591
v 0.123627 0.893504 0.024591
v -0.123627 0.859866 0.024591
v -0.123627 0.893504 0.024591
v 0.123627 0.859866 -0.024591
v 0.123627 0.893504 -0.024591
v -0.104806 0.859866 0.070029
v -0.104806 0.893504 0.070029
v 0.104806 0.859866 -0.070029
v 0.104806 0.893504 -0.070029
v -0.070029 0.859866 0.104806
v -0.070029 0.893504 0.104806
v 0.070029 0.859866 -0.104806
v 0.070029 0.893504 -0.104806
v 0.024591 0.859866 -0.123627
v -0.024591 0.859866 -0.123627
v -0.024591 0.893504 -0.123627
v 0.024591 0.893504 -0.123627
v -0.024591 0.859866 0.123627
v -0.024591 0.893504 0.123627
v 0.024591 0.859866 0.123627
v 0.024591 0.893504 0.123627
v 0.070029 0.859866 0.104806
v 0.070029 0.893504 0.104806
v -0.070029 0.893504 0.104806
v -0.024591 0.893504 0.123627
v -0.021638 0.898620 0.108783
v -0.061621 0.898620 0.092222
v 0.070029 0.893504 -0.104806
v 0.024591 0.893504 -0.123627
v 0.021638 0.898620 -0.108783
v 0.061621 0.898620 -0.092222
v 0.024591 0.893504 0.123627
v 0.021638 0.898620 0.108783
v -0.024591 0.893504 -0.123627
v -0.070029 0.893504 -0.104806
v -0.061621 0.898620 -0.092222
v -0.021638 0.898620 -0.108783
v 0.070029 0.893504 0.104806
v 0.061621 0.898620 0.092222
v -0.104806 0.893504 -0.070029
v -0.092222 0.898620 -0.061621
v 0.070029 0.893504 0.104806
v 0.104806 0.893504 0.070029
v 0.092222 0.898620 0.061621
v 0.061621 0.898620 0.092222
v -0.123627 0.893504 -0.024591
v -0.108783 0.898620 -0.021639
v 0.123627 0.893504 0.024591
v 0.108783 0.898620 0.021638
v -0.123627 0.893504 0.024591
v -0.108783 0.898620 0.021638
v 0.123627 0.893504 -0.024591
v 0.108783 0.898620 -0.021638
v -0.104806 0.893504 0.070029
v -0.092222 0.898620 0.061621
v 0.104806 0.893504 -0.070029
v 0.092222 0.898620 -0.061621
v 0.094390 0.909854 -0.018775
v 0.094390 0.909854 0.018775
v -0.080020 0.909854 0.053467
v -0.094390 0.909854 0.018775
v 0.080020 0.909854 -0.053468
v -0.053468 0.909854 0.080020
v 0.053468 0.909854 -0.080020
v -0.018775 0.909854 -0.094390
v 0.018775 0.909854 -0.094390
v -0.018775 0.909854 0.094390
v 0.018775 0.909854 0.094390
v -0.053467 0.909854 -0.080020
v 0.053468 0.909854 0.080020
v -0.080020 0.909854 -0.053468
v 0.080020 0.909854 0.053468
v 0.053468 0.909854 0.080020
v -0.094390 0.909854 -0.018775
v 0.054363 0.913487 0.036324
v 0.036324 0.913487 0.054363
v -0.064125 0.913487 -0.012755
v -0.054363 0.913487 -0.036324
v 0.064125 0.913487 0.012755
v -0.064125 0.913487 0.012755
v 0.064125 0.913487 -0.012755
v -0.054363 0.913487 0.036324
v 0.054363 0.913487 -0.036324
v -0.036324 0.913487 0.054363
v 0.036324 0.913487 -0.054363
v -0.012755 0.913487 -0.064125
v 0.012755 0.913487 -0.064125
v -0.012755 0.913487 0.064125
v 0.012755 0.913487 0.064125
v -0.036324 0.913487 -0.054363
v 0.036324 0.913487 0.054363
v 0.036324 0.913487 -0.054363
v 0.012755 0.913487 -0.064125
v 0.010208 0.950727 -0.051318
v 0.029069 0.950727 -0.043505
v -0.012755 0.913487 0.064125
v 0.012755 0.913487 0.064125
v 0.010208 0.950727 0.051318
v -0.010208 0.950727 0.051318
v -0.012755 0.913487 -0.064125
v -0.036324 0.913487 -0.054363
v -0.029069 0.950727 -0.043505
v -0.010208 0.950727 -0.051318
v 0.036324 0.913487 0.054363
v 0.029069 0.950727 0.043505
v -0.054363 0.913487 -0.036324
v -0.043505 0.950727 -0.029069
v 0.036324 0.913487 0.054363
v 0.054363 0.913487 0.036324
v 0.043505 0.950727 0.029069
v 0.029069 0.950727 0.043505
v -0.064125 0.913487 -0.012755
v -0.051317 0.950727 -0.010208
v 0.064125 0.913487 0.012755
v 0.051318 0.950727 0.010208
v -0.064125 0.913487 0.012755
v -0.051318 0.950727 0.010208
v 0.064125 0.913487 -0.012755
v 0.051318 0.950727 -0.010208
v -0.054363 0.913487 0.036324
v -0.043505 0.950727 0.029069
v 0.054363 0.913487 -0.036324
v 0.043505 0.950727 -0.029069
v -0.036324 0.913487 0.054363
v -0.029069 0.950727 0.043505
v -0.051318 0.950727 0.010208
v -0.043505 0.950727 0.029069
v -0.023463 0.955268 0.015677
v -0.027676 0.955268 0.005505
v 0.051318 0.950727 -0.010208
v 0.043505 0.950727 -0.029069
v 0.023463 0.955268 -0.015677
v 0.027676 0.955268 -0.005505
v -0.029069 0.950727 0.043505
v -0.015677 0.955268 0.023463
v 0.029069 0.950727 -0.043505
v 0.015677 0.955268 -0.023463
v 0.010208 0.950727 -0.051318
v -0.010208 0.950727 -0.051318
v -0.005505 0.955268 -0.027676
v 0.005505 0.955268 -0.027676
v -0.010208 0.950727 0.051318
v -0.005505 0.955268 0.027676
v 0.010208 0.950727 0.051318
v 0.005505 0.955268 0.027676
v -0.029069 0.950727 -0.043505
v -0.015677 0.955268 -0.023463
v 0.029069 0.950727 0.043505
v 0.015677 0.955268 0.023463
v -0.043505 0.950727 -0.029069
v -0.023463 0.955268 -0.015677
v 0.029069 0.950727 0.043505
v 0.043505 0.950727 0.029069
v 0.023463 0.955268 0.015677
v 0.015677 0.955268 0.023463
v -0.051317 0.950727 -0.010208
v -0.027676 0.955268 -0.005505
v 0.051318 0.950727 0.010208
v 0.027676 0.955268 0.005505
v -0.023463 0.955268 -0.015677
v -0.015465 1.000000 -0.010333
v -0.010333 1.000000 -0.015465
v -0.015677 0.955268 -0.023463
v 0.015677 0.955268 0.023463
v 0.010333 1.000000 0.015465
v 0.003629 1.000000 0.018242
v 0.005505 0.955268 0.027676
v -0.003629 1.000000 -0.018242
v -0.005505 0.955268 -0.027676
v -0.003629 1.000000 0.018242
v -0.005505 0.955268 0.027676
v 0.005505 0.955268 -0.027676
v 0.003629 1.000000 -0.018242
v 0.010333 1.000000 -0.015465
v 0.015677 0.955268 -0.023463
v -0.010333 1.000000 0.015465
v -0.015677 0.955268 0.023463
v 0.015465 1.000000 -0.010333
v 0.023463 0.955268 -0.015677
v -0.015465 1.000000 0.010333
v -0.023463 0.955268 0.015677
v 0.018242 1.000000 -0.003629
v 0.027676 0.955268 -0.005505
v -0.018242 1.000000 0.003629
v -0.027676 0.955268 0.005505
v 0.018242 1.000000 0.003629
v 0.027676 0.955268 0.005505
v -0.018242 1.000000 -0.003629
v -0.027676 0.955268 -0.005505
v 0.015465 1.000000 0.010333
v 0.023463 0.955268 0.015677
v 0.010333 1.000000 0.015465
v 0.015677 0.955268 0.023463
v 0.011379 1.000000 -0.007219
v 0.018242 1.000000 -0.003629
v 0.015465 1.000000 -0.010333
v 0.010333 1.000000 -0.015465
v 0.001964 1.000000 -0.009873
v 0.003629 1.000000 -0.018242
v -0.007750 1.000000 -0.011024
v -0.003629 1.000000 -0.018242
v -0.015465 1.000000 -0.010333
v -0.010333 1.000000 -0.015465
v 0.010472 1.000000 0.002083
v 0.018242 1.000000 0.003629
v 0.000000 1.000000 -0.000000
v -0.010472 1.000000 -0.002083
v -0.018242 1.000000 -0.003629
v 0.007750 1.000000 0.011024
v 0.015465 1.000000 0.010333
v -0.001964 1.000000 0.009873
v -0.011379 1.000000 0.007219
v -0.018242 1.000000 0.003629
v 0.003629 1.000000 0.018242
v 0.010333 1.000000 0.015465
v -0.003629 1.000000 0.018242
v -0.010333 1.000000 0.015465
v -0.015465 1.000000 0.010333
v 0.131650 -1.000000 0.026187
v 0.071249 -1.000000 0.014172
v 0.111608 -1.000000 0.074574
v 0.052095 -1.000000 0.082117
v 0.074574 -1.000000 0.111608
v 0.026187 -1.000000 0.131650
v 0.015032 -1.000000 -0.075571
v 0.026187 -1.000000 -0.131650
v -0.000000 -1.000000 -0.000000
v -0.015032 -1.000000 0.075571
v -0.026187 -1.000000 0.131650
v -0.052095 -1.000000 -0.082117
v -0.026187 -1.000000 -0.131650
v -0.071249 -1.000000 -0.014172
v -0.079555 -1.000000 0.055930
v -0.074574 -1.000000 0.111608
v -0.111608 -1.000000 -0.074574
v -0.074574 -1.000000 -0.111608
v -0.131650 -1.000000 -0.026187
v -0.131650 -1.000000 0.026187
v -0.111608 -1.000000 0.074574
vn 0.4967 0.4481 -0.7433
vn 0.1744 0.4480 -0.8768
vn 0.1895 0.2369 -0.9529
vn 0.5398 0.2369 -0.8078
vn 0.5556 -0.0000 -0.8315
vn 0.8315 -0.0000 -0.5556
vn 0.8078 0.2369 -0.5398
vn 0.9808 -0.0000 -0.1951
vn 0.9529 0.2369 -0.1895
vn 0.9808 -0.0000 0.1951
vn 0.9529 0.2369 0.1895
vn 0.8315 -0.0000 0.5556
vn 0.8078 0.2369 0.5398
vn 0.5556 -0.0000 0.8315
vn 0.5397 0.2369 0.8078
vn 0.1951 -0.0000 0.9808
vn 0.1895 0.2369 0.9529
vn -0.1951 -0.0000 0.9808
vn -0.1895 0.2369 0.9529
vn -0.5556 -0.0000 0.8315
vn -0.5398 0.2369 0.8078
vn -0.8315 -0.0000 0.5556
vn -0.8078 0.2369 0.5398
vn -0.9808 -0.0000 0.1951
vn -0.9529 0.2369 0.1895
vn -0.9808 -0.0000 -0.1951
vn -0.9529 0.2369 -0.1895
vn -0.8315 -0.0000 -0.5556
vn -0.8078 0.2369 -0.5398
vn -0.5556 -0.0000 -0.8315
vn -0.5398 0.2369 -0.8078
vn -0.1951 -0.0000 -0.9808
vn -0.1895 0.2369 -0.9529
vn -0.5504 0.1363 0.8237
vn -0.1933 0.1363 0.9716
vn -0.1920 0.9806 -0.0382
vn -0.1920 0.9806 0.0382
vn -0.0000 -1.0000 -0.0000
vn 0.1088 0.9806 -0.1628
vn 0.0382 0.9806 -0.1920
vn 0.1088 0.9806 0.1628
vn 0.1628 0.9806 0.1088
vn -0.1628 0.9806 0.1088
vn -0.1088 0.9806 0.1628
vn -0.0382 0.9806 -0.1920
vn -0.1088 0.9806 -0.1628
vn 0.1920 0.9806 0.0382
vn 0.1920 0.9806 -0.0382
vn -0.1628 0.9806 -0.1088
vn 0.1628 0.9806 -0.1088
vn -0.0382 0.9806 0.1920
vn 0.0382 0.9806 0.1920
vn -0.1744 0.4480 -0.8768
vn 0.1951 -0.0000 -0.9808
vn -0.4967 0.4481 -0.7433
vn -0.7433 0.4481 -0.4967
vn -0.8768 0.4480 -0.1744
vn -0.8768 0.4480 0.1744
vn -0.7433 0.4481 0.4967
vn -0.4967 0.4481 0.7433
vn -0.1744 0.4480 0.8768
vn 0.1744 0.4480 0.8768
vn 0.4967 0.4480 0.7433
vn 0.4967 0.4481 0.7433
vn 0.7433 0.4481 0.4967
vn 0.8768 0.4480 0.1744
vn 0.8768 0.4480 -0.1744
vn 0.7433 0.4481 -0.4967
vn 0.9716 0.1363 -0.1933
vn 0.8237 0.1363 -0.5504
vn -0.8237 0.1363 0.5504
vn 0.9716 0.1363 0.1933
vn -0.9716 0.1363 0.1933
vn 0.8237 0.1363 0.5504
vn -0.9716 0.1363 -0.1933
vn 0.5504 0.1363 0.8237
vn -0.8237 0.1363 -0.5504
vn 0.1933 0.1363 0.9716
vn 0.1933 0.1363 -0.9716
vn -0.1933 0.1363 -0.9716
vn -0.5504 0.1363 -0.8237
vn 0.5504 0.1363 -0.8237
vn -0.0000 1.0000 -0.0000
vn -0.5142 -0.3785 -0.7696
vn -0.7696 -0.3785 -0.5142
vn 0.5142 -0.3785 0.7696
vn 0.1806 -0.3785 0.9078
vn 0.5142 -0.3785 -0.7696
vn 0.1806 -0.3785 -0.9078
vn -0.1806 -0.3785 0.9078
vn -0.1806 -0.3785 -0.9078
vn 0.7696 -0.3785 -0.5142
vn -0.5142 -0.3785 0.7696
vn 0.9078 -0.3785 -0.1806
vn -0.7696 -0.3785 0.5142
vn 0.9078 -0.3785 0.1806
vn -0.9078 -0.3785 0.1806
vn 0.7696 -0.3785 0.5142
vn -0.9078 -0.3785 -0.1806
vn -0.5208 -0.3480 -0.7795
vn -0.1829 -0.3480 -0.9195
vn -0.5208 -0.3480 0.7795
vn -0.1829 -0.3480 0.9195
vn 0.5208 -0.3480 -0.7795
vn 0.7795 -0.3480 -0.5208
vn 0.1829 -0.3480 -0.9195
vn 0.9195 -0.3480 -0.1829
vn -0.7795 -0.3480 0.5208
vn 0.9195 -0.3480 0.1829
vn -0.9195 -0.3480 0.1829
vn 0.7795 -0.3480 0.5208
vn -0.9195 -0.3480 -0.1829
vn 0.5209 -0.3480 0.7795
vn -0.7795 -0.3480 -0.5208
vn 0.1829 -0.3480 0.9195
vn 0.5208 -0.3480 0.7795
vn -0.5468 0.8302 -0.1088
vn -0.2723 0.9607 -0.0542
vn -0.2723 0.9607 0.0542
vn -0.5468 0.8302 0.1088
vn 0.2308 0.9607 0.1542
vn 0.2723 0.9607 0.0542
vn 0.5468 0.8302 0.1088
vn 0.4636 0.8302 0.3097
vn 0.3098 0.8302 0.4636
vn 0.1542 0.9607 0.2309
vn -0.4636 0.8302 -0.3097
vn -0.2308 0.9607 -0.1542
vn 0.1088 0.8302 0.5468
vn 0.0542 0.9607 0.2723
vn 0.1543 0.9607 0.2308
vn 0.1088 0.8302 -0.5468
vn 0.0542 0.9607 -0.2723
vn -0.0542 0.9607 -0.2723
vn -0.1088 0.8302 -0.5468
vn -0.3097 0.8302 -0.4636
vn -0.1542 0.9607 -0.2308
vn 0.3097 0.8302 -0.4636
vn 0.1542 0.9607 -0.2308
vn -0.1088 0.8302 0.5468
vn -0.0542 0.9607 0.2723
vn 0.4636 0.8302 -0.3097
vn 0.2308 0.9607 -0.1542
vn -0.3097 0.8302 0.4636
vn -0.1542 0.9607 0.2308
vn 0.5468 0.8302 -0.1088
vn 0.2723 0.9607 -0.0542
vn -0.4636 0.8302 0.3097
vn -0.2308 0.9607 0.1542
vn -0.8661 0.4692 -0.1723
vn -0.7343 0.4692 -0.4906
vn 0.1723 0.4692 0.8661
vn 0.4906 0.4692 0.7343
vn 0.1723 0.4692 -0.8661
vn -0.1723 0.4692 -0.8661
vn -0.4906 0.4692 -0.7343
vn 0.4906 0.4692 -0.7343
vn -0.1723 0.4692 0.8661
vn 0.7343 0.4692 -0.4906
vn -0.4906 0.4692 0.7343
vn 0.8661 0.4692 -0.1723
vn -0.7343 0.4692 0.4906
vn 0.8661 0.4692 0.1723
vn -0.8661 0.4692 0.1723
vn 0.7343 0.4692 0.4906
vn 0.5190 0.3567 0.7768
vn 0.1823 0.3567 0.9163
vn 0.7768 0.3567 0.5190
vn -0.4675 -0.8791 0.0930
vn -0.3963 -0.8791 0.2648
vn -0.5190 0.3567 0.7768
vn -0.7768 0.3567 0.5190
vn -0.9163 0.3567 -0.1823
vn -0.7768 0.3567 -0.5190
vn -0.5190 0.3567 -0.7768
vn 0.7768 0.3567 -0.5190
vn 0.9163 0.3567 -0.1823
vn -0.1823 0.3567 0.9163
vn -0.1823 0.3567 -0.9163
vn 0.1823 0.3567 -0.9163
vn -0.9163 0.3567 0.1823
vn 0.9163 0.3567 0.1823
vn 0.5190 0.3567 -0.7768
vn 0.4675 -0.8791 0.0930
vn 0.4675 -0.8791 -0.0930
vn -0.4675 -0.8791 -0.0930
vn -0.2648 -0.8791 0.3963
vn 0.3963 -0.8791 -0.2648
vn 0.2648 -0.8791 -0.3963
vn 0.0930 -0.8791 -0.4675
vn -0.0930 -0.8791 0.4675
vn -0.0930 -0.8791 -0.4675
vn -0.2648 -0.8791 -0.3963
vn 0.0930 -0.8791 0.4675
vn -0.3963 -0.8791 -0.2648
vn 0.2648 -0.8791 0.3963
vn 0.3963 -0.8791 0.2648
vn 0.1888 0.2517 0.9492
vn 0.5377 0.2517 0.8047
vn -0.9492 0.2517 0.1888
vn -0.8047 0.2517 0.5377
vn 0.8047 0.2517 0.5377
vn -0.5377 0.2517 0.8047
vn 0.9492 0.2517 0.1888
vn -0.1888 0.2517 0.9492
vn 0.9492 0.2517 -0.1888
vn 0.8047 0.2517 -0.5377
vn 0.5377 0.2517 -0.8047
vn -0.1888 0.2517 -0.9492
vn -0.5377 0.2517 -0.8047
vn 0.1888 0.2517 -0.9492
vn -0.8047 0.2517 -0.5377
vn -0.9492 0.2517 -0.1888
vn 0.9449 0.2679 0.1880
vn 0.9449 0.2679 -0.1880
vn -0.1880 0.2679 0.9449
vn 0.1880 0.2679 0.9449
vn 0.8011 0.2679 -0.5353
vn 0.5353 0.2679 0.8011
vn 0.5353 0.2679 -0.8011
vn -0.1880 0.2679 -0.9449
vn -0.5353 0.2679 -0.8011
vn 0.8011 0.2679 0.5353
vn 0.1880 0.2679 -0.9449
vn -0.8011 0.2679 -0.5353
vn -0.9449 0.2679 -0.1880
vn -0.9449 0.2679 0.1880
vn -0.8011 0.2679 0.5353
vn -0.5353 0.2679 0.8011
vn 0.5501 -0.1399 -0.8233
vn 0.1932 -0.1399 -0.9711
vn -0.5501 -0.1399 -0.8233
vn -0.8233 -0.1399 -0.5501
vn 0.8233 -0.1399 0.5501
vn 0.9711 -0.1399 0.1932
vn 0.8233 -0.1399 -0.5501
vn -0.9711 -0.1399 -0.1932
vn 0.9711 -0.1399 -0.1932
vn -0.9711 -0.1399 0.1932
vn -0.1932 -0.1399 -0.9711
vn -0.8233 -0.1399 0.5501
vn -0.5501 -0.1399 0.8233
vn -0.1932 -0.1399 0.9711
vn 0.1932 -0.1399 0.9711
vn 0.5501 -0.1399 0.8233
vn -0.1932 0.1406 -0.9710
vn -0.5501 0.1406 -0.8232
vn -0.9710 0.1406 0.1932
vn -0.8232 0.1406 0.5501
vn 0.1932 0.1406 -0.9710
vn -0.8232 0.1406 -0.5501
vn -0.5501 0.1406 0.8232
vn -0.1932 0.1406 0.9710
vn -0.9710 0.1406 -0.1932
vn 0.1932 0.1406 0.9710
vn 0.5501 0.1406 0.8232
vn 0.5500 0.1406 0.8232
vn 0.8232 0.1406 0.5501
vn 0.9710 0.1406 0.1932
vn 0.9710 0.1406 -0.1932
vn 0.8232 0.1406 -0.5501
vn 0.5501 0.1406 -0.8232
vn -0.6991 0.5413 -0.4672
vn -0.8247 0.5413 -0.1640
vn -0.1640 0.5413 0.8247
vn 0.1640 0.5413 0.8247
vn -0.8247 0.5413 0.1640
vn 0.4672 0.5412 0.6992
vn -0.6992 0.5413 0.4672
vn 0.6991 0.5413 0.4672
vn -0.4672 0.5413 0.6991
vn 0.8247 0.5413 0.1640
vn 0.8247 0.5413 -0.1640
vn 0.6991 0.5413 -0.4672
vn 0.4672 0.5413 -0.6991
vn -0.1640 0.5413 -0.8247
vn -0.4672 0.5413 -0.6991
vn 0.1640 0.5413 -0.8247
vn -0.7764 -0.3578 0.5188
vn -0.5188 -0.3578 0.7764
vn 0.7764 -0.3578 0.5188
vn 0.9159 -0.3578 0.1822
vn -0.1822 -0.3578 0.9159
vn 0.9159 -0.3578 -0.1822
vn 0.1822 -0.3578 0.9159
vn 0.7764 -0.3578 -0.5188
vn 0.5188 -0.3578 0.7764
vn 0.5188 -0.3578 -0.7764
vn -0.1822 -0.3578 -0.9159
vn -0.5188 -0.3578 -0.7764
vn 0.1822 -0.3578 -0.9159
vn -0.7764 -0.3578 -0.5188
vn -0.9159 -0.3578 -0.1822
vn -0.9159 -0.3578 0.1822
vn 0.0535 -0.9617 0.2689
vn 0.1523 -0.9617 0.2279
vn 0.2280 -0.9617 -0.1523
vn 0.1523 -0.9617 -0.2280
vn -0.0535 -0.9617 -0.2689
vn -0.1523 -0.9617 -0.2280
vn 0.1523 -0.9617 0.2280
vn 0.2280 -0.9617 0.1523
vn 0.0535 -0.9617 -0.2689
vn -0.2280 -0.9617 -0.1523
vn 0.2689 -0.9617 0.0535
vn -0.2689 -0.9617 -0.0535
vn 0.2689 -0.9617 -0.0535
vn -0.2689 -0.9617 0.0535
vn -0.2280 -0.9617 0.1523
vn -0.1523 -0.9617 0.2280
vn -0.0535 -0.9617 0.2689
vn -0.4102 0.8699 0.2741
vn -0.2741 0.8699 0.4102
vn 0.0962 0.8699 -0.4838
vn -0.0962 0.8699 -0.4838
vn -0.0962 0.8699 0.4838
vn -0.4102 0.8699 -0.2741
vn -0.4838 0.8699 -0.0962
vn 0.0962 0.8699 0.4838
vn -0.4838 0.8699 0.0962
vn 0.2741 0.8698 0.4103
vn 0.2741 0.8698 0.4102
vn 0.4102 0.8699 0.2741
vn 0.4838 0.8699 0.0962
vn 0.4838 0.8699 -0.0962
vn 0.4102 0.8699 -0.2741
vn 0.2741 0.8699 -0.4102
vn -0.2741 0.8699 -0.4102
vn 0.1785 -0.4038 0.8973
vn 0.1908 -0.2084 0.9593
vn 0.5434 -0.2084 0.8132
vn 0.5083 -0.4038 0.7606
vn -0.8973 -0.4038 0.1785
vn -0.9593 -0.2084 0.1908
vn -0.8132 -0.2084 0.5434
vn -0.7607 -0.4038 0.5083
vn 0.8132 -0.2084 0.5434
vn 0.7607 -0.4038 0.5083
vn -0.5434 -0.2084 0.8132
vn -0.5083 -0.4038 0.7607
vn 0.9593 -0.2084 0.1908
vn 0.8972 -0.4038 0.1785
vn -0.1908 -0.2084 0.9593
vn -0.1785 -0.4038 0.8973
vn 0.9593 -0.2084 -0.1908
vn 0.8973 -0.4038 -0.1785
vn 0.8132 -0.2084 -0.5434
vn 0.7607 -0.4038 -0.5083
vn 0.5434 -0.2084 -0.8132
vn 0.5083 -0.4038 -0.7607
vn -0.1785 -0.4038 -0.8973
vn -0.1908 -0.2084 -0.9593
vn -0.5434 -0.2084 -0.8132
vn -0.5083 -0.4038 -0.7607
vn 0.1908 -0.2084 -0.9593
vn 0.1785 -0.4038 -0.8972
vn -0.8132 -0.2084 -0.5434
vn -0.7607 -0.4038 -0.5083
vn -0.9593 -0.2084 -0.1908
vn -0.8973 -0.4038 -0.1785
vn 0.9385 -0.2906 0.1867
vn 0.9385 -0.2906 -0.1867
vn -0.1867 -0.2906 0.9385
vn 0.1867 -0.2906 0.9385
vn 0.7956 -0.2906 -0.5316
vn 0.5316 -0.2906 0.7956
vn 0.5316 -0.2906 -0.7956
vn -0.1867 -0.2906 -0.9385
vn -0.5316 -0.2906 -0.7956
vn 0.7956 -0.2906 0.5316
vn 0.1867 -0.2906 -0.9385
vn -0.7956 -0.2906 -0.5316
vn -0.9385 -0.2906 -0.1867
vn -0.9385 -0.2906 0.1867
vn -0.7956 -0.2906 0.5316
vn -0.5316 -0.2906 0.7956
vn 0.5555 -0.0087 -0.8314
vn 0.1951 -0.0087 -0.9807
vn -0.5555 -0.0087 -0.8314
vn -0.8314 -0.0087 -0.5556
vn 0.8314 -0.0087 0.5555
vn 0.9807 -0.0087 0.1951
vn 0.8314 -0.0087 -0.5555
vn -0.9807 -0.0087 -0.1951
vn 0.9807 -0.0087 -0.1951
vn -0.9807 -0.0087 0.1951
vn -0.1951 -0.0087 -0.9807
vn -0.8314 -0.0087 0.5555
vn -0.5555 -0.0087 0.8314
vn -0.1951 -0.0087 0.9807
vn 0.1951 -0.0087 0.9807
vn 0.5556 -0.0086 0.8314
vn 0.5555 -0.0087 0.8314
vn -0.0118 0.9982 -0.0594
vn -0.0336 0.9982 -0.0503
vn -0.0594 0.9982 0.0118
vn -0.0503 0.9982 0.0336
vn 0.0118 0.9982 -0.0594
vn -0.0503 0.9982 -0.0336
vn -0.0336 0.9982 0.0503
vn -0.0118 0.9982 0.0594
vn -0.0594 0.9982 -0.0118
vn 0.0118 0.9982 0.0594
vn 0.0336 0.9982 0.0503
vn 0.0503 0.9982 0.0336
vn 0.0594 0.9982 0.0118
vn 0.0594 0.9982 -0.0118
vn 0.0503 0.9982 -0.0336
vn 0.0336 0.9982 -0.0503
vn 0.5307 -0.7698 -0.3546
vn 0.4636 -0.8301 -0.3098
vn 0.3098 -0.8301 -0.4636
vn 0.3546 -0.7698 -0.5307
vn 0.1245 -0.7698 -0.6260
vn 0.1088 -0.8301 -0.5469
vn -0.1088 -0.8301 -0.5468
vn -0.1245 -0.7698 -0.6260
vn -0.3546 -0.7698 0.5307
vn -0.3098 -0.8301 0.4636
vn -0.1088 -0.8301 0.5469
vn -0.1245 -0.7698 0.6260
vn 0.1088 -0.8301 0.5469
vn 0.1245 -0.7698 0.6260
vn -0.3098 -0.8301 -0.4636
vn -0.3546 -0.7698 -0.5307
vn 0.3098 -0.8301 0.4636
vn 0.3546 -0.7698 0.5307
vn -0.4636 -0.8301 -0.3098
vn -0.5307 -0.7698 -0.3546
vn 0.4636 -0.8301 0.3098
vn 0.5307 -0.7698 0.3546
vn -0.5469 -0.8301 -0.1088
vn -0.6260 -0.7698 -0.1245
vn 0.5469 -0.8301 0.1088
vn 0.6260 -0.7698 0.1245
vn -0.5469 -0.8301 0.1088
vn -0.6260 -0.7698 0.1245
vn 0.5469 -0.8301 -0.1088
vn 0.6260 -0.7698 -0.1245
vn -0.4636 -0.8301 0.3098
vn -0.5307 -0.7698 0.3546
vn -0.7680 -0.6220 -0.1528
vn -0.7680 -0.6220 0.1528
vn 0.7680 -0.6220 0.1528
vn 0.7680 -0.6220 -0.1528
vn -0.6511 -0.6220 0.4350
vn 0.6511 -0.6220 -0.4350
vn -0.4350 -0.6220 0.6511
vn 0.4350 -0.6220 -0.6511
vn 0.1528 -0.6220 -0.7680
vn -0.1528 -0.6220 -0.7680
vn -0.1528 -0.6220 0.7680
vn 0.1528 -0.6220 0.7680
vn -0.4350 -0.6220 -0.6511
vn 0.4350 -0.6220 0.6511
vn -0.6511 -0.6220 -0.4350
vn 0.6511 -0.6220 0.4350
vn 0.1750 -0.4420 0.8798
vn 0.4983 -0.4420 0.7458
vn -0.4983 -0.4420 -0.7458
vn -0.7458 -0.4420 -0.4984
vn 0.4984 -0.4420 0.7458
vn 0.7458 -0.4420 0.4984
vn -0.8798 -0.4420 -0.1750
vn 0.8798 -0.4420 0.1750
vn -0.8798 -0.4420 0.1750
vn 0.8798 -0.4420 -0.1750
vn -0.7458 -0.4420 0.4984
vn 0.7458 -0.4420 -0.4984
vn -0.4984 -0.4420 0.7458
vn 0.4984 -0.4420 -0.7458
vn 0.1750 -0.4420 -0.8798
vn -0.1750 -0.4420 -0.8798
vn -0.1750 -0.4420 0.8798
vn 0.1880 -0.2673 -0.9451
vn -0.1880 -0.2673 -0.9451
vn -0.5354 -0.2673 0.8012
vn -0.1880 -0.2673 0.9451
vn 0.5354 -0.2673 -0.8012
vn 0.1880 -0.2673 0.9451
vn -0.5353 -0.2673 -0.8012
vn 0.5354 -0.2673 0.8012
vn -0.8012 -0.2673 -0.5354
vn 0.5353 -0.2673 0.8012
vn 0.8012 -0.2673 0.5353
vn -0.9451 -0.2673 -0.1880
vn 0.9451 -0.2673 0.1880
vn -0.9451 -0.2673 0.1880
vn 0.9451 -0.2673 -0.1880
vn -0.8012 -0.2673 0.5353
vn 0.8012 -0.2673 -0.5353
vn 0.9757 -0.1014 0.1941
vn 0.9757 -0.1014 -0.1941
vn -0.9757 -0.1014 0.1941
vn -0.8272 -0.1014 0.5527
vn 0.8272 -0.1014 -0.5527
vn -0.5527 -0.1014 0.8272
vn 0.5527 -0.1014 -0.8272
vn 0.1941 -0.1014 -0.9757
vn -0.1941 -0.1014 -0.9757
vn -0.1941 -0.1014 0.9757
vn 0.1941 -0.1014 0.9757
vn -0.5527 -0.1014 -0.8272
vn 0.5527 -0.1014 0.8272
vn -0.8272 -0.1014 -0.5527
vn 0.8272 -0.1014 0.5527
vn -0.9757 -0.1014 -0.1941
vn -0.5552 0.0348 -0.8310
vn -0.8310 0.0348 -0.5552
vn 0.5552 0.0348 0.8310
vn 0.8310 0.0348 0.5552
vn -0.9802 0.0348 -0.1950
vn 0.9802 0.0348 0.1950
vn -0.9802 0.0348 0.1950
vn 0.9802 0.0348 -0.1950
vn -0.8310 0.0348 0.5552
vn 0.8310 0.0348 -0.5552
vn -0.5552 0.0348 0.8310
vn 0.5552 0.0348 -0.8310
vn 0.1950 0.0348 -0.9802
vn -0.1950 0.0348 -0.9802
vn -0.1950 0.0348 0.9802
vn 0.1950 0.0348 0.9802
vn 0.5553 0.0348 0.8310
vn -0.5533 0.0899 0.8281
vn -0.1943 0.0899 0.9768
vn 0.5533 0.0899 -0.8281
vn 0.1943 0.0899 -0.9768
vn 0.1943 0.0899 0.9768
vn -0.1943 0.0899 -0.9768
vn -0.5533 0.0899 -0.8281
vn 0.5533 0.0899 0.8281
vn -0.8281 0.0899 -0.5533
vn 0.8281 0.0899 0.5533
vn -0.9768 0.0899 -0.1943
vn 0.9768 0.0899 0.1943
vn -0.9768 0.0899 0.1943
vn 0.9768 0.0899 -0.1943
vn -0.8281 0.0899 0.5533
vn 0.8281 0.0899 -0.5533
vn 0.5081 -0.8553 0.1011
vn 0.5081 -0.8553 -0.1011
vn -0.5081 -0.8553 0.1011
vn -0.4308 -0.8553 0.2878
vn 0.4308 -0.8553 -0.2878
vn -0.2878 -0.8553 0.4308
vn 0.2878 -0.8553 -0.4308
vn 0.1011 -0.8553 -0.5081
vn -0.1011 -0.8553 -0.5081
vn -0.1011 -0.8553 0.5081
vn 0.1011 -0.8553 0.5081
vn -0.2878 -0.8553 -0.4308
vn 0.2878 -0.8553 0.4308
vn -0.4308 -0.8553 -0.2878
vn 0.2878 -0.8553 0.4307
vn 0.4308 -0.8553 0.2878
vn -0.5081 -0.8553 -0.1011
vn -0.2523 0.8909 0.3776
vn -0.1779 0.9473 0.2663
vn -0.0625 0.9473 0.3141
vn -0.0886 0.8909 0.4455
vn 0.2523 0.8909 -0.3776
vn 0.1779 0.9473 -0.2663
vn 0.0625 0.9473 -0.3141
vn 0.0886 0.8909 -0.4455
vn 0.0625 0.9473 0.3141
vn 0.0886 0.8909 0.4455
vn -0.0886 0.8909 -0.4455
vn -0.0625 0.9473 -0.3141
vn -0.1779 0.9473 -0.2663
vn -0.2523 0.8909 -0.3776
vn 0.1779 0.9473 0.2663
vn 0.2523 0.8909 0.3776
vn -0.2663 0.9473 -0.1779
vn -0.3776 0.8909 -0.2523
vn 0.2663 0.9473 0.1779
vn 0.3776 0.8909 0.2523
vn -0.3141 0.9473 -0.0625
vn -0.4455 0.8909 -0.0886
vn 0.3141 0.9473 0.0625
vn 0.4455 0.8909 0.0886
vn -0.3141 0.9473 0.0625
vn -0.4455 0.8909 0.0886
vn 0.3141 0.9473 -0.0625
vn 0.4455 0.8909 -0.0886
vn -0.2663 0.9473 0.1779
vn -0.3776 0.8909 0.2523
vn 0.2663 0.9473 -0.1779
vn 0.3776 0.8909 -0.2523
vn 0.3958 0.9150 0.0787
vn 0.3958 0.9150 -0.0787
vn -0.3958 0.9150 0.0787
vn -0.3355 0.9150 0.2242
vn 0.3355 0.9150 -0.2242
vn -0.2242 0.9150 0.3355
vn 0.2242 0.9150 -0.3355
vn 0.0787 0.9150 -0.3958
vn -0.0787 0.9150 -0.3958
vn -0.0787 0.9150 0.3958
vn 0.0787 0.9150 0.3958
vn -0.2242 0.9150 -0.3355
vn 0.2242 0.9150 0.3355
vn -0.3355 0.9150 -0.2242
vn 0.3355 0.9150 0.2242
vn -0.3958 0.9150 -0.0787
vn 0.0650 0.9931 0.0972
vn 0.0972 0.9931 0.0650
vn -0.0972 0.9931 -0.0650
vn -0.1147 0.9931 -0.0228
vn 0.1147 0.9931 0.0228
vn -0.1147 0.9931 0.0228
vn 0.1147 0.9931 -0.0228
vn -0.0972 0.9931 0.0650
vn 0.0972 0.9931 -0.0650
vn -0.0650 0.9931 0.0972
vn 0.0650 0.9931 -0.0972
vn 0.0228 0.9931 -0.1147
vn -0.0228 0.9931 -0.1147
vn -0.0228 0.9931 0.1147
vn 0.0228 0.9931 0.1147
vn -0.0650 0.9931 -0.0972
vn 0.5243 0.3309 -0.7846
vn 0.1841 0.3309 -0.9255
vn -0.1841 0.3309 0.9255
vn 0.1841 0.3309 0.9255
vn -0.1841 0.3309 -0.9255
vn -0.5243 0.3309 -0.7846
vn 0.5243 0.3309 0.7846
vn -0.7846 0.3309 -0.5243
vn 0.7846 0.3309 0.5243
vn -0.9255 0.3309 -0.1841
vn 0.9255 0.3309 0.1841
vn -0.9255 0.3309 0.1841
vn 0.9255 0.3309 -0.1841
vn -0.7846 0.3309 0.5243
vn 0.7846 0.3309 -0.5243
vn -0.5243 0.3309 0.7846
vn -0.1816 0.9827 0.0361
vn -0.1539 0.9827 0.1029
vn 0.1816 0.9827 -0.0361
vn 0.1539 0.9827 -0.1029
vn -0.1029 0.9827 0.1539
vn 0.1029 0.9827 -0.1539
vn 0.0361 0.9827 -0.1816
vn -0.0361 0.9827 -0.1816
vn -0.0361 0.9827 0.1816
vn 0.0361 0.9827 0.1816
vn -0.1029 0.9827 -0.1539
vn 0.1029 0.9827 0.1539
vn -0.1539 0.9827 -0.1029
vn 0.1539 0.9827 0.1029
vn -0.1816 0.9827 -0.0361
vn 0.1816 0.9827 0.0361
vn -0.5432 0.2102 -0.8129
vn -0.8129 0.2102 -0.5432
vn 0.1907 0.2102 0.9589
vn 0.5432 0.2102 0.8129
vn -0.1907 0.2102 -0.9589
vn -0.1907 0.2102 0.9589
vn 0.5432 0.2102 -0.8129
vn 0.1907 0.2102 -0.9589
vn -0.5432 0.2102 0.8129
vn 0.8129 0.2102 -0.5432
vn -0.8129 0.2102 0.5432
vn 0.9589 0.2102 -0.1907
vn -0.9589 0.2102 0.1907
vn 0.9589 0.2102 0.1907
vn -0.9589 0.2102 -0.1907
vn 0.8129 0.2102 0.5432
vn 0.5431 0.2102 0.8129
vt 0.016509 0.446603
vt 0.014470 0.484251
vt 0.024195 0.484428
vt 0.026248 0.447459
vt 0.055773 0.450237
vt 0.059614 0.415050
vt 0.030349 0.410333
vt 0.066164 0.379713
vt 0.036990 0.372822
vt 0.075496 0.344723
vt 0.046864 0.335241
vt 0.087949 0.310418
vt 0.060549 0.298329
vt 0.105314 0.276331
vt 0.077849 0.263402
vt 0.097113 0.834226
vt 0.122923 0.818462
vt 0.103995 0.788536
vt 0.077785 0.801924
vt 0.089629 0.757088
vt 0.062354 0.767356
vt 0.078188 0.723964
vt 0.050551 0.731673
vt 0.070296 0.690033
vt 0.042098 0.695796
vt 0.063494 0.656145
vt 0.035839 0.660228
vt 0.059365 0.622211
vt 0.031503 0.625214
vt 0.055794 0.588741
vt 0.028219 0.590634
vt 0.053625 0.554848
vt 0.025924 0.555891
vt 0.052455 0.520430
vt 0.024525 0.520754
vt 0.099812 0.717536
vt 0.109610 0.748969
vt 0.151364 0.733813
vt 0.143749 0.705302
vt 0.085684 0.652418
vt 0.079595 0.619596
vt 0.533833 0.290917
vt 0.527731 0.305648
vt 0.527731 0.321592
vt 0.538919 0.307157
vt 0.053280 0.485339
vt 0.076264 0.486188
vt 0.076858 0.452029
vt 0.123502 0.290410
vt 0.108677 0.319292
vt 0.090603 0.685574
vt 0.074679 0.519932
vt 0.075224 0.553341
vt 0.096968 0.351103
vt 0.088120 0.384212
vt 0.077014 0.586511
vt 0.081636 0.417993
vt 0.121841 0.778704
vt 0.137205 0.804910
vt 0.015361 0.521005
vt 0.016812 0.556320
vt 0.019166 0.591300
vt 0.022402 0.626142
vt 0.026608 0.661542
vt 0.032714 0.697646
vt 0.041134 0.734271
vt 0.053054 0.770877
vt 0.068799 0.806553
vt 0.088956 0.840147
vt 0.069175 0.258099
vt 0.051068 0.294169
vt 0.037059 0.332101
vt 0.027120 0.370620
vt 0.020554 0.408881
vt 0.134978 0.395095
vt 0.129588 0.425837
vt 0.136930 0.675636
vt 0.141956 0.365188
vt 0.131326 0.644721
vt 0.150583 0.336193
vt 0.127396 0.613667
vt 0.161931 0.308063
vt 0.124365 0.583146
vt 0.161008 0.760686
vt 0.173127 0.786305
vt 0.123574 0.488737
vt 0.122572 0.520362
vt 0.122828 0.551885
vt 0.125789 0.457100
vt 0.143164 0.642768
vt 0.137871 0.612345
vt 0.171180 0.313435
vt 0.160852 0.339730
vt 0.135540 0.582139
vt 0.169997 0.756750
vt 0.180506 0.781193
vt 0.135005 0.489049
vt 0.133996 0.520237
vt 0.134187 0.551335
vt 0.137163 0.457971
vt 0.161305 0.730450
vt 0.140791 0.427264
vt 0.154182 0.702489
vt 0.145912 0.397128
vt 0.147915 0.673275
vt 0.152524 0.367861
vt 0.396328 0.543358
vt 0.397253 0.566060
vt 0.434648 0.736491
vt 0.426898 0.708584
vt 0.399451 0.473481
vt 0.397040 0.496758
vt 0.419100 0.682849
vt 0.395616 0.520233
vt 0.402064 0.449459
vt 0.412381 0.658688
vt 0.406924 0.424811
vt 0.407077 0.635160
vt 0.412759 0.399646
vt 0.402674 0.611931
vt 0.419394 0.373718
vt 0.399388 0.588903
vt 0.424861 0.346568
vt 0.403810 0.543111
vt 0.403981 0.520421
vt 0.420516 0.656507
vt 0.427584 0.680152
vt 0.407188 0.474377
vt 0.410809 0.450915
vt 0.405074 0.497329
vt 0.415526 0.426629
vt 0.415109 0.633365
vt 0.421592 0.401814
vt 0.410591 0.610484
vt 0.428584 0.375804
vt 0.407255 0.587880
vt 0.434798 0.346978
vt 0.405057 0.565407
vt 0.436249 0.705414
vt 0.445873 0.734757
vt 0.442004 0.650447
vt 0.436408 0.628570
vt 0.444418 0.409295
vt 0.437738 0.432754
vt 0.431648 0.607294
vt 0.453709 0.384555
vt 0.428192 0.585869
vt 0.466517 0.355623
vt 0.425932 0.564488
vt 0.460536 0.695896
vt 0.475693 0.721392
vt 0.426276 0.499747
vt 0.424996 0.521586
vt 0.424871 0.543156
vt 0.428783 0.477804
vt 0.450055 0.672798
vt 0.432565 0.455546
vt 0.441692 0.583763
vt 0.445101 0.604429
vt 0.459883 0.414592
vt 0.468926 0.391589
vt 0.483062 0.368047
vt 0.439431 0.563153
vt 0.474309 0.687936
vt 0.488688 0.708536
vt 0.440132 0.500769
vt 0.438714 0.521805
vt 0.438469 0.542617
vt 0.442795 0.479606
vt 0.463846 0.666726
vt 0.446784 0.458238
vt 0.455778 0.645743
vt 0.452312 0.436567
vt 0.449785 0.624977
vt 0.459954 0.581163
vt 0.457387 0.561703
vt 0.491711 0.676718
vt 0.504566 0.694119
vt 0.458725 0.502343
vt 0.457156 0.522273
vt 0.456725 0.542051
vt 0.461544 0.482298
vt 0.481575 0.658111
vt 0.465676 0.462228
vt 0.473657 0.639042
vt 0.471365 0.442118
vt 0.467620 0.619815
vt 0.478947 0.422040
vt 0.463072 0.600547
vt 0.488749 0.401893
vt 0.501685 0.382518
vt 0.536427 0.666374
vt 0.526599 0.653505
vt 0.526252 0.425441
vt 0.536427 0.411205
vt 0.031056 0.170393
vt 0.026709 0.170368
vt 0.026584 0.184687
vt 0.030914 0.184729
vt 0.511950 0.624317
vt 0.506713 0.608714
vt 0.500166 0.575747
vt 0.498190 0.559011
vt 0.498018 0.541992
vt 0.506517 0.473140
vt 0.511348 0.456577
vt 0.518583 0.639273
vt 0.498902 0.524771
vt 0.500808 0.507432
vt 0.503205 0.592304
vt 0.518101 0.440740
vt 0.503051 0.490125
vt 0.031426 0.041300
vt 0.027165 0.041417
vt 0.027311 0.055526
vt 0.031610 0.055489
vt 0.031160 0.156020
vt 0.026803 0.156004
vt 0.026382 0.198934
vt 0.030691 0.199013
vt 0.031633 0.069747
vt 0.027307 0.069752
vt 0.027241 0.084058
vt 0.031585 0.084067
vt 0.027153 0.098416
vt 0.031509 0.098430
vt 0.026018 0.213093
vt 0.030317 0.213244
vt 0.031423 0.112820
vt 0.027060 0.112805
vt 0.026971 0.127208
vt 0.031336 0.127222
vt 0.025317 0.227214
vt 0.029698 0.227547
vt 0.026887 0.141611
vt 0.031250 0.141626
vt 0.023610 0.241681
vt 0.028200 0.242964
vt 0.029074 0.012211
vt 0.024844 0.013522
vt 0.026641 0.027482
vt 0.030822 0.027141
vt 0.037876 0.228176
vt 0.037418 0.243340
vt 0.039268 0.170633
vt 0.039105 0.185006
vt 0.038361 0.011358
vt 0.039050 0.026827
vt 0.038856 0.199363
vt 0.039557 0.041278
vt 0.038458 0.213723
vt 0.039758 0.055591
vt 0.039810 0.069912
vt 0.039788 0.084262
vt 0.039654 0.113032
vt 0.039571 0.127436
vt 0.039729 0.098638
vt 0.039483 0.141842
vt 0.039386 0.156243
vt 0.044199 0.041167
vt 0.044375 0.055538
vt 0.043091 0.213870
vt 0.042513 0.228327
vt 0.044431 0.069893
vt 0.042187 0.242945
vt 0.044416 0.084260
vt 0.044294 0.113043
vt 0.044213 0.127449
vt 0.043492 0.011688
vt 0.043862 0.026651
vt 0.044364 0.098645
vt 0.044125 0.141857
vt 0.044025 0.156263
vt 0.043903 0.170663
vt 0.043736 0.185058
vt 0.043485 0.199454
vt 0.861135 0.087959
vt 0.861177 0.102368
vt 0.861134 0.131242
vt 0.861061 0.145705
vt 0.860009 0.030903
vt 0.860507 0.045009
vt 0.861028 0.073580
vt 0.860950 0.160186
vt 0.860831 0.059252
vt 0.860788 0.174684
vt 0.861173 0.116797
vt 0.860552 0.189191
vt 0.860211 0.203689
vt 0.859721 0.218144
vt 0.859020 0.232498
vt 0.858094 0.246850
vt 0.859251 0.017212
vt 0.889954 0.116836
vt 0.889952 0.131350
vt 0.889850 0.175099
vt 0.889725 0.189851
vt 0.889937 0.102311
vt 0.889939 0.145879
vt 0.889487 0.204736
vt 0.889069 0.219786
vt 0.889910 0.160452
vt 0.888456 0.235001
vt 0.887830 0.250715
vt 0.887227 0.013085
vt 0.888148 0.028710
vt 0.888989 0.043670
vt 0.889481 0.058451
vt 0.889747 0.073139
vt 0.889880 0.087753
vt 0.897024 0.145842
vt 0.897026 0.160423
vt 0.896435 0.220001
vt 0.895726 0.235287
vt 0.897012 0.175091
vt 0.894977 0.250173
vt 0.896950 0.189885
vt 0.894875 0.013546
vt 0.895652 0.028284
vt 0.896787 0.204842
vt 0.896281 0.043324
vt 0.896686 0.058233
vt 0.896897 0.073007
vt 0.896990 0.087671
vt 0.897024 0.116793
vt 0.897022 0.131310
vt 0.897020 0.102256
vt 0.910500 0.189528
vt 0.910542 0.204583
vt 0.909484 0.026979
vt 0.909986 0.042444
vt 0.910482 0.219949
vt 0.910213 0.057617
vt 0.910133 0.235750
vt 0.910287 0.072535
vt 0.908933 0.252160
vt 0.910285 0.087271
vt 0.910227 0.116425
vt 0.910223 0.130928
vt 0.907856 0.011548
vt 0.910254 0.101886
vt 0.910256 0.145439
vt 0.910326 0.160008
vt 0.910415 0.174687
vt 0.918213 0.235932
vt 0.917874 0.254094
vt 0.917522 0.072437
vt 0.917447 0.087192
vt 0.917314 0.116332
vt 0.917305 0.130813
vt 0.915524 0.009178
vt 0.916947 0.026416
vt 0.917369 0.101806
vt 0.917356 0.145298
vt 0.917440 0.042187
vt 0.917468 0.159844
vt 0.917550 0.057470
vt 0.917624 0.174512
vt 0.917802 0.189357
vt 0.917978 0.204433
vt 0.918126 0.219868
vt 0.922714 0.145366
vt 0.922862 0.159887
vt 0.923167 0.042242
vt 0.923132 0.057590
vt 0.922867 0.087336
vt 0.922746 0.101942
vt 0.923072 0.174541
vt 0.923006 0.072579
vt 0.922668 0.116451
vt 0.922651 0.130909
vt 0.923325 0.189384
vt 0.923604 0.204461
vt 0.923912 0.219916
vt 0.924216 0.236035
vt 0.924937 0.253818
vt 0.922357 0.008707
vt 0.922861 0.026291
vt 0.927186 0.189277
vt 0.927537 0.204342
vt 0.926509 0.101937
vt 0.926410 0.116432
vt 0.927965 0.219787
vt 0.926457 0.145304
vt 0.926631 0.159802
vt 0.928376 0.235882
vt 0.926880 0.174441
vt 0.929245 0.252810
vt 0.927105 0.009423
vt 0.927232 0.026179
vt 0.927216 0.042203
vt 0.927053 0.057587
vt 0.926851 0.072586
vt 0.926661 0.087340
vt 0.926386 0.130871
vt 0.937348 0.235258
vt 0.938654 0.252569
vt 0.934686 0.174109
vt 0.935098 0.188928
vt 0.936044 0.008949
vt 0.936050 0.026050
vt 0.935588 0.203934
vt 0.935527 0.042191
vt 0.936295 0.219261
vt 0.935089 0.057596
vt 0.934728 0.072578
vt 0.934439 0.087307
vt 0.934079 0.116330
vt 0.934035 0.130717
vt 0.934220 0.101873
vt 0.934121 0.145083
vt 0.934362 0.159512
vt 0.944143 0.042523
vt 0.943435 0.057848
vt 0.944866 0.218619
vt 0.946561 0.234314
vt 0.942914 0.072762
vt 0.949332 0.252410
vt 0.942521 0.087437
vt 0.942038 0.116358
vt 0.941965 0.130676
vt 0.946197 0.007824
vt 0.945123 0.026382
vt 0.942231 0.101954
vt 0.942062 0.144946
vt 0.942403 0.159268
vt 0.942798 0.173816
vt 0.943318 0.188622
vt 0.943915 0.203526
vt 0.947601 0.087647
vt 0.947266 0.102127
vt 0.946940 0.130759
vt 0.947033 0.144953
vt 0.950856 0.026969
vt 0.949556 0.042958
vt 0.948056 0.073019
vt 0.947455 0.159188
vt 0.948675 0.058173
vt 0.947904 0.173709
vt 0.947039 0.116491
vt 0.948497 0.188516
vt 0.949120 0.203343
vt 0.950171 0.218229
vt 0.952175 0.233551
vt 0.956015 0.251085
vt 0.953070 0.008231
vt 0.961168 0.116384
vt 0.960916 0.130529
vt 0.963272 0.172858
vt 0.963219 0.187858
vt 0.961519 0.102124
vt 0.960787 0.144528
vt 0.963434 0.202409
vt 0.964132 0.216645
vt 0.960875 0.158324
vt 0.965778 0.230536
vt 0.969799 0.243683
vt 0.969799 0.014404
vt 0.966319 0.029250
vt 0.964484 0.044034
vt 0.963349 0.058719
vt 0.962562 0.073294
vt 0.961975 0.087761
vt 0.684050 0.553768
vt 0.678361 0.562419
vt 0.693085 0.574107
vt 0.700008 0.566350
vt 0.714059 0.581073
vt 0.706104 0.587851
vt 0.717261 0.603306
vt 0.726079 0.597583
vt 0.748565 0.719019
vt 0.737496 0.716700
vt 0.731447 0.736433
vt 0.742270 0.740625
vt 0.721876 0.755224
vt 0.732006 0.761669
vt 0.726421 0.620178
vt 0.735955 0.615578
vt 0.708184 0.771897
vt 0.716558 0.781238
vt 0.733457 0.638199
vt 0.743571 0.634792
vt 0.605214 0.536509
vt 0.608179 0.546708
vt 0.626409 0.544507
vt 0.626470 0.534115
vt 0.738240 0.657119
vt 0.748804 0.654979
vt 0.644659 0.546998
vt 0.647029 0.536941
vt 0.740629 0.676690
vt 0.751514 0.675906
vt 0.662127 0.553205
vt 0.666326 0.543769
vt 0.740455 0.696651
vt 0.751519 0.697338
vt 0.764084 0.651833
vt 0.767298 0.674684
vt 0.650816 0.521788
vt 0.672684 0.529793
vt 0.767647 0.698204
vt 0.692480 0.541089
vt 0.764856 0.722219
vt 0.710152 0.555057
vt 0.725638 0.571247
vt 0.738864 0.589301
vt 0.758478 0.746554
vt 0.747714 0.771003
vt 0.749746 0.608920
vt 0.730975 0.795197
vt 0.758189 0.629842
vt 0.601135 0.519755
vt 0.626937 0.517989
vt 0.776284 0.785195
vt 0.760154 0.816520
vt 0.772669 0.597885
vt 0.782437 0.621580
vt 0.596914 0.487643
vt 0.629594 0.488961
vt 0.789431 0.646467
vt 0.658476 0.495486
vt 0.793546 0.672374
vt 0.684208 0.506040
vt 0.794633 0.699181
vt 0.707133 0.519811
vt 0.792451 0.726848
vt 0.727414 0.536252
vt 0.745106 0.554957
vt 0.760204 0.575595
vt 0.786585 0.755443
vt 0.772706 0.532500
vt 0.790119 0.556704
vt 0.831260 0.731340
vt 0.826983 0.764755
vt 0.752341 0.510245
vt 0.819003 0.800181
vt 0.804572 0.582613
vt 0.806620 0.838682
vt 0.816040 0.610000
vt 0.598875 0.438256
vt 0.638399 0.446205
vt 0.824488 0.638666
vt 0.672519 0.457825
vt 0.829881 0.668465
vt 0.702485 0.472620
vt 0.832168 0.699334
vt 0.728982 0.490195
vt 0.692999 0.415487
vt 0.726202 0.435116
vt 0.870825 0.663065
vt 0.874401 0.697860
vt 0.755756 0.456970
vt 0.874981 0.733747
vt 0.781949 0.481051
vt 0.804886 0.507254
vt 0.824584 0.535401
vt 0.872749 0.771018
vt 0.867953 0.810329
vt 0.841029 0.565275
vt 0.860844 0.852873
vt 0.854205 0.596646
vt 0.612403 0.381748
vt 0.655499 0.397895
vt 0.864123 0.629300
vt 0.880015 0.546816
vt 0.894773 0.582252
vt 0.636285 0.327565
vt 0.679305 0.350149
vt 0.905989 0.618906
vt 0.718270 0.372701
vt 0.913774 0.656525
vt 0.753689 0.396623
vt 0.918341 0.694926
vt 0.785751 0.422498
vt 0.920024 0.734050
vt 0.814479 0.450531
vt 0.839817 0.480707
vt 0.861686 0.512878
vt 0.919321 0.774027
vt 0.916956 0.815254
vt 0.913956 0.858410
vt 0.978400 0.732691
vt 0.978085 0.775209
vt 0.859859 0.409558
vt 0.888281 0.444780
vt 0.976531 0.817408
vt 0.912917 0.482221
vt 0.933581 0.521569
vt 0.975175 0.859317
vt 0.950178 0.562436
vt 0.673293 0.267130
vt 0.714734 0.292385
vt 0.962722 0.604398
vt 0.754850 0.318500
vt 0.971362 0.647018
vt 0.792765 0.346465
vt 0.976414 0.689893
vt 0.827909 0.376765
vt 0.310543 0.870427
vt 0.299296 0.878750
vt 0.325746 0.911382
vt 0.335787 0.901716
vt 0.618657 0.967723
vt 0.623653 0.979810
vt 0.658950 0.962682
vt 0.652257 0.951498
vt 0.356428 0.939761
vt 0.364882 0.928802
vt 0.691297 0.940642
vt 0.683066 0.930529
vt 0.390763 0.963019
vt 0.397410 0.951011
vt 0.432603 0.967888
vt 0.427889 0.980645
vt 0.466882 0.992368
vt 0.469603 0.979168
vt 0.720291 0.914229
vt 0.710718 0.905192
vt 0.746238 0.884137
vt 0.735524 0.875573
vt 0.506830 0.998070
vt 0.507545 0.984730
vt 0.772184 0.851353
vt 0.761704 0.840232
vt 0.546831 0.997773
vt 0.545570 0.984584
vt 0.264889 0.797774
vt 0.253872 0.807796
vt 0.276702 0.843376
vt 0.288385 0.835834
vt 0.586036 0.991611
vt 0.582861 0.978846
vt 0.510036 0.959535
vt 0.544295 0.959499
vt 0.295374 0.780715
vt 0.313082 0.822697
vt 0.577911 0.954405
vt 0.332883 0.855683
vt 0.610179 0.944422
vt 0.355649 0.884309
vt 0.640453 0.929784
vt 0.381802 0.908825
vt 0.668181 0.910753
vt 0.411003 0.928892
vt 0.442613 0.944170
vt 0.475877 0.954425
vt 0.692984 0.887484
vt 0.714649 0.859498
vt 0.733330 0.823543
vt 0.660913 0.901856
vt 0.684265 0.879686
vt 0.416996 0.918487
vt 0.446924 0.933069
vt 0.704337 0.853075
vt 0.478452 0.942892
vt 0.510846 0.947842
vt 0.719721 0.820030
vt 0.543359 0.947906
vt 0.311784 0.777440
vt 0.325528 0.816684
vt 0.575275 0.943162
vt 0.343365 0.848545
vt 0.605914 0.933763
vt 0.364695 0.875971
vt 0.634646 0.919919
vt 0.389379 0.899359
vt 0.356406 0.840007
vt 0.375899 0.865787
vt 0.600660 0.920635
vt 0.627483 0.907794
vt 0.398736 0.887734
vt 0.651935 0.890978
vt 0.424391 0.905685
vt 0.452247 0.919399
vt 0.481634 0.928684
vt 0.673468 0.870300
vt 0.691341 0.845582
vt 0.511857 0.933428
vt 0.703750 0.815974
vt 0.542217 0.933614
vt 0.330393 0.774273
vt 0.340783 0.810119
vt 0.572035 0.929304
vt 0.363676 0.772337
vt 0.370205 0.798526
vt 0.539232 0.904980
vt 0.564863 0.901669
vt 0.381994 0.823265
vt 0.589497 0.894622
vt 0.397831 0.845268
vt 0.612575 0.884000
vt 0.416902 0.864185
vt 0.633557 0.870004
vt 0.438572 0.879759
vt 0.462244 0.891767
vt 0.487318 0.900032
vt 0.651878 0.852859
vt 0.666783 0.832868
vt 0.513183 0.904447
vt 0.676685 0.810829
vt 0.459917 0.845294
vt 0.478059 0.854540
vt 0.624139 0.827729
vt 0.635242 0.813264
vt 0.497357 0.861024
vt 0.517325 0.864630
vt 0.643358 0.796653
vt 0.537475 0.865313
vt 0.403125 0.764055
vt 0.408308 0.784816
vt 0.557324 0.863095
vt 0.417153 0.803034
vt 0.576393 0.858061
vt 0.429004 0.819299
vt 0.594208 0.850356
vt 0.443410 0.833469
vt 0.610289 0.840169
vt 0.565890 0.829852
vt 0.580012 0.824646
vt 0.451066 0.798566
vt 0.462260 0.809032
vt 0.592915 0.817739
vt 0.475054 0.817990
vt 0.489113 0.825162
vt 0.504089 0.830351
vt 0.604278 0.809419
vt 0.613787 0.800044
vt 0.519619 0.833435
vt 0.621018 0.790066
vt 0.535339 0.834359
vt 0.430247 0.762478
vt 0.434749 0.774703
vt 0.550883 0.833138
vt 0.441791 0.786961
vt 0.536869 0.776085
vt 0.528630 0.775375
vt 0.586590 0.755537
vt 0.581005 0.760613
vt 0.520492 0.773629
vt 0.574816 0.765162
vt 0.512598 0.770868
vt 0.505090 0.767138
vt 0.568053 0.769056
vt 0.498095 0.762513
vt 0.560776 0.772183
vt 0.491727 0.757092
vt 0.553075 0.774445
vt 0.486075 0.751001
vt 0.545064 0.775764
vt 0.481194 0.744391
vt 0.476879 0.737165
vt 0.398805 0.283141
vt 0.411291 0.276013
vt 0.412485 0.262668
vt 0.403608 0.271544
vt 0.398805 0.295694
vt 0.413282 0.292815
vt 0.403608 0.307292
vt 0.417872 0.309100
vt 0.412485 0.316168
vt 0.424082 0.320972
vt 0.426755 0.271305
vt 0.424082 0.257864
vt 0.430358 0.289418
vt 0.433961 0.307531
vt 0.436635 0.320972
vt 0.442844 0.269736
vt 0.436635 0.257864
vt 0.447435 0.286021
vt 0.449426 0.302823
vt 0.448232 0.316168
vt 0.457108 0.271544
vt 0.448232 0.262668
vt 0.461912 0.283141
vt 0.461912 0.295694
vt 0.457108 0.307292
vt 0.533833 0.336323
vt 0.549422 0.325907
vt 0.545108 0.347598
vt 0.562725 0.342786
vt 0.559839 0.353699
vt 0.575783 0.353699
vt 0.545108 0.279642
vt 0.554779 0.294116
vt 0.567811 0.313620
vt 0.580843 0.333124
vt 0.590514 0.347598
vt 0.559838 0.273541
vt 0.572896 0.284454
vt 0.586199 0.301333
vt 0.596703 0.320083
vt 0.601789 0.336323
vt 0.575783 0.273541
vt 0.590514 0.279642
vt 0.601789 0.290917
vt 0.607890 0.305648
vt 0.607890 0.321592
s 1
usemtl DefaultMaterial
f 4/1/1 1/2/2 2/3/3
f 2/3/3 3/4/4 4/1/1
f 3/4/4 5/5/5 6/6/6
f 6/6/6 7/7/7 3/4/4
f 7/7/7 6/6/6 8/8/8
f 8/8/8 9/9/9 7/7/7
f 9/9/9 8/8/8 10/10/10
f 10/10/10 11/11/11 9/9/9
f 11/11/11 10/10/10 12/12/12
f 12/12/12 13/13/13 11/11/11
f 13/13/13 12/12/12 14/14/14
f 14/14/14 15/15/15 13/13/13
f 19/16/15 16/17/14 17/18/16
f 17/18/16 18/19/17 19/16/15
f 18/19/17 17/18/16 20/20/18
f 20/20/18 21/21/19 18/19/17
f 21/21/19 20/20/18 22/22/20
f 22/22/20 23/23/21 21/21/19
f 23/23/21 22/22/20 24/24/22
f 24/24/22 25/25/23 23/23/21
f 25/25/23 24/24/22 26/26/24
f 26/26/24 27/27/25 25/25/23
f 27/27/25 26/26/24 28/28/26
f 28/28/26 29/29/27 27/27/25
f 29/29/27 28/28/26 30/30/28
f 30/30/28 31/31/29 29/29/27
f 31/31/29 30/30/28 32/32/30
f 32/32/30 33/33/31 31/31/29
f 33/33/31 32/32/30 34/34/32
f 34/34/32 35/35/33 33/33/31
f 39/36/34 36/37/35 37/38/35
f 37/38/35 38/39/34 39/36/34
f 43/28/36 40/26/37 41/40/37
f 41/40/37 42/41/36 43/28/36
s 0
f 47/42/38 44/43/38 45/44/38
f 45/44/38 46/45/38 47/42/38
s 1
f 51/5/39 48/46/40 49/47/40
f 49/47/40 50/48/39 51/5/39
f 55/49/41 52/14/41 53/12/42
f 53/12/42 54/50/42 55/49/41
f 59/24/43 56/22/44 57/36/44
f 57/36/44 58/51/43 59/24/43
f 63/52/45 60/34/45 61/32/46
f 61/32/46 62/53/46 63/52/45
f 67/54/47 64/10/47 65/8/48
f 65/8/48 66/55/48 67/54/47
f 69/56/49 68/30/49 43/28/36
f 43/28/36 42/41/36 69/56/49
f 71/57/50 70/6/50 51/5/39
f 51/5/39 50/48/39 71/57/50
f 41/40/37 40/26/37 59/24/43
f 59/24/43 58/51/43 41/40/37
f 57/36/44 56/22/44 72/20/51
f 72/20/51 73/37/51 57/36/44
f 77/58/52 74/18/52 75/17/41
f 75/17/41 76/59/41 77/58/52
f 49/47/40 48/46/40 60/34/45
f 60/34/45 63/52/45 49/47/40
f 54/50/42 53/12/42 64/10/47
f 64/10/47 67/54/47 54/50/42
f 62/53/46 61/32/46 68/30/49
f 68/30/49 69/56/49 62/53/46
f 66/55/48 65/8/48 70/6/50
f 70/6/50 71/57/50 66/55/48
f 78/60/53 35/35/33 2/3/3
f 2/3/3 1/2/2 78/60/53
f 2/3/3 79/46/54 5/5/5
f 5/5/5 3/4/4 2/3/3
f 73/37/51 72/20/51 74/18/52
f 74/18/52 77/58/52 73/37/51
f 78/60/53 80/61/55 33/33/31
f 33/33/31 35/35/33 78/60/53
f 80/61/55 81/62/56 31/31/29
f 31/31/29 33/33/31 80/61/55
f 81/62/56 82/63/57 29/29/27
f 29/29/27 31/31/29 81/62/56
f 82/63/57 83/64/58 27/27/25
f 27/27/25 29/29/27 82/63/57
f 83/64/58 84/65/59 25/25/23
f 25/25/23 27/27/25 83/64/58
f 84/65/59 85/66/60 23/23/21
f 23/23/21 25/25/23 84/65/59
f 85/66/60 86/67/61 21/21/19
f 21/21/19 23/23/21 85/66/60
f 86/67/61 87/68/62 18/19/17
f 18/19/17 21/21/19 86/67/61
f 87/68/62 88/69/63 19/16/15
f 19/16/15 18/19/17 87/68/62
f 90/70/64 89/71/65 13/13/13
f 13/13/13 15/15/15 90/70/64
f 89/71/65 91/72/66 11/11/11
f 11/11/11 13/13/13 89/71/65
f 91/72/66 92/73/67 9/9/9
f 9/9/9 11/11/11 91/72/66
f 92/73/67 93/74/68 7/7/7
f 7/7/7 9/9/9 92/73/67
f 93/74/68 4/1/1 3/4/4
f 3/4/4 7/7/7 93/74/68
f 97/75/69 94/55/69 95/57/70
f 95/57/70 96/76/70 97/75/69
f 99/77/71 98/51/71 39/36/34
f 39/36/34 38/39/34 99/77/71
f 101/78/72 100/54/72 94/55/69
f 94/55/69 97/75/69 101/78/72
f 103/79/73 102/40/73 98/51/71
f 98/51/71 99/77/71 103/79/73
f 105/80/74 104/50/74 100/54/72
f 100/54/72 101/78/72 105/80/74
f 107/81/75 106/41/75 102/40/73
f 102/40/73 103/79/73 107/81/75
f 109/82/76 108/49/76 104/50/74
f 104/50/74 105/80/74 109/82/76
f 111/83/77 110/56/77 106/41/75
f 106/41/75 107/81/75 111/83/77
f 115/84/78 112/58/78 113/59/76
f 113/59/76 114/85/76 115/84/78
f 119/86/79 116/47/79 117/52/80
f 117/52/80 118/87/80 119/86/79
f 121/88/81 120/53/81 110/56/77
f 110/56/77 111/83/77 121/88/81
f 123/89/82 122/48/82 116/47/79
f 116/47/79 119/86/79 123/89/82
f 37/38/35 36/37/35 112/58/78
f 112/58/78 115/84/78 37/38/35
f 118/87/80 117/52/80 120/53/81
f 120/53/81 121/88/81 118/87/80
f 96/76/70 95/57/70 122/48/82
f 122/48/82 123/89/82 96/76/70
s 0
f 127/81/83 124/79/83 125/90/83
f 125/90/83 126/91/83 127/81/83
f 131/92/83 128/82/83 129/80/83
f 129/80/83 130/93/83 131/92/83
f 133/94/83 132/83/83 127/81/83
f 127/81/83 126/91/83 133/94/83
f 137/95/83 134/84/83 135/85/83
f 135/85/83 136/96/83 137/95/83
f 141/97/83 138/86/83 139/87/83
f 139/87/83 140/98/83 141/97/83
f 143/99/83 142/88/83 132/83/83
f 132/83/83 133/94/83 143/99/83
f 145/100/83 144/89/83 138/86/83
f 138/86/83 141/97/83 145/100/83
f 147/101/83 146/38/83 134/84/83
f 134/84/83 137/95/83 147/101/83
f 140/98/83 139/87/83 142/88/83
f 142/88/83 143/99/83 140/98/83
f 149/102/83 148/76/83 144/89/83
f 144/89/83 145/100/83 149/102/83
f 151/103/83 150/39/83 146/38/83
f 146/38/83 147/101/83 151/103/83
f 153/104/83 152/75/83 148/76/83
f 148/76/83 149/102/83 153/104/83
f 155/105/83 154/77/83 150/39/83
f 150/39/83 151/103/83 155/105/83
f 157/106/83 156/78/83 152/75/83
f 152/75/83 153/104/83 157/106/83
f 125/90/83 124/79/83 154/77/83
f 154/77/83 155/105/83 125/90/83
f 130/93/83 129/80/83 156/78/83
f 156/78/83 157/106/83 130/93/83
s 1
f 161/107/84 158/99/30 159/94/28
f 159/94/28 160/108/85 161/107/84
f 165/95/16 162/96/14 163/109/86
f 163/109/86 164/110/87 165/95/16
f 169/111/88 166/100/5 167/97/54
f 167/97/54 168/112/89 169/111/88
f 171/113/90 170/101/18 165/95/16
f 165/95/16 164/110/87 171/113/90
f 173/114/91 172/98/32 158/99/30
f 158/99/30 161/107/84 173/114/91
f 175/115/92 174/102/6 166/100/5
f 166/100/5 169/111/88 175/115/92
f 177/116/93 176/103/20 170/101/18
f 170/101/18 171/113/90 177/116/93
f 168/112/89 167/97/54 172/98/32
f 172/98/32 173/114/91 168/112/89
f 179/117/94 178/104/8 174/102/6
f 174/102/6 175/115/92 179/117/94
f 181/118/95 180/105/22 176/103/20
f 176/103/20 177/116/93 181/118/95
f 183/119/96 182/106/10 178/104/8
f 178/104/8 179/117/94 183/119/96
f 185/120/97 184/90/24 180/105/22
f 180/105/22 181/118/95 185/120/97
f 187/121/98 186/93/12 182/106/10
f 182/106/10 183/119/96 187/121/98
f 189/122/99 188/91/26 184/90/24
f 184/90/24 185/120/97 189/122/99
f 191/123/86 190/92/14 186/93/12
f 186/93/12 187/121/98 191/123/86
f 160/108/85 159/94/28 188/91/26
f 188/91/26 189/122/99 160/108/85
f 173/114/91 161/107/84 192/124/100
f 192/124/100 193/125/101 173/114/91
f 195/126/102 177/116/93 171/113/90
f 171/113/90 194/127/103 195/126/102
f 175/115/92 169/111/88 196/128/104
f 196/128/104 197/129/105 175/115/92
f 198/130/106 168/112/89 173/114/91
f 173/114/91 193/125/101 198/130/106
f 199/131/107 179/117/94 175/115/92
f 175/115/92 197/129/105 199/131/107
f 200/132/108 181/118/95 177/116/93
f 177/116/93 195/126/102 200/132/108
f 201/133/109 183/119/96 179/117/94
f 179/117/94 199/131/107 201/133/109
f 202/134/110 185/120/97 181/118/95
f 181/118/95 200/132/108 202/134/110
f 203/135/111 187/121/98 183/119/96
f 183/119/96 201/133/109 203/135/111
f 204/136/112 189/122/99 185/120/97
f 185/120/97 202/134/110 204/136/112
f 205/137/113 191/123/86 187/121/98
f 187/121/98 203/135/111 205/137/113
f 206/138/114 160/108/85 189/122/99
f 189/122/99 204/136/112 206/138/114
f 208/139/115 164/110/87 163/109/86
f 163/109/86 207/140/116 208/139/115
f 192/124/100 161/107/84 160/108/85
f 160/108/85 206/138/114 192/124/100
f 196/128/104 169/111/88 168/112/89
f 168/112/89 198/130/106 196/128/104
f 194/127/103 171/113/90 164/110/87
f 164/110/87 208/139/115 194/127/103
f 200/132/108 195/126/102 209/141/20
f 209/141/20 210/142/22 200/132/108
f 212/143/10 201/133/109 199/131/107
f 199/131/107 211/144/8 212/143/10
f 213/145/24 202/134/110 200/132/108
f 200/132/108 210/142/22 213/145/24
f 214/146/12 203/135/111 201/133/109
f 201/133/109 212/143/10 214/146/12
f 215/147/26 204/136/112 202/134/110
f 202/134/110 213/145/24 215/147/26
f 216/148/14 205/137/113 203/135/111
f 203/135/111 214/146/12 216/148/14
f 217/149/28 206/138/114 204/136/112
f 204/136/112 215/147/26 217/149/28
f 219/150/16 208/139/115 207/140/116
f 207/140/116 218/151/14 219/150/16
f 221/152/54 198/130/106 193/125/101
f 193/125/101 220/153/32 221/152/54
f 222/154/30 192/124/100 206/138/114
f 206/138/114 217/149/28 222/154/30
f 223/155/5 196/128/104 198/130/106
f 198/130/106 221/152/54 223/155/5
f 224/156/18 194/127/103 208/139/115
f 208/139/115 219/150/16 224/156/18
f 220/153/32 193/125/101 192/124/100
f 192/124/100 222/154/30 220/153/32
f 225/157/6 197/129/105 196/128/104
f 196/128/104 223/155/5 225/157/6
f 209/141/20 195/126/102 194/127/103
f 194/127/103 224/156/18 209/141/20
f 211/144/8 199/131/107 197/129/105
f 197/129/105 225/157/6 211/144/8
f 229/158/117 226/147/118 227/145/119
f 227/145/119 228/159/120 229/158/117
f 233/146/121 230/143/122 231/160/123
f 231/160/123 232/161/124 233/146/121
f 235/162/125 234/148/126 233/146/121
f 233/146/121 232/161/124 235/162/125
f 237/163/127 236/149/128 226/147/118
f 226/147/118 229/158/117 237/163/127
f 241/164/129 238/150/130 239/151/131
f 239/151/131 240/165/125 241/164/129
f 245/166/132 242/152/133 243/153/134
f 243/153/134 244/167/135 245/166/132
f 247/168/136 246/154/137 236/149/128
f 236/149/128 237/163/127 247/168/136
f 249/169/138 248/155/139 242/152/133
f 242/152/133 245/166/132 249/169/138
f 251/170/140 250/156/141 238/150/130
f 238/150/130 241/164/129 251/170/140
f 244/167/135 243/153/134 246/154/137
f 246/154/137 247/168/136 244/167/135
f 253/171/142 252/157/143 248/155/139
f 248/155/139 249/169/138 253/171/142
f 255/172/144 254/141/145 250/156/141
f 250/156/141 251/170/140 255/172/144
f 257/173/146 256/144/147 252/157/143
f 252/157/143 253/171/142 257/173/146
f 259/174/148 258/142/149 254/141/145
f 254/141/145 255/172/144 259/174/148
f 231/160/123 230/143/122 256/144/147
f 256/144/147 257/173/146 231/160/123
f 228/159/120 227/145/119 258/142/149
f 258/142/149 259/174/148 228/159/120
f 237/163/127 229/158/117 260/175/150
f 260/175/150 261/176/151 237/163/127
f 263/177/152 241/164/129 240/165/125
f 240/165/125 262/178/153 263/177/152
f 265/179/154 245/166/132 244/167/135
f 244/167/135 264/180/155 265/179/154
f 266/181/156 247/168/136 237/163/127
f 237/163/127 261/176/151 266/181/156
f 267/182/157 249/169/138 245/166/132
f 245/166/132 265/179/154 267/182/157
f 268/183/158 251/170/140 241/164/129
f 241/164/129 263/177/152 268/183/158
f 264/180/155 244/167/135 247/168/136
f 247/168/136 266/181/156 264/180/155
f 269/184/159 253/171/142 249/169/138
f 249/169/138 267/182/157 269/184/159
f 270/185/160 255/172/144 251/170/140
f 251/170/140 268/183/158 270/185/160
f 271/186/161 257/173/146 253/171/142
f 253/171/142 269/184/159 271/186/161
f 272/187/162 259/174/148 255/172/144
f 255/172/144 270/185/160 272/187/162
f 273/188/163 231/160/123 257/173/146
f 257/173/146 271/186/161 273/188/163
f 274/189/164 228/159/120 259/174/148
f 259/174/148 272/187/162 274/189/164
f 275/190/165 232/161/124 231/160/123
f 231/160/123 273/188/163 275/190/165
f 260/175/150 229/158/117 228/159/120
f 228/159/120 274/189/164 260/175/150
f 276/191/153 235/162/125 232/161/124
f 232/161/124 275/190/165 276/191/153
f 263/177/152 262/178/153 277/192/166
f 277/192/166 278/193/167 263/177/152
f 276/191/153 275/190/165 279/194/168
f 279/194/168 280/195/166 276/191/153
f 284/196/169 281/197/169 282/198/170
f 282/198/170 283/199/170 284/196/169
f 272/187/162 270/185/160 285/200/171
f 285/200/171 286/201/172 272/187/162
f 261/176/151 260/175/150 287/202/173
f 287/202/173 288/203/174 261/176/151
f 289/204/175 266/181/156 261/176/151
f 261/176/151 288/203/174 289/204/175
f 271/186/161 269/184/159 290/205/176
f 290/205/176 291/206/177 271/186/161
f 270/185/160 268/183/158 292/207/178
f 292/207/178 285/200/171 270/185/160
f 293/208/179 264/180/155 266/181/156
f 266/181/156 289/204/175 293/208/179
f 294/209/180 265/179/154 264/180/155
f 264/180/155 293/208/179 294/209/180
f 260/175/150 274/189/164 295/210/181
f 295/210/181 287/202/173 260/175/150
f 275/190/165 273/188/163 296/211/182
f 296/211/182 279/194/168 275/190/165
f 269/184/159 267/182/157 297/212/183
f 297/212/183 290/205/176 269/184/159
f 295/210/181 274/189/164 272/187/162
f 272/187/162 286/201/172 295/210/181
f 292/207/178 268/183/158 263/177/152
f 263/177/152 278/193/167 292/207/178
f 296/211/182 273/188/163 271/186/161
f 271/186/161 291/206/177 296/211/182
f 267/182/157 265/179/154 294/209/180
f 294/209/180 297/212/183 267/182/157
f 301/213/184 298/214/184 299/215/185
f 299/215/185 300/216/185 301/213/184
f 303/217/186 302/218/186 281/197/169
f 281/197/169 284/196/169 303/217/186
f 283/199/170 282/198/170 304/219/187
f 304/219/187 305/220/187 283/199/170
f 309/221/188 306/222/188 307/223/189
f 307/223/189 308/224/189 309/221/188
f 308/224/189 307/223/189 310/225/190
f 310/225/190 311/226/190 308/224/189
f 300/216/185 299/215/185 306/222/188
f 306/222/188 309/221/188 300/216/185
f 305/220/187 304/219/187 312/227/191
f 312/227/191 313/228/191 305/220/187
f 317/229/192 314/230/192 315/231/193
f 315/231/193 316/232/193 317/229/192
f 311/226/190 310/225/190 314/230/192
f 314/230/192 317/229/192 311/226/190
f 313/228/191 312/227/191 318/233/194
f 318/233/194 319/234/194 313/228/191
f 316/232/193 315/231/193 320/235/195
f 320/235/195 321/236/195 316/232/193
f 319/234/194 318/233/194 322/237/196
f 322/237/196 323/238/196 319/234/194
f 327/239/196 324/240/196 325/241/197
f 325/241/197 326/242/197 327/239/196
f 326/242/197 325/241/197 298/214/184
f 298/214/184 301/213/184 326/242/197
f 321/236/195 320/235/195 302/218/186
f 302/218/186 303/217/186 321/236/195
f 331/243/198 328/234/16 329/238/14
f 329/238/14 330/244/199 331/243/198
f 335/245/200 332/196/24 333/199/22
f 333/199/22 334/246/201 335/245/200
f 339/247/199 336/239/14 337/242/12
f 337/242/12 338/248/202 339/247/199
f 334/246/201 333/199/22 340/220/20
f 340/220/20 341/249/203 334/246/201
f 338/248/202 337/242/12 342/213/10
f 342/213/10 343/250/204 338/248/202
f 341/249/203 340/220/20 344/228/18
f 344/228/18 345/251/205 341/249/203
f 343/250/204 342/213/10 346/216/8
f 346/216/8 347/252/206 343/250/204
f 345/251/205 344/228/18 328/234/16
f 328/234/16 331/243/198 345/251/205
f 347/252/206 346/216/8 348/221/6
f 348/221/6 349/253/207 347/252/206
f 349/253/207 348/221/6 350/224/5
f 350/224/5 351/254/208 349/253/207
f 355/255/209 352/229/32 353/232/30
f 353/232/30 354/256/210 355/255/209
f 351/254/208 350/224/5 356/226/54
f 356/226/54 357/257/211 351/254/208
f 354/256/210 353/232/30 358/236/28
f 358/236/28 359/258/212 354/256/210
f 359/258/212 358/236/28 360/217/26
f 360/217/26 361/259/213 359/258/212
f 361/259/213 360/217/26 332/196/24
f 332/196/24 335/245/200 361/259/213
f 357/257/211 356/226/54 352/229/32
f 352/229/32 355/255/209 357/257/211
f 363/260/214 343/250/204 347/252/206
f 347/252/206 362/261/215 363/260/214
f 365/262/216 345/251/205 331/243/198
f 331/243/198 364/263/217 365/262/216
f 362/261/215 347/252/206 349/253/207
f 349/253/207 366/264/218 362/261/215
f 364/263/217 331/243/198 330/244/199
f 330/244/199 367/265/219 364/263/217
f 366/264/218 349/253/207 351/254/208
f 351/254/208 368/266/220 366/264/218
f 370/267/221 355/255/209 354/256/210
f 354/256/210 369/268/222 370/267/221
f 372/269/219 339/247/199 338/248/202
f 338/248/202 371/270/223 372/269/219
f 368/266/220 351/254/208 357/257/211
f 357/257/211 373/271/224 368/266/220
f 369/268/222 354/256/210 359/258/212
f 359/258/212 374/272/225 369/268/222
f 371/270/223 338/248/202 343/250/204
f 343/250/204 363/260/214 371/270/223
f 374/272/225 359/258/212 361/259/213
f 361/259/213 375/273/226 374/272/225
f 375/273/226 361/259/213 335/245/200
f 335/245/200 376/274/227 375/273/226
f 376/274/227 335/245/200 334/246/201
f 334/246/201 377/275/228 376/274/227
f 373/271/224 357/257/211 355/255/209
f 355/255/209 370/267/221 373/271/224
f 377/275/228 334/246/201 341/249/203
f 341/249/203 378/276/229 377/275/228
f 378/276/229 341/249/203 345/251/205
f 345/251/205 365/262/216 378/276/229
f 380/277/230 368/266/220 373/271/224
f 373/271/224 379/278/231 380/277/230
f 382/279/232 369/268/222 374/272/225
f 374/272/225 381/280/233 382/279/232
f 384/281/234 371/270/223 363/260/214
f 363/260/214 383/282/235 384/281/234
f 385/283/236 366/264/218 368/266/220
f 368/266/220 380/277/230 385/283/236
f 381/280/233 374/272/225 375/273/226
f 375/273/226 386/284/237 381/280/233
f 383/282/235 363/260/214 362/261/215
f 362/261/215 387/285/238 383/282/235
f 386/284/237 375/273/226 376/274/227
f 376/274/227 388/286/239 386/284/237
f 387/285/238 362/261/215 366/264/218
f 366/264/218 385/283/236 387/285/238
f 389/287/240 370/267/221 369/268/222
f 369/268/222 382/279/232 389/287/240
f 388/286/239 376/274/227 377/275/228
f 377/275/228 390/288/241 388/286/239
f 379/278/231 373/271/224 370/267/221
f 370/267/221 389/287/240 379/278/231
f 390/288/241 377/275/228 378/276/229
f 378/276/229 391/289/242 390/288/241
f 391/289/242 378/276/229 365/262/216
f 365/262/216 392/290/243 391/289/242
f 392/290/243 365/262/216 364/263/217
f 364/263/217 393/291/244 392/290/243
f 393/291/244 364/263/217 367/265/219
f 367/265/219 394/292/245 393/291/244
f 395/293/245 372/269/219 371/270/223
f 371/270/223 384/281/234 395/293/245
f 397/294/246 389/287/240 382/279/232
f 382/279/232 396/295/247 397/294/246
f 399/296/248 388/286/239 390/288/241
f 390/288/241 398/297/249 399/296/248
f 400/298/250 379/278/231 389/287/240
f 389/287/240 397/294/246 400/298/250
f 396/295/247 382/279/232 381/280/233
f 381/280/233 401/299/251 396/295/247
f 398/297/249 390/288/241 391/289/242
f 391/289/242 402/300/252 398/297/249
f 402/300/252 391/289/242 392/290/243
f 392/290/243 403/301/253 402/300/252
f 401/299/251 381/280/233 386/284/237
f 386/284/237 404/302/254 401/299/251
f 403/301/253 392/290/243 393/291/244
f 393/291/244 405/303/255 403/301/253
f 404/302/254 386/284/237 388/286/239
f 388/286/239 399/296/248 404/302/254
f 405/303/255 393/291/244 394/292/245
f 394/292/245 406/304/256 405/303/255
f 408/305/257 395/293/245 384/281/234
f 384/281/234 407/306/258 408/305/257
f 407/306/258 384/281/234 383/282/235
f 383/282/235 409/307/259 407/306/258
f 409/307/259 383/282/235 387/285/238
f 387/285/238 410/308/260 409/307/259
f 410/308/260 387/285/238 385/283/236
f 385/283/236 411/309/261 410/308/260
f 411/309/261 385/283/236 380/277/230
f 380/277/230 412/310/262 411/309/261
f 412/310/262 380/277/230 379/278/231
f 379/278/231 400/298/250 412/310/262
f 414/311/263 401/299/251 404/302/254
f 404/302/254 413/312/264 414/311/263
f 416/313/265 403/301/253 405/303/255
f 405/303/255 415/314/266 416/313/265
f 413/312/264 404/302/254 399/296/248
f 399/296/248 417/315/267 413/312/264
f 415/314/266 405/303/255 406/304/256
f 406/304/256 418/316/268 415/314/266
f 417/315/267 399/296/248 398/297/249
f 398/297/249 419/317/269 417/315/267
f 421/318/268 408/305/257 407/306/258
f 407/306/258 420/319/270 421/318/268
f 419/317/269 398/297/249 402/300/252
f 402/300/252 422/320/271 419/317/269
f 420/319/270 407/306/258 409/307/259
f 409/307/259 423/321/272 420/319/270
f 422/320/271 402/300/252 403/301/253
f 403/301/253 416/313/265 422/320/271
f 423/321/272 409/307/259 410/308/260
f 410/308/260 424/322/273 423/321/272
f 424/322/273 410/308/260 411/309/261
f 411/309/261 425/323/274 424/322/273
f 425/323/274 411/309/261 412/310/262
f 412/310/262 426/324/275 425/323/274
f 428/325/276 397/294/246 396/295/247
f 396/295/247 427/326/277 428/325/276
f 426/324/275 412/310/262 400/298/250
f 400/298/250 429/327/278 426/324/275
f 427/326/277 396/295/247 401/299/251
f 401/299/251 414/311/263 427/326/277
f 429/327/278 400/298/250 397/294/246
f 397/294/246 428/325/276 429/327/278
f 433/328/279 430/317/279 431/320/280
f 431/320/280 432/329/280 433/328/279
f 437/330/281 434/319/281 435/321/282
f 435/321/282 436/331/282 437/330/281
f 432/329/280 431/320/280 438/313/283
f 438/313/283 439/332/283 432/329/280
f 436/331/282 435/321/282 440/322/284
f 440/322/284 441/333/284 436/331/282
f 439/332/283 438/313/283 442/314/285
f 442/314/285 443/334/285 439/332/283
f 441/333/284 440/322/284 444/323/286
f 444/323/286 445/335/286 441/333/284
f 443/334/285 442/314/285 446/316/287
f 446/316/287 447/336/287 443/334/285
f 445/335/286 444/323/286 448/324/288
f 448/324/288 449/337/288 445/335/286
f 453/338/289 450/325/289 451/326/290
f 451/326/290 452/339/290 453/338/289
f 455/340/287 454/318/287 434/319/281
f 434/319/281 437/330/281 455/340/287
f 449/337/288 448/324/288 456/327/291
f 456/327/291 457/341/291 449/337/288
f 452/339/290 451/326/290 458/311/292
f 458/311/292 459/342/292 452/339/290
f 459/342/292 458/311/292 460/312/293
f 460/312/293 461/343/293 459/342/292
f 461/343/293 460/312/293 462/315/294
f 462/315/294 463/344/294 461/343/293
f 463/344/294 462/315/294 430/317/279
f 430/317/279 433/328/279 463/344/294
f 457/341/291 456/327/291 450/325/289
f 450/325/289 453/338/289 457/341/291
f 467/345/295 464/334/295 465/336/296
f 465/336/296 466/346/296 467/345/295
f 471/347/297 468/335/297 469/337/298
f 469/337/298 470/348/298 471/347/297
f 475/349/299 472/338/299 473/339/300
f 473/339/300 474/350/300 475/349/299
f 479/351/296 476/340/301 477/330/302
f 477/330/302 478/352/302 479/351/296
f 470/348/298 469/337/298 480/341/303
f 480/341/303 481/353/303 470/348/298
f 474/350/300 473/339/300 482/342/304
f 482/342/304 483/354/304 474/350/300
f 478/352/302 477/330/302 484/331/305
f 484/331/305 485/355/305 478/352/302
f 483/354/304 482/342/304 486/343/306
f 486/343/306 487/356/306 483/354/304
f 485/355/305 484/331/305 488/333/307
f 488/333/307 489/357/307 485/355/305
f 487/356/306 486/343/306 490/344/308
f 490/344/308 491/358/308 487/356/306
f 489/357/307 488/333/307 468/335/297
f 468/335/297 471/347/297 489/357/307
f 491/358/308 490/344/308 492/328/309
f 492/328/309 493/359/309 491/358/308
f 481/353/303 480/341/303 472/338/299
f 472/338/299 475/349/299 481/353/303
f 493/359/309 492/328/309 494/329/310
f 494/329/310 495/360/310 493/359/309
f 495/360/310 494/329/310 496/332/311
f 496/332/311 497/361/311 495/360/310
f 497/361/311 496/332/311 464/334/295
f 464/334/295 467/345/295 497/361/311
f 501/362/28 498/354/28 499/356/26
f 499/356/26 500/363/26 501/362/28
f 505/364/10 502/355/10 503/357/8
f 503/357/8 504/365/8 505/364/10
f 509/366/5 506/348/5 507/353/54
f 507/353/54 508/367/54 509/366/5
f 500/363/26 499/356/26 510/358/24
f 510/358/24 511/368/24 500/363/26
f 504/365/8 503/357/8 512/347/6
f 512/347/6 513/369/6 504/365/8
f 517/370/32 514/349/32 515/350/30
f 515/350/30 516/371/30 517/370/32
f 511/368/24 510/358/24 518/359/22
f 518/359/22 519/372/22 511/368/24
f 508/367/54 507/353/54 514/349/32
f 514/349/32 517/370/32 508/367/54
f 516/371/30 515/350/30 498/354/28
f 498/354/28 501/362/28 516/371/30
f 519/372/22 518/359/22 520/360/20
f 520/360/20 521/373/20 519/372/22
f 521/373/20 520/360/20 522/361/18
f 522/361/18 523/374/18 521/373/20
f 523/374/18 522/361/18 524/345/16
f 524/345/16 525/375/16 523/374/18
f 525/375/16 524/345/16 526/346/14
f 526/346/14 527/376/14 525/375/16
f 531/377/14 528/351/14 529/352/12
f 529/352/12 530/378/12 531/377/14
f 530/378/12 529/352/12 502/355/10
f 502/355/10 505/364/10 530/378/12
f 513/369/6 512/347/6 506/348/5
f 506/348/5 509/366/5 513/369/6
f 535/379/312 532/372/312 533/373/313
f 533/373/313 534/380/313 535/379/312
f 539/381/314 536/367/314 537/370/315
f 537/370/315 538/382/315 539/381/314
f 534/380/313 533/373/313 540/374/316
f 540/374/316 541/383/316 534/380/313
f 545/384/317 542/362/317 543/363/318
f 543/363/318 544/385/318 545/384/317
f 541/383/316 540/374/316 546/375/319
f 546/375/319 547/386/319 541/383/316
f 544/385/318 543/363/318 548/368/320
f 548/368/320 549/387/320 544/385/318
f 547/386/319 546/375/319 550/376/321
f 550/376/321 551/388/322 547/386/319
f 549/387/320 548/368/320 532/372/312
f 532/372/312 535/379/312 549/387/320
f 555/389/322 552/377/322 553/378/323
f 553/378/323 554/390/323 555/389/322
f 554/390/323 553/378/323 556/364/324
f 556/364/324 557/391/324 554/390/323
f 557/391/324 556/364/324 558/365/325
f 558/365/325 559/392/325 557/391/324
f 559/392/325 558/365/325 560/369/326
f 560/369/326 561/393/326 559/392/325
f 561/393/326 560/369/326 562/366/327
f 562/366/327 563/394/327 561/393/326
f 538/382/315 537/370/315 564/371/328
f 564/371/328 565/395/328 538/382/315
f 563/394/327 562/366/327 536/367/314
f 536/367/314 539/381/314 563/394/327
f 565/395/328 564/371/328 542/362/317
f 542/362/317 545/384/317 565/395/328
f 569/396/329 566/386/330 567/388/331
f 567/388/331 568/397/332 569/396/329
f 573/398/333 570/387/334 571/379/335
f 571/379/335 572/399/336 573/398/333
f 577/400/332 574/389/331 575/390/337
f 575/390/337 576/401/338 577/400/332
f 572/399/336 571/379/335 578/380/339
f 578/380/339 579/402/340 572/399/336
f 576/401/338 575/390/337 580/391/341
f 580/391/341 581/403/342 576/401/338
f 579/402/340 578/380/339 582/383/343
f 582/383/343 583/404/344 579/402/340
f 581/403/342 580/391/341 584/392/345
f 584/392/345 585/405/346 581/403/342
f 583/404/344 582/383/343 566/386/330
f 566/386/330 569/396/329 583/404/344
f 585/405/346 584/392/345 586/393/347
f 586/393/347 587/406/348 585/405/346
f 587/406/348 586/393/347 588/394/349
f 588/394/349 589/407/350 587/406/348
f 593/408/351 590/382/352 591/395/353
f 591/395/353 592/409/354 593/408/351
f 589/407/350 588/394/349 594/381/355
f 594/381/355 595/410/356 589/407/350
f 592/409/354 591/395/353 596/384/357
f 596/384/357 597/411/358 592/409/354
f 597/411/358 596/384/357 598/385/359
f 598/385/359 599/412/360 597/411/358
f 599/412/360 598/385/359 570/387/334
f 570/387/334 573/398/333 599/412/360
f 595/410/356 594/381/355 590/382/352
f 590/382/352 593/408/351 595/410/356
f 601/413/361 581/403/342 585/405/346
f 585/405/346 600/414/362 601/413/361
f 603/415/363 583/404/344 569/396/329
f 569/396/329 602/416/364 603/415/363
f 600/414/362 585/405/346 587/406/348
f 587/406/348 604/417/365 600/414/362
f 602/416/364 569/396/329 568/397/332
f 568/397/332 605/418/366 602/416/364
f 604/417/365 587/406/348 589/407/350
f 589/407/350 606/419/367 604/417/365
f 608/420/368 593/408/351 592/409/354
f 592/409/354 607/421/369 608/420/368
f 610/422/366 577/400/332 576/401/338
f 576/401/338 609/423/370 610/422/366
f 606/419/367 589/407/350 595/410/356
f 595/410/356 611/424/371 606/419/367
f 607/421/369 592/409/354 597/411/358
f 597/411/358 612/425/372 607/421/369
f 609/423/370 576/401/338 581/403/342
f 581/403/342 601/413/361 609/423/370
f 612/425/372 597/411/358 599/412/360
f 599/412/360 613/426/373 612/425/372
f 613/426/373 599/412/360 573/398/333
f 573/398/333 614/427/374 613/426/373
f 614/427/374 573/398/333 572/399/336
f 572/399/336 615/428/375 614/427/374
f 611/424/371 595/410/356 593/408/351
f 593/408/351 608/420/368 611/424/371
f 615/428/375 572/399/336 579/402/340
f 579/402/340 616/429/376 615/428/375
f 616/429/376 579/402/340 583/404/344
f 583/404/344 603/415/363 616/429/376
f 618/430/377 606/419/367 611/424/371
f 611/424/371 617/431/378 618/430/377
f 620/432/379 607/421/369 612/425/372
f 612/425/372 619/433/380 620/432/379
f 622/434/381 609/423/370 601/413/361
f 601/413/361 621/435/382 622/434/381
f 623/436/383 604/417/365 606/419/367
f 606/419/367 618/430/377 623/436/383
f 619/433/380 612/425/372 613/426/373
f 613/426/373 624/437/384 619/433/380
f 621/435/382 601/413/361 600/414/362
f 600/414/362 625/438/385 621/435/382
f 624/437/384 613/426/373 614/427/374
f 614/427/374 626/439/386 624/437/384
f 625/438/385 600/414/362 604/417/365
f 604/417/365 623/436/383 625/438/385
f 627/440/387 608/420/368 607/421/369
f 607/421/369 620/432/379 627/440/387
f 626/439/386 614/427/374 615/428/375
f 615/428/375 628/441/388 626/439/386
f 617/431/378 611/424/371 608/420/368
f 608/420/368 627/440/387 617/431/378
f 628/441/388 615/428/375 616/429/376
f 616/429/376 629/442/389 628/441/388
f 629/442/389 616/429/376 603/415/363
f 603/415/363 630/443/390 629/442/389
f 630/443/390 603/415/363 602/416/364
f 602/416/364 631/444/391 630/443/390
f 631/444/391 602/416/364 605/418/366
f 605/418/366 632/445/392 631/444/391
f 633/446/393 610/422/366 609/423/370
f 609/423/370 622/434/381 633/446/393
f 637/447/394 634/440/394 635/432/395
f 635/432/395 636/448/395 637/447/394
f 641/449/396 638/439/396 639/441/397
f 639/441/397 640/450/397 641/449/396
f 643/451/398 642/431/398 634/440/394
f 634/440/394 637/447/394 643/451/398
f 636/448/395 635/432/395 644/433/399
f 644/433/399 645/452/399 636/448/395
f 640/450/397 639/441/397 646/442/400
f 646/442/400 647/453/400 640/450/397
f 647/453/400 646/442/400 648/443/401
f 648/443/401 649/454/401 647/453/400
f 645/452/399 644/433/399 650/437/402
f 650/437/402 651/455/402 645/452/399
f 649/454/401 648/443/401 652/444/403
f 652/444/403 653/456/403 649/454/401
f 651/455/402 650/437/402 638/439/396
f 638/439/396 641/449/396 651/455/402
f 653/456/403 652/444/403 654/445/404
f 654/445/404 655/457/404 653/456/403
f 659/458/404 656/446/404 657/434/405
f 657/434/405 658/459/405 659/458/404
f 658/459/405 657/434/405 660/435/406
f 660/435/406 661/460/406 658/459/405
f 661/460/406 660/435/406 662/438/407
f 662/438/407 663/461/407 661/460/406
f 663/461/407 662/438/407 664/436/408
f 664/436/408 665/462/408 663/461/407
f 665/462/408 664/436/408 666/430/409
f 666/430/409 667/463/409 665/462/408
f 667/463/409 666/430/409 642/431/398
f 642/431/398 643/451/398 667/463/409
f 2/3/3 35/35/33 34/34/32
f 34/34/32 79/46/54 2/3/3
f 671/464/410 668/465/411 669/466/412
f 669/466/412 670/467/413 671/464/410
f 675/468/414 672/469/415 673/470/416
f 673/470/416 674/471/417 675/468/414
f 679/472/418 676/473/419 677/474/420
f 677/474/420 678/475/421 679/472/418
f 670/467/413 669/466/412 672/469/415
f 672/469/415 675/468/414 670/467/413
f 678/475/421 677/474/420 680/476/422
f 680/476/422 681/477/423 678/475/421
f 674/471/417 673/470/416 682/478/424
f 682/478/424 683/479/425 674/471/417
f 681/477/423 680/476/422 684/480/426
f 684/480/426 685/481/427 681/477/423
f 683/479/425 682/478/424 686/482/428
f 686/482/428 687/483/429 683/479/425
f 691/484/427 688/485/426 689/486/430
f 689/486/430 690/487/431 691/484/427
f 687/483/429 686/482/428 692/488/432
f 692/488/432 693/489/433 687/483/429
f 690/487/431 689/486/430 694/490/434
f 694/490/434 695/491/435 690/487/431
f 693/489/433 692/488/432 696/492/436
f 696/492/436 697/493/437 693/489/433
f 695/491/435 694/490/434 698/494/438
f 698/494/438 699/495/439 695/491/435
f 697/493/437 696/492/436 700/496/440
f 700/496/440 701/497/441 697/493/437
f 699/495/439 698/494/438 668/465/411
f 668/465/411 671/464/410 699/495/439
f 701/497/441 700/496/440 676/473/419
f 676/473/419 679/472/418 701/497/441
f 703/498/442 693/489/433 697/493/437
f 697/493/437 702/499/443 703/498/442
f 705/500/444 695/491/435 699/495/439
f 699/495/439 704/501/445 705/500/444
f 702/499/443 697/493/437 701/497/441
f 701/497/441 706/502/446 702/499/443
f 704/501/445 699/495/439 671/464/410
f 671/464/410 707/503/447 704/501/445
f 706/502/446 701/497/441 679/472/418
f 679/472/418 708/504/448 706/502/446
f 707/503/447 671/464/410 670/467/413
f 670/467/413 709/505/449 707/503/447
f 711/506/450 675/468/414 674/471/417
f 674/471/417 710/507/451 711/506/450
f 708/504/448 679/472/418 678/475/421
f 678/475/421 712/508/452 708/504/448
f 709/505/449 670/467/413 675/468/414
f 675/468/414 711/506/450 709/505/449
f 712/508/452 678/475/421 681/477/423
f 681/477/423 713/509/453 712/508/452
f 710/507/451 674/471/417 683/479/425
f 683/479/425 714/510/454 710/507/451
f 713/509/453 681/477/423 685/481/427
f 685/481/427 715/511/455 713/509/453
f 714/510/454 683/479/425 687/483/429
f 687/483/429 716/512/456 714/510/454
f 718/513/455 691/484/427 690/487/431
f 690/487/431 717/514/457 718/513/455
f 716/512/456 687/483/429 693/489/433
f 693/489/433 703/498/442 716/512/456
f 717/514/457 690/487/431 695/491/435
f 695/491/435 705/500/444 717/514/457
f 720/515/458 713/509/453 715/511/455
f 715/511/455 719/516/459 720/515/458
f 722/517/460 714/510/454 716/512/456
f 716/512/456 721/518/461 722/517/460
f 724/519/462 718/513/455 717/514/457
f 717/514/457 723/520/463 724/519/462
f 721/518/461 716/512/456 703/498/442
f 703/498/442 725/521/464 721/518/461
f 723/520/463 717/514/457 705/500/444
f 705/500/444 726/522/465 723/520/463
f 725/521/464 703/498/442 702/499/443
f 702/499/443 727/523/466 725/521/464
f 726/522/465 705/500/444 704/501/445
f 704/501/445 728/524/467 726/522/465
f 727/523/466 702/499/443 706/502/446
f 706/502/446 729/525/468 727/523/466
f 728/524/467 704/501/445 707/503/447
f 707/503/447 730/526/469 728/524/467
f 729/525/468 706/502/446 708/504/448
f 708/504/448 731/527/470 729/525/468
f 730/526/469 707/503/447 709/505/449
f 709/505/449 732/528/471 730/526/469
f 734/529/472 711/506/450 710/507/451
f 710/507/451 733/530/473 734/529/472
f 731/527/470 708/504/448 712/508/452
f 712/508/452 735/531/474 731/527/470
f 732/528/471 709/505/449 711/506/450
f 711/506/450 734/529/472 732/528/471
f 735/531/474 712/508/452 713/509/453
f 713/509/453 720/515/458 735/531/474
f 733/530/473 710/507/451 714/510/454
f 714/510/454 722/517/460 733/530/473
f 737/532/475 734/529/472 733/530/473
f 733/530/473 736/533/476 737/532/475
f 739/534/477 731/527/470 735/531/474
f 735/531/474 738/535/478 739/534/477
f 740/536/479 732/528/471 734/529/472
f 734/529/472 737/532/475 740/536/479
f 738/535/478 735/531/474 720/515/458
f 720/515/458 741/537/480 738/535/478
f 736/533/476 733/530/473 722/517/460
f 722/517/460 742/538/481 736/533/476
f 741/537/480 720/515/458 719/516/459
f 719/516/459 743/539/482 741/537/480
f 742/538/481 722/517/460 721/518/461
f 721/518/461 744/540/483 742/538/481
f 746/541/484 724/519/462 723/520/463
f 723/520/463 745/542/485 746/541/484
f 744/540/483 721/518/461 725/521/464
f 725/521/464 747/543/486 744/540/483
f 745/542/485 723/520/463 726/522/465
f 726/522/465 748/544/487 745/542/485
f 747/543/486 725/521/464 727/523/466
f 727/523/466 749/545/488 747/543/486
f 748/544/487 726/522/465 728/524/467
f 728/524/467 750/546/489 748/544/487
f 749/545/488 727/523/466 729/525/468
f 729/525/468 751/547/490 749/545/488
f 750/546/489 728/524/467 730/526/469
f 730/526/469 752/548/491 750/546/489
f 751/547/490 729/525/468 731/527/470
f 731/527/470 739/534/477 751/547/490
f 752/548/491 730/526/469 732/528/471
f 732/528/471 740/536/479 752/548/491
f 754/549/492 748/544/487 750/546/489
f 750/546/489 753/550/493 754/549/492
f 756/551/494 749/545/488 751/547/490
f 751/547/490 755/552/495 756/551/494
f 753/550/493 750/546/489 752/548/491
f 752/548/491 757/553/496 753/550/493
f 755/552/495 751/547/490 739/534/477
f 739/534/477 758/554/497 755/552/495
f 757/553/496 752/548/491 740/536/479
f 740/536/479 759/555/498 757/553/496
f 761/556/499 737/532/475 736/533/476
f 736/533/476 760/557/500 761/556/499
f 758/554/497 739/534/477 738/535/478
f 738/535/478 762/558/501 758/554/497
f 759/555/498 740/536/479 737/532/475
f 737/532/475 761/556/499 759/555/498
f 762/558/501 738/535/478 741/537/480
f 741/537/480 763/559/502 762/558/501
f 760/557/500 736/533/476 742/538/481
f 742/538/481 764/560/503 760/557/500
f 763/559/502 741/537/480 743/539/482
f 743/539/482 765/561/504 763/559/502
f 764/560/503 742/538/481 744/540/483
f 744/540/483 766/562/505 764/560/503
f 768/563/504 746/541/484 745/542/485
f 745/542/485 767/564/506 768/563/504
f 766/562/505 744/540/483 747/543/486
f 747/543/486 769/565/507 766/562/505
f 767/564/506 745/542/485 748/544/487
f 748/544/487 754/549/492 767/564/506
f 769/565/507 747/543/486 749/545/488
f 749/545/488 756/551/494 769/565/507
f 771/566/508 764/560/503 766/562/505
f 766/562/505 770/567/509 771/566/508
f 773/568/510 768/563/504 767/564/506
f 767/564/506 772/569/511 773/568/510
f 770/567/509 766/562/505 769/565/507
f 769/565/507 774/570/512 770/567/509
f 772/569/511 767/564/506 754/549/492
f 754/549/492 775/571/513 772/569/511
f 774/570/512 769/565/507 756/551/494
f 756/551/494 776/572/514 774/570/512
f 775/571/513 754/549/492 753/550/493
f 753/550/493 777/573/515 775/571/513
f 776/572/514 756/551/494 755/552/495
f 755/552/495 778/574/516 776/572/514
f 777/573/515 753/550/493 757/553/496
f 757/553/496 779/575/517 777/573/515
f 778/574/516 755/552/495 758/554/497
f 758/554/497 780/576/518 778/574/516
f 779/575/517 757/553/496 759/555/498
f 759/555/498 781/577/519 779/575/517
f 783/578/520 761/556/499 760/557/500
f 760/557/500 782/579/521 783/578/520
f 780/576/518 758/554/497 762/558/501
f 762/558/501 784/580/522 780/576/518
f 781/577/519 759/555/498 761/556/499
f 761/556/499 783/578/520 781/577/519
f 784/580/522 762/558/501 763/559/502
f 763/559/502 785/581/523 784/580/522
f 782/579/521 760/557/500 764/560/503
f 764/560/503 771/566/508 782/579/521
f 785/581/523 763/559/502 765/561/504
f 765/561/504 786/582/524 785/581/523
f 788/583/525 780/576/518 784/580/522
f 784/580/522 787/584/526 788/583/525
f 790/585/527 781/577/519 783/578/520
f 783/578/520 789/586/528 790/585/527
f 787/584/526 784/580/522 785/581/523
f 785/581/523 791/587/529 787/584/526
f 793/588/530 782/579/521 771/566/508
f 771/566/508 792/589/531 793/588/530
f 791/587/529 785/581/523 786/582/524
f 786/582/524 794/590/532 791/587/529
f 792/589/531 771/566/508 770/567/509
f 770/567/509 795/591/533 792/589/531
f 797/592/532 773/568/510 772/569/511
f 772/569/511 796/593/534 797/592/532
f 795/591/533 770/567/509 774/570/512
f 774/570/512 798/594/535 795/591/533
f 796/593/534 772/569/511 775/571/513
f 775/571/513 799/595/536 796/593/534
f 798/594/535 774/570/512 776/572/514
f 776/572/514 800/596/537 798/594/535
f 799/595/536 775/571/513 777/573/515
f 777/573/515 801/597/538 799/595/536
f 800/596/537 776/572/514 778/574/516
f 778/574/516 802/598/539 800/596/537
f 801/597/538 777/573/515 779/575/517
f 779/575/517 803/599/540 801/597/538
f 802/598/539 778/574/516 780/576/518
f 780/576/518 788/583/525 802/598/539
f 803/599/540 779/575/517 781/577/519
f 781/577/519 790/585/527 803/599/540
f 789/586/528 783/578/520 782/579/521
f 782/579/521 793/588/530 789/586/528
f 807/600/541 804/601/541 805/602/542
f 805/602/542 806/603/542 807/600/541
f 811/604/543 808/605/543 809/606/544
f 809/606/544 810/607/544 811/604/543
f 806/603/542 805/602/542 812/608/545
f 812/608/545 813/609/545 806/603/542
f 810/607/544 809/606/544 814/610/546
f 814/610/546 815/611/546 810/607/544
f 813/609/545 812/608/545 816/612/547
f 816/612/547 817/613/547 813/609/545
f 821/614/548 818/615/548 819/616/549
f 819/616/549 820/617/549 821/614/548
f 815/611/546 814/610/546 822/618/550
f 822/618/550 823/619/550 815/611/546
f 817/613/547 816/612/547 818/615/548
f 818/615/548 821/614/548 817/613/547
f 823/619/550 822/618/550 824/620/551
f 824/620/551 825/621/551 823/619/550
f 820/617/549 819/616/549 826/622/552
f 826/622/552 827/623/552 820/617/549
f 825/621/551 824/620/551 828/624/553
f 828/624/553 829/625/553 825/621/551
f 827/623/552 826/622/552 830/626/554
f 830/626/554 831/627/554 827/623/552
f 835/628/555 832/629/553 833/630/556
f 833/630/556 834/631/556 835/628/555
f 831/627/554 830/626/554 836/632/557
f 836/632/557 837/633/557 831/627/554
f 834/631/556 833/630/556 804/601/541
f 804/601/541 807/600/541 834/631/556
f 837/633/557 836/632/557 808/605/543
f 808/605/543 811/604/543 837/633/557
f 841/634/30 838/623/30 839/627/28
f 839/627/28 840/635/28 841/634/30
f 845/636/14 842/628/14 843/631/12
f 843/631/12 844/637/12 845/636/14
f 840/635/28 839/627/28 846/633/26
f 846/633/26 847/638/26 840/635/28
f 844/637/12 843/631/12 848/600/10
f 848/600/10 849/639/10 844/637/12
f 847/638/26 846/633/26 850/604/24
f 850/604/24 851/640/24 847/638/26
f 849/639/10 848/600/10 852/603/8
f 852/603/8 853/641/8 849/639/10
f 851/640/24 850/604/24 854/607/22
f 854/607/22 855/642/22 851/640/24
f 853/641/8 852/603/8 856/609/6
f 856/609/6 857/643/6 853/641/8
f 855/642/22 854/607/22 858/611/20
f 858/611/20 859/644/20 855/642/22
f 857/643/6 856/609/6 860/613/5
f 860/613/5 861/645/5 857/643/6
f 865/646/54 862/614/54 863/617/32
f 863/617/32 864/647/32 865/646/54
f 859/644/20 858/611/20 866/619/18
f 866/619/18 867/648/18 859/644/20
f 861/645/5 860/613/5 862/614/54
f 862/614/54 865/646/54 861/645/5
f 867/648/18 866/619/18 868/621/16
f 868/621/16 869/649/16 867/648/18
f 864/647/32 863/617/32 838/623/30
f 838/623/30 841/634/30 864/647/32
f 869/649/16 868/621/16 870/625/14
f 870/625/14 871/650/14 869/649/16
f 875/651/558 872/644/559 873/648/560
f 873/648/560 874/652/561 875/651/558
f 879/653/562 876/645/563 877/646/564
f 877/646/564 878/654/565 879/653/562
f 874/652/561 873/648/560 880/649/566
f 880/649/566 881/655/567 874/652/561
f 885/656/568 882/647/569 883/634/570
f 883/634/570 884/657/571 885/656/568
f 881/655/567 880/649/566 886/650/572
f 886/650/572 887/658/573 881/655/567
f 884/657/571 883/634/570 888/635/574
f 888/635/574 889/659/575 884/657/571
f 893/660/573 890/636/572 891/637/576
f 891/637/576 892/661/577 893/660/573
f 889/659/575 888/635/574 894/638/578
f 894/638/578 895/662/579 889/659/575
f 892/661/577 891/637/576 896/639/580
f 896/639/580 897/663/581 892/661/577
f 895/662/579 894/638/578 898/640/582
f 898/640/582 899/664/583 895/662/579
f 897/663/581 896/639/580 900/641/584
f 900/641/584 901/665/585 897/663/581
f 899/664/583 898/640/582 902/642/586
f 902/642/586 903/666/587 899/664/583
f 901/665/585 900/641/584 904/643/588
f 904/643/588 905/667/589 901/665/585
f 903/666/587 902/642/586 872/644/559
f 872/644/559 875/651/558 903/666/587
f 905/667/589 904/643/588 876/645/563
f 876/645/563 879/653/562 905/667/589
f 878/654/565 877/646/564 882/647/569
f 882/647/569 885/656/568 878/654/565
f 907/668/590 897/663/581 901/665/585
f 901/665/585 906/669/591 907/668/590
f 909/670/592 899/664/583 903/666/587
f 903/666/587 908/671/593 909/670/592
f 906/669/591 901/665/585 905/667/589
f 905/667/589 910/672/594 906/669/591
f 908/671/593 903/666/587 875/651/558
f 875/651/558 911/673/595 908/671/593
f 910/672/594 905/667/589 879/653/562
f 879/653/562 912/674/596 910/672/594
f 914/675/597 878/654/565 885/656/568
f 885/656/568 913/676/598 914/675/597
f 911/673/595 875/651/558 874/652/561
f 874/652/561 915/677/599 911/673/595
f 912/674/596 879/653/562 878/654/565
f 878/654/565 914/675/597 912/674/596
f 915/677/599 874/652/561 881/655/567
f 881/655/567 916/678/600 915/677/599
f 913/676/598 885/656/568 884/657/571
f 884/657/571 917/679/601 913/676/598
f 916/678/600 881/655/567 887/658/573
f 887/658/573 918/680/602 916/678/600
f 917/679/601 884/657/571 889/659/575
f 889/659/575 919/681/603 917/679/601
f 921/682/602 893/660/573 892/661/577
f 892/661/577 920/683/604 921/682/602
f 919/681/603 889/659/575 895/662/579
f 895/662/579 922/684/605 919/681/603
f 920/683/604 892/661/577 897/663/581
f 897/663/581 907/668/590 920/683/604
f 922/684/605 895/662/579 899/664/583
f 899/664/583 909/670/592 922/684/605
f 924/685/606 921/682/602 920/683/604
f 920/683/604 923/686/607 924/685/606
f 926/687/608 919/681/603 922/684/605
f 922/684/605 925/688/609 926/687/608
f 923/686/607 920/683/604 907/668/590
f 907/668/590 927/689/610 923/686/607
f 925/688/609 922/684/605 909/670/592
f 909/670/592 928/690/611 925/688/609
f 927/689/610 907/668/590 906/669/591
f 906/669/591 929/691/612 927/689/610
f 928/690/611 909/670/592 908/671/593
f 908/671/593 930/692/613 928/690/611
f 929/691/612 906/669/591 910/672/594
f 910/672/594 931/693/614 929/691/612
f 930/692/613 908/671/593 911/673/595
f 911/673/595 932/694/615 930/692/613
f 931/693/614 910/672/594 912/674/596
f 912/674/596 933/695/616 931/693/614
f 935/696/617 914/675/597 913/676/598
f 913/676/598 934/697/618 935/696/617
f 932/694/615 911/673/595 915/677/599
f 915/677/599 936/698/619 932/694/615
f 933/695/616 912/674/596 914/675/597
f 914/675/597 935/696/617 933/695/616
f 936/698/619 915/677/599 916/678/600
f 916/678/600 937/699/620 936/698/619
f 934/697/618 913/676/598 917/679/601
f 917/679/601 938/700/621 934/697/618
f 937/699/620 916/678/600 918/680/602
f 918/680/602 939/701/606 937/699/620
f 938/700/621 917/679/601 919/681/603
f 919/681/603 926/687/608 938/700/621
f 943/702/622 940/695/622 941/696/623
f 941/696/623 942/703/623 943/702/622
f 947/704/624 944/698/624 945/699/625
f 945/699/625 946/705/625 947/704/624
f 951/706/626 948/697/626 949/700/627
f 949/700/627 950/707/627 951/706/626
f 946/705/625 945/699/625 952/701/628
f 952/701/628 953/708/628 946/705/625
f 950/707/627 949/700/627 954/687/629
f 954/687/629 955/709/629 950/707/627
f 959/710/628 956/685/628 957/686/630
f 957/686/630 958/711/630 959/710/628
f 955/709/629 954/687/629 960/688/631
f 960/688/631 961/712/631 955/709/629
f 958/711/630 957/686/630 962/689/632
f 962/689/632 963/713/632 958/711/630
f 961/712/631 960/688/631 964/690/633
f 964/690/633 965/714/633 961/712/631
f 963/713/632 962/689/632 966/691/634
f 966/691/634 967/715/634 963/713/632
f 965/714/633 964/690/633 968/692/635
f 968/692/635 969/716/635 965/714/633
f 967/715/634 966/691/634 970/693/636
f 970/693/636 971/717/636 967/715/634
f 969/716/635 968/692/635 972/694/637
f 972/694/637 973/718/637 969/716/635
f 971/717/636 970/693/636 940/695/622
f 940/695/622 943/702/622 971/717/636
f 942/703/623 941/696/623 948/697/626
f 948/697/626 951/706/626 942/703/623
f 973/718/637 972/694/637 944/698/624
f 944/698/624 947/704/624 973/718/637
f 977/719/638 974/714/638 975/716/639
f 975/716/639 976/720/639 977/719/638
f 981/721/640 978/715/640 979/717/641
f 979/717/641 980/722/641 981/721/640
f 976/720/639 975/716/639 982/718/642
f 982/718/642 983/723/642 976/720/639
f 980/722/641 979/717/641 984/702/643
f 984/702/643 985/724/643 980/722/641
f 989/725/644 986/703/644 987/706/645
f 987/706/645 988/726/645 989/725/644
f 983/723/642 982/718/642 990/704/646
f 990/704/646 991/727/646 983/723/642
f 985/724/643 984/702/643 986/703/644
f 986/703/644 989/725/644 985/724/643
f 991/727/646 990/704/646 992/705/647
f 992/705/647 993/728/647 991/727/646
f 988/726/645 987/706/645 994/707/648
f 994/707/648 995/729/648 988/726/645
f 993/728/647 992/705/647 996/708/649
f 996/708/649 997/730/649 993/728/647
f 995/729/648 994/707/648 998/709/650
f 998/709/650 999/731/650 995/729/648
f 1003/732/649 1000/710/649 1001/711/651
f 1001/711/651 1002/733/651 1003/732/649
f 999/731/650 998/709/650 1004/712/652
f 1004/712/652 1005/734/652 999/731/650
f 1002/733/651 1001/711/651 1006/713/653
f 1006/713/653 1007/735/653 1002/733/651
f 1005/734/652 1004/712/652 974/714/638
f 974/714/638 977/719/638 1005/734/652
f 1007/735/653 1006/713/653 978/715/640
f 978/715/640 981/721/640 1007/735/653
f 1011/729/654 1008/731/655 1009/736/655
f 1009/736/655 1010/737/654 1011/729/654
f 1015/728/656 1012/730/657 1013/738/657
f 1013/738/657 1014/739/656 1015/728/656
f 1017/726/658 1011/729/654 1010/737/654
f 1010/737/654 1016/740/658 1017/726/658
f 1019/727/659 1015/728/656 1014/739/656
f 1014/739/656 1018/741/659 1019/727/659
f 1023/724/660 1020/725/661 1021/742/661
f 1021/742/661 1022/743/660 1023/724/660
f 1025/723/662 1019/727/659 1018/741/659
f 1018/741/659 1024/744/662 1025/723/662
f 1020/725/661 1017/726/658 1016/740/658
f 1016/740/658 1021/742/661 1020/725/661
f 1027/722/663 1023/724/660 1022/743/660
f 1022/743/660 1026/745/663 1027/722/663
f 1029/720/664 1025/723/662 1024/744/662
f 1024/744/662 1028/746/664 1029/720/664
f 1031/721/665 1027/722/663 1026/745/663
f 1026/745/663 1030/747/665 1031/721/665
f 1033/719/666 1029/720/664 1028/746/664
f 1028/746/664 1032/748/666 1033/719/666
f 1035/735/667 1031/721/665 1030/747/665
f 1030/747/665 1034/749/667 1035/735/667
f 1037/734/668 1033/719/666 1032/748/666
f 1032/748/666 1036/750/668 1037/734/668
f 1039/733/669 1035/735/667 1034/749/667
f 1034/749/667 1038/751/669 1039/733/669
f 1008/731/655 1037/734/668 1036/750/668
f 1036/750/668 1009/736/655 1008/731/655
f 1041/732/670 1039/733/669 1038/751/669
f 1038/751/669 1040/752/670 1041/732/670
s 0
f 1045/753/83 1042/754/83 1043/755/83
f 1043/755/83 1044/756/83 1045/753/83
f 1047/757/83 1046/758/83 1042/754/83
f 1042/754/83 1045/753/83 1047/757/83
f 1049/759/83 1048/760/83 1046/758/83
f 1046/758/83 1047/757/83 1049/759/83
f 1051/761/83 1050/762/83 1048/760/83
f 1048/760/83 1049/759/83 1051/761/83
f 1042/754/83 1052/763/83 1053/764/83
f 1053/764/83 1043/755/83 1042/754/83
f 1046/758/83 1054/765/83 1052/763/83
f 1052/763/83 1042/754/83 1046/758/83
f 1048/760/83 1055/766/83 1054/765/83
f 1054/765/83 1046/758/83 1048/760/83
f 1050/762/83 1056/767/83 1055/766/83
f 1055/766/83 1048/760/83 1050/762/83
f 1052/763/83 1057/768/83 1058/769/83
f 1058/769/83 1053/764/83 1052/763/83
f 1054/765/83 1059/770/83 1057/768/83
f 1057/768/83 1052/763/83 1054/765/83
f 1055/766/83 1060/771/83 1059/770/83
f 1059/770/83 1054/765/83 1055/766/83
f 1056/767/83 1061/772/83 1060/771/83
f 1060/771/83 1055/766/83 1056/767/83
f 1057/768/83 1062/773/83 1063/774/83
f 1063/774/83 1058/769/83 1057/768/83
f 1059/770/83 1064/775/83 1062/773/83
f 1062/773/83 1057/768/83 1059/770/83
f 1060/771/83 1065/776/83 1064/775/83
f 1064/775/83 1059/770/83 1060/771/83
f 1061/772/83 1066/777/83 1065/776/83
f 1065/776/83 1060/771/83 1061/772/83
f 46/45/38 45/44/38 1067/778/38
f 1067/778/38 1068/779/38 46/45/38
f 1068/779/38 1067/778/38 1069/780/38
f 1069/780/38 1070/781/38 1068/779/38
f 1070/781/38 1069/780/38 1071/782/38
f 1071/782/38 1072/783/38 1070/781/38
f 1074/784/38 47/42/38 46/45/38
f 46/45/38 1073/785/38 1074/784/38
f 1073/785/38 46/45/38 1068/779/38
f 1068/779/38 1075/786/38 1073/785/38
f 1075/786/38 1068/779/38 1070/781/38
f 1070/781/38 1076/787/38 1075/786/38
f 1076/787/38 1070/781/38 1072/783/38
f 1072/783/38 1077/788/38 1076/787/38
f 1079/789/38 1074/784/38 1073/785/38
f 1073/785/38 1078/790/38 1079/789/38
f 1078/790/38 1073/785/38 1075/786/38
f 1075/786/38 1080/791/38 1078/790/38
f 1080/791/38 1075/786/38 1076/787/38
f 1076/787/38 1081/792/38 1080/791/38
f 1081/792/38 1076/787/38 1077/788/38
f 1077/788/38 1082/793/38 1081/792/38
f 1084/794/38 1079/789/38 1078/790/38
f 1078/790/38 1083/795/38 1084/794/38
f 1083/795/38 1078/790/38 1080/791/38
f 1080/791/38 1085/796/38 1083/795/38
f 1085/796/38 1080/791/38 1081/792/38
f 1081/792/38 1086/797/38 1085/796/38
f 1086/797/38 1081/792/38 1082/793/38
f 1082/793/38 1087/798/38 1086/797/38
