# Blender 4.0.2
# www.blender.org
mtllib garbage_container.mtl
o Object_4
v 0.731348 0.334200 -0.593221
v 0.716407 0.334200 -0.593221
v 0.716407 0.334200 -0.605261
v 0.716407 0.379526 -0.594798
v 0.731348 0.355448 -0.594798
v 0.716407 0.355448 -0.606870
v 0.716407 0.118392 -0.087454
v 0.729965 0.130524 -0.082534
v 0.729965 0.095925 -0.064987
v -0.731348 0.334200 -0.593221
v -0.716407 0.334200 -0.605261
v -0.716407 0.334200 -0.593221
v -0.716407 0.379526 -0.594798
v -0.716407 0.355448 -0.606870
v -0.731348 0.355448 -0.594798
v -0.716407 0.118392 -0.087454
v -0.729965 0.095925 -0.064987
v -0.729965 0.130524 -0.082534
v 0.731348 0.334200 0.593221
v 0.716407 0.334200 0.605261
v 0.716407 0.334200 0.593221
v 0.716407 0.379526 0.594798
v 0.716407 0.355448 0.606870
v 0.731348 0.355448 0.594798
v 0.716407 0.118392 0.087454
v 0.729965 0.095925 0.064987
v 0.729965 0.130524 0.082534
v -0.731348 0.334200 0.593221
v -0.716407 0.334200 0.593221
v -0.716407 0.334200 0.605261
v -0.716407 0.379526 0.594798
v -0.731348 0.355448 0.594798
v -0.716407 0.355448 0.606870
v -0.716407 0.118392 0.087454
v -0.729965 0.130524 0.082534
v -0.729965 0.095925 0.064987
v 0.682776 -0.611439 -0.405272
v 0.682776 -0.517201 -0.467485
v 0.000000 -0.517419 -0.468118
v 0.000000 -0.614186 -0.407498
v 0.000000 -0.614186 -0.407498
v 0.000000 -0.657718 -0.288515
v 0.682776 -0.656346 -0.288162
v 0.682776 -0.611439 -0.405272
v 0.000000 -0.685964 -0.105327
v 0.682776 -0.684848 -0.105241
v 0.731348 0.334200 -0.593221
v 0.731348 0.355448 -0.594798
v 0.731348 0.524320 -0.459501
v 0.731348 0.507383 -0.445693
v 0.716407 0.639988 -0.280360
v 0.716407 0.548397 -0.459501
v 0.682776 0.524320 -0.459501
v 0.682775 0.615911 -0.280360
v 0.716407 0.697233 -0.090179
v 0.682775 0.673155 -0.090179
v 0.716407 0.697233 0.000000
v 0.682775 0.673155 0.000000
v 0.716407 0.639988 -0.280360
v 0.716407 0.697233 -0.090179
v 0.731348 0.673155 -0.090179
v 0.731348 0.615911 -0.280360
v 0.716407 0.379526 -0.594798
v 0.716407 0.355448 -0.606870
v 0.000000 0.355448 -0.606870
v 0.000000 0.379526 -0.594798
v 0.682776 0.359077 -0.560295
v 0.716407 0.379526 -0.594798
v 0.000000 0.379526 -0.594798
v 0.000000 0.359077 -0.560295
v 0.731348 0.615911 -0.280360
v 0.731348 0.596008 -0.272353
v 0.731348 0.673155 -0.090179
v 0.731348 0.651789 -0.087033
v 0.716407 0.651789 0.000000
v 0.716407 0.651789 -0.087033
v 0.731348 0.651789 -0.087033
v 0.731348 0.651789 0.000000
v 0.716407 0.379526 -0.594798
v 0.716407 0.548397 -0.459501
v 0.731348 0.524320 -0.459501
v 0.731348 0.355448 -0.594798
v 0.716407 0.596008 -0.272353
v 0.716407 0.507383 -0.445693
v 0.731348 0.507383 -0.445693
v 0.731348 0.596008 -0.272353
v 0.716407 0.507383 -0.445693
v 0.716407 0.334200 -0.593221
v 0.731348 0.334200 -0.593221
v 0.731348 0.507383 -0.445693
v 0.716407 0.355448 -0.606870
v 0.716407 0.334200 -0.605261
v 0.000000 0.334200 -0.604590
v 0.000000 0.355448 -0.606870
v 0.731348 0.334200 -0.593221
v 0.716407 0.334200 -0.605261
v 0.682776 0.359077 -0.560295
v 0.682776 0.524320 -0.459501
v 0.716407 0.548397 -0.459501
v 0.716407 0.379526 -0.594798
v 0.000000 0.334200 -0.592564
v 0.000000 0.334200 -0.604590
v 0.716407 0.334200 -0.605261
v 0.716407 0.334200 -0.593221
v 0.716407 -0.529033 -0.501782
v 0.600561 -0.529033 -0.501782
v 0.600561 -0.444897 -0.510627
v 0.631807 -0.444897 -0.510624
v 0.000000 0.334200 -0.592564
v 0.716407 0.334200 -0.593221
v 0.631807 0.250063 -0.584302
v 0.000000 0.250071 -0.583723
v 0.600561 -0.421729 -0.505276
v 0.608511 -0.421729 -0.505274
v 0.608511 0.226895 -0.574063
v 0.000000 0.226905 -0.573505
v 0.729965 0.255873 -0.084188
v 0.729965 0.130524 -0.082534
v 0.729965 0.130524 -0.384482
v 0.729965 0.255873 -0.392187
v 0.716407 0.268006 -0.415565
v 0.716407 0.118392 -0.407401
v 0.716407 0.118392 -0.570362
v 0.716407 0.226296 -0.581792
v 0.716407 0.268006 -0.415565
v 0.716407 0.268006 -0.089207
v 0.729965 0.255873 -0.084188
v 0.729965 0.255873 -0.392187
v 0.716407 0.118392 -0.087454
v 0.716407 0.118392 -0.407401
v 0.729965 0.130524 -0.384482
v 0.729965 0.130524 -0.082534
v 0.716407 0.118392 -0.407401
v 0.716407 0.268006 -0.415565
v 0.729965 0.255873 -0.392187
v 0.729965 0.130524 -0.384482
v 0.741108 0.239289 0.000000
v 0.741108 0.239289 -0.067384
v 0.729965 0.255873 -0.084188
v 0.729965 0.255873 0.000000
v 0.741108 0.239289 -0.067384
v 0.741108 0.147108 -0.066167
v 0.729965 0.130524 -0.082534
v 0.729965 0.255873 -0.084188
v 0.858663 0.193349 -0.027164
v 0.858663 0.174141 -0.019208
v 0.858663 0.167126 -0.026223
v 0.858663 0.193349 -0.037086
v 0.858663 0.166185 0.000000
v 0.858663 0.156264 0.000000
v 0.858663 0.220513 0.000000
v 0.858663 0.212557 -0.019208
v 0.858663 0.219572 -0.026223
v 0.858663 0.230434 0.000000
v 0.858663 0.166185 0.000000
v 0.858663 0.174141 -0.019208
v 0.766425 0.174141 -0.019208
v 0.766425 0.166185 0.000000
v 0.858663 0.212557 -0.019208
v 0.858663 0.220513 0.000000
v 0.766425 0.220513 0.000000
v 0.766425 0.212557 -0.019208
v 0.858663 0.174141 -0.019208
v 0.858663 0.193349 -0.027164
v 0.766425 0.193349 -0.027164
v 0.766425 0.174141 -0.019208
v 0.858663 0.193349 -0.027164
v 0.858663 0.212557 -0.019208
v 0.766425 0.212557 -0.019208
v 0.766425 0.193349 -0.027164
v 0.741108 0.219572 -0.026223
v 0.741108 0.230434 0.000000
v 0.858663 0.230434 0.000000
v 0.858663 0.219572 -0.026223
v 0.741108 0.167126 -0.026223
v 0.741108 0.193349 -0.037086
v 0.858663 0.193349 -0.037086
v 0.858663 0.167126 -0.026223
v 0.741108 0.193349 -0.037086
v 0.741108 0.219572 -0.026223
v 0.858663 0.219572 -0.026223
v 0.858663 0.193349 -0.037086
v 0.741108 0.156263 0.000000
v 0.741108 0.167126 -0.026223
v 0.858663 0.167126 -0.026223
v 0.858663 0.156264 0.000000
v 0.587812 -0.594439 -0.506994
v 0.587812 -0.255305 -0.563062
v 0.751031 -0.255305 -0.563062
v 0.751031 -0.594439 -0.506994
v 0.751031 -0.594439 -0.506994
v 0.751031 -0.255305 -0.563062
v 0.751031 -0.242842 -0.436814
v 0.751031 -0.581976 -0.427142
v 0.751031 -0.581976 -0.427142
v 0.751031 -0.242842 -0.436814
v 0.716407 -0.242842 -0.436814
v 0.716407 -0.581976 -0.427142
v 0.587812 -0.594439 -0.506994
v 0.751031 -0.594439 -0.506994
v 0.738282 -0.592469 -0.494374
v 0.600561 -0.592469 -0.494374
v 0.751031 -0.594439 -0.506994
v 0.751031 -0.581976 -0.427142
v 0.738282 -0.583946 -0.439763
v 0.738282 -0.592469 -0.494374
v 0.751031 -0.581976 -0.427142
v 0.716407 -0.581976 -0.427142
v 0.716407 -0.583946 -0.439763
v 0.738282 -0.583946 -0.439763
v 0.751031 -0.255305 -0.563062
v 0.587812 -0.255305 -0.563062
v 0.600561 -0.254052 -0.550374
v 0.738282 -0.254052 -0.550374
v 0.587812 -0.255305 -0.563062
v 0.587812 -0.251382 -0.523321
v 0.600561 -0.251383 -0.523333
v 0.600561 -0.254052 -0.550374
v 0.751031 -0.242842 -0.436814
v 0.751031 -0.255305 -0.563062
v 0.738282 -0.254052 -0.550374
v 0.738282 -0.244095 -0.449502
v 0.738282 -0.583946 -0.439763
v 0.738282 -0.244095 -0.449502
v 0.738282 -0.254052 -0.550374
v 0.738282 -0.592469 -0.494374
v 0.738282 -0.592469 -0.494374
v 0.738282 -0.254052 -0.550374
v 0.600561 -0.254052 -0.550374
v 0.600561 -0.592469 -0.494374
v 0.600561 -0.587873 -0.464922
v 0.587812 -0.587873 -0.464922
v 0.587812 -0.594439 -0.506994
v 0.600561 -0.592469 -0.494374
v 0.716407 -0.583946 -0.439763
v 0.716407 -0.244095 -0.449502
v 0.738282 -0.244095 -0.449502
v 0.738282 -0.583946 -0.439763
v 0.716407 -0.244095 -0.449502
v 0.716407 -0.242842 -0.436814
v 0.751031 -0.242842 -0.436814
v 0.738282 -0.244095 -0.449502
v 0.396099 -0.464264 -0.518824
v 0.396099 -0.439516 -0.518824
v 0.573256 -0.439516 -0.518824
v 0.573256 -0.464264 -0.518824
v 0.573256 -0.439516 -0.518824
v 0.396099 -0.439516 -0.518824
v 0.396099 -0.439516 -0.509414
v 0.573256 -0.439516 -0.509388
v 0.396099 -0.481502 -0.518545
v 0.573256 -0.481502 -0.518545
v 0.573256 -0.644139 -0.556216
v 0.396099 -0.644140 -0.556216
v 0.573256 -0.464264 -0.518824
v 0.573256 -0.464264 -0.508595
v 0.573256 -0.485109 -0.506403
v 0.573256 -0.481502 -0.518545
v 0.396099 -0.650011 -0.544051
v 0.396099 -0.697649 -0.543817
v 0.573256 -0.697648 -0.543817
v 0.573256 -0.650011 -0.544051
v 0.573256 -0.703065 -0.560286
v 0.396099 -0.703065 -0.560286
v 0.573256 -0.650011 -0.544051
v 0.573256 -0.697648 -0.543817
v 0.573256 -0.703065 -0.560286
v 0.573256 -0.644139 -0.556216
v 0.573256 -0.703065 -0.560286
v 0.573256 -0.697648 -0.543817
v 0.573256 -0.709530 -0.505180
v 0.573256 -0.724261 -0.504056
v 0.396099 -0.697649 -0.543817
v 0.396099 -0.703065 -0.560286
v 0.396099 -0.724261 -0.504056
v 0.396099 -0.709531 -0.505180
v 0.573256 -0.697648 -0.543817
v 0.396099 -0.697649 -0.543817
v 0.396099 -0.709531 -0.505180
v 0.573256 -0.709530 -0.505180
v 0.396099 -0.644140 -0.556216
v 0.396099 -0.703065 -0.560286
v 0.396099 -0.697649 -0.543817
v 0.396099 -0.650011 -0.544051
v 0.396099 -0.684310 -0.316809
v 0.573256 -0.684310 -0.316809
v 0.573256 -0.487657 -0.506135
v 0.396099 -0.487721 -0.506150
v 0.396099 -0.485103 -0.506425
v 0.396099 -0.464264 -0.508616
v 0.396099 -0.464264 -0.518824
v 0.396099 -0.481502 -0.518545
v 0.486073 -0.746673 -0.519125
v 0.486073 -0.727213 -0.519125
v 0.537939 -0.727213 -0.497642
v 0.537939 -0.746673 -0.497642
v 0.537939 -0.746673 -0.497642
v 0.537939 -0.727213 -0.497642
v 0.559423 -0.727213 -0.445776
v 0.559423 -0.746673 -0.445776
v 0.559423 -0.746673 -0.445776
v 0.559423 -0.727213 -0.445776
v 0.537939 -0.727213 -0.393910
v 0.537939 -0.746673 -0.393910
v 0.537939 -0.746673 -0.393910
v 0.537939 -0.727213 -0.393910
v 0.486073 -0.727213 -0.372427
v 0.486073 -0.746673 -0.372427
v 0.486073 -0.746673 -0.372427
v 0.486073 -0.727213 -0.372427
v 0.434207 -0.727213 -0.393910
v 0.434207 -0.746673 -0.393910
v 0.434207 -0.746673 -0.393910
v 0.434207 -0.727213 -0.393910
v 0.412724 -0.727213 -0.445776
v 0.412724 -0.746673 -0.445776
v 0.412724 -0.746673 -0.445776
v 0.412724 -0.727213 -0.445776
v 0.434207 -0.727213 -0.497642
v 0.434207 -0.746673 -0.497642
v 0.434207 -0.746673 -0.497642
v 0.434207 -0.727213 -0.497642
v 0.486073 -0.727213 -0.519125
v 0.486073 -0.746673 -0.519125
v 0.434207 -0.727213 -0.497642
v 0.412724 -0.727213 -0.445776
v 0.444863 -0.715823 -0.445776
v 0.445096 -0.721756 -0.486753
v 0.434207 -0.727213 -0.393910
v 0.463465 -0.712549 -0.423167
v 0.486073 -0.727213 -0.372427
v 0.486073 -0.711587 -0.416518
v 0.537939 -0.727213 -0.393910
v 0.508682 -0.712549 -0.423167
v 0.559423 -0.727213 -0.445776
v 0.527283 -0.715823 -0.445776
v 0.537939 -0.727213 -0.497642
v 0.527050 -0.721756 -0.486753
v 0.729965 0.095925 0.000000
v 0.729965 -0.597367 0.000000
v 0.729965 -0.591728 -0.064987
v 0.729965 0.095925 -0.064987
v 0.729965 0.095925 -0.064987
v 0.729965 -0.591728 -0.064987
v 0.716407 -0.612329 -0.087454
v 0.716407 0.118392 -0.087454
v 0.673011 0.093092 -0.606511
v 0.678543 0.083449 -0.608829
v 0.678543 0.106150 -0.639268
v 0.673011 0.111092 -0.630664
v 0.656413 0.224058 -0.656026
v 0.656413 0.106150 -0.639268
v 0.661946 0.111092 -0.630664
v 0.661946 0.221709 -0.646385
v 0.673011 0.073807 -0.611147
v 0.661946 0.073807 -0.611147
v 0.661946 0.101207 -0.647873
v 0.673011 0.101207 -0.647873
v 0.661946 0.093092 -0.606511
v 0.673011 0.093092 -0.606511
v 0.673011 0.111092 -0.630664
v 0.661946 0.111092 -0.630664
v 0.661946 0.073807 -0.611147
v 0.656413 0.083449 -0.608829
v 0.656413 0.106150 -0.639268
v 0.661946 0.101207 -0.647873
v 0.678543 0.083449 -0.608829
v 0.673011 0.073807 -0.611147
v 0.673011 0.101207 -0.647873
v 0.678543 0.106150 -0.639268
v 0.656413 0.083449 -0.608829
v 0.661946 0.093092 -0.606511
v 0.673011 0.221709 -0.646385
v 0.678543 0.224058 -0.656026
v 0.673011 0.226407 -0.665667
v 0.673011 0.101207 -0.647873
v 0.661946 0.101207 -0.647873
v 0.661946 0.226407 -0.665667
v 0.661946 0.221709 -0.646385
v 0.661946 0.111092 -0.630664
v 0.673011 0.111092 -0.630664
v 0.673011 0.221709 -0.646385
v 0.678543 0.224058 -0.656026
v 0.673011 0.226407 -0.665667
v 0.673011 0.245725 -0.628204
v 0.678543 0.254341 -0.633117
v 0.673011 0.262956 -0.638029
v 0.673011 0.226407 -0.665667
v 0.661946 0.226407 -0.665667
v 0.661946 0.262956 -0.638029
v 0.661946 0.245725 -0.628204
v 0.661946 0.221709 -0.646385
v 0.673011 0.221709 -0.646385
v 0.673011 0.245725 -0.628204
v 0.661946 0.262956 -0.638029
v 0.661946 0.226407 -0.665667
v 0.656413 0.224058 -0.656026
v 0.656413 0.254341 -0.633117
v 0.678543 0.254341 -0.633117
v 0.673011 0.262956 -0.638029
v 0.656413 0.254341 -0.633117
v 0.661946 0.245725 -0.628204
v 0.678543 0.261111 -0.585476
v 0.673011 0.251936 -0.584504
v 0.661946 0.098531 -0.568244
v 0.673011 0.098531 -0.568246
v 0.673011 0.093092 -0.606511
v 0.661946 0.093092 -0.606511
v 0.661946 0.270287 -0.586447
v 0.673011 0.270287 -0.586448
v 0.673011 0.262956 -0.638029
v 0.661946 0.262956 -0.638029
v 0.682776 0.359077 -0.560295
v 0.000000 0.359077 -0.560295
v 0.000000 -0.517419 -0.468118
v 0.682776 -0.517201 -0.467485
v 0.678543 0.089355 -0.567275
v 0.673011 0.080180 -0.566301
v 0.673011 0.270287 -0.586448
v 0.678543 0.261111 -0.585476
v 0.673011 0.251936 -0.584504
v 0.661946 0.251936 -0.584503
v 0.661946 0.245725 -0.628204
v 0.673011 0.245725 -0.628204
v 0.661946 0.251936 -0.584503
v 0.656413 0.261112 -0.585475
v 0.656413 0.261112 -0.585475
v 0.661946 0.270287 -0.586447
v 0.673011 0.098531 -0.568246
v 0.678543 0.089355 -0.567275
v 0.673011 0.080180 -0.566301
v 0.661946 0.080181 -0.566298
v 0.661946 0.073807 -0.611147
v 0.673011 0.073807 -0.611147
v 0.656413 0.089356 -0.567270
v 0.661946 0.098531 -0.568244
v 0.661946 0.080181 -0.566298
v 0.656413 0.089356 -0.567270
v 0.000000 -0.685964 0.000000
v 0.682776 -0.684848 0.000000
v 0.000000 -0.720658 -0.107986
v 0.716407 -0.720657 -0.107986
v 0.716407 -0.720657 0.000000
v 0.000000 -0.720658 0.000000
v 0.729965 -0.591728 -0.064987
v 0.729965 -0.597367 0.000000
v 0.716407 -0.619918 0.000000
v 0.716407 -0.612329 -0.087454
v 0.729965 0.130524 -0.082534
v 0.729965 0.130524 0.000000
v 0.741108 0.147108 -0.066167
v 0.741108 0.147108 0.000000
v 0.729965 0.130524 0.000000
v 0.729965 0.130524 -0.082534
v 0.716407 0.268006 0.000000
v 0.729965 0.255873 0.000000
v 0.716407 0.697233 0.000000
v 0.731348 0.673155 0.000000
v 0.731348 0.673155 0.000000
v 0.731348 0.651789 0.000000
v 0.774321 0.409687 -0.085782
v 0.777953 0.404154 -0.095011
v 0.804952 0.404154 -0.068310
v 0.795745 0.409687 -0.064608
v 0.795745 0.420751 -0.064608
v 0.795745 0.409687 -0.064608
v 0.795863 0.409687 0.000000
v 0.795863 0.420751 0.000000
v 0.781585 0.409687 -0.104239
v 0.781585 0.420751 -0.104239
v 0.814159 0.420751 -0.072012
v 0.814159 0.409687 -0.072012
v 0.774321 0.420751 -0.085782
v 0.774321 0.409687 -0.085782
v 0.795745 0.409687 -0.064608
v 0.795745 0.420751 -0.064608
v 0.781585 0.420751 -0.104239
v 0.777953 0.426284 -0.095011
v 0.804952 0.426284 -0.068310
v 0.814159 0.420751 -0.072012
v 0.777953 0.404154 -0.095011
v 0.781585 0.409687 -0.104239
v 0.814159 0.409687 -0.072012
v 0.804952 0.404154 -0.068310
v 0.777953 0.426284 -0.095011
v 0.774321 0.420751 -0.085782
v 0.795745 0.420751 -0.064608
v 0.804952 0.426284 -0.068310
v 0.814292 0.409687 0.000000
v 0.805077 0.404154 0.000000
v 0.805077 0.426284 0.000000
v 0.814292 0.420751 0.000000
v 0.795863 0.420751 0.000000
v 0.805077 0.426284 0.000000
v 0.805077 0.404154 0.000000
v 0.795863 0.409687 0.000000
v 0.814159 0.409687 -0.072012
v 0.814159 0.420751 -0.072012
v 0.814292 0.420751 0.000000
v 0.814292 0.409687 0.000000
v 0.716407 0.409687 -0.085660
v 0.716407 0.404154 -0.094881
v 0.716407 0.420751 -0.104102
v 0.716407 0.426284 -0.094881
v 0.716407 0.404154 -0.094881
v 0.716407 0.409687 -0.104102
v 0.716407 0.409687 -0.104102
v 0.716407 0.420751 -0.104102
v 0.781585 0.420751 -0.104239
v 0.781585 0.409687 -0.104239
v 0.716407 0.420751 -0.085660
v 0.716407 0.409687 -0.085660
v 0.774321 0.409687 -0.085782
v 0.774321 0.420751 -0.085782
v 0.716407 0.426284 -0.094881
v 0.716407 0.420751 -0.085660
v 0.470174 -0.860507 -0.559658
v 0.514755 -0.860507 -0.556131
v 0.513608 -0.914801 -0.541629
v 0.469027 -0.914801 -0.545155
v 0.510473 -0.954546 -0.502007
v 0.465892 -0.954546 -0.505534
v 0.465892 -0.954546 -0.505534
v 0.510473 -0.954546 -0.502007
v 0.506192 -0.969094 -0.447883
v 0.461611 -0.969094 -0.451410
v 0.501911 -0.954546 -0.393759
v 0.457330 -0.954546 -0.397286
v 0.457330 -0.954546 -0.397286
v 0.501911 -0.954546 -0.393759
v 0.498776 -0.914801 -0.354137
v 0.454195 -0.914801 -0.357664
v 0.454195 -0.914801 -0.357664
v 0.498776 -0.914801 -0.354137
v 0.497629 -0.860507 -0.339635
v 0.453048 -0.860507 -0.343161
v 0.498776 -0.806214 -0.354137
v 0.454195 -0.806214 -0.357664
v 0.454195 -0.806214 -0.357664
v 0.498776 -0.806214 -0.354137
v 0.501911 -0.766469 -0.393759
v 0.457330 -0.766469 -0.397286
v 0.506192 -0.751921 -0.447883
v 0.461611 -0.751921 -0.451410
v 0.461611 -0.751921 -0.451410
v 0.506192 -0.751921 -0.447883
v 0.510473 -0.766469 -0.502007
v 0.465892 -0.766469 -0.505534
v 0.511797 -0.901544 -0.518740
v 0.512664 -0.860507 -0.529701
v 0.501716 -0.860507 -0.530567
v 0.500849 -0.901544 -0.519606
v 0.465892 -0.766469 -0.505534
v 0.510473 -0.766469 -0.502007
v 0.513608 -0.806214 -0.541629
v 0.469027 -0.806214 -0.545155
v 0.469027 -0.806214 -0.545155
v 0.513608 -0.806214 -0.541629
v 0.514755 -0.860507 -0.556131
v 0.470174 -0.860507 -0.559658
v 0.500587 -0.819471 -0.377027
v 0.499720 -0.860507 -0.366065
v 0.488772 -0.860507 -0.366931
v 0.489639 -0.819471 -0.377893
v 0.513608 -0.914801 -0.541629
v 0.514755 -0.860507 -0.556131
v 0.512664 -0.860507 -0.529701
v 0.511797 -0.901544 -0.518740
v 0.513608 -0.806214 -0.541629
v 0.511797 -0.819471 -0.518740
v 0.510473 -0.766469 -0.502007
v 0.509428 -0.789430 -0.488792
v 0.506192 -0.751921 -0.447883
v 0.506192 -0.778434 -0.447883
v 0.501911 -0.766469 -0.393759
v 0.502956 -0.789430 -0.406974
v 0.498776 -0.806214 -0.354137
v 0.500587 -0.819471 -0.377027
v 0.497629 -0.860507 -0.339635
v 0.499720 -0.860507 -0.366065
v 0.498776 -0.914801 -0.354137
v 0.500587 -0.901544 -0.377027
v 0.501911 -0.954546 -0.393759
v 0.502956 -0.931585 -0.406974
v 0.506192 -0.969094 -0.447883
v 0.506192 -0.942581 -0.447883
v 0.510473 -0.954546 -0.502007
v 0.509428 -0.931585 -0.488792
v 0.470174 -0.860507 -0.559658
v 0.469027 -0.914801 -0.545155
v 0.467216 -0.901544 -0.522266
v 0.468083 -0.860507 -0.533228
v 0.465892 -0.954546 -0.505534
v 0.464847 -0.931585 -0.492319
v 0.461611 -0.969094 -0.451410
v 0.461611 -0.942581 -0.451410
v 0.457330 -0.954546 -0.397286
v 0.458375 -0.931585 -0.410501
v 0.454195 -0.914801 -0.357664
v 0.456006 -0.901544 -0.380553
v 0.453048 -0.860507 -0.343161
v 0.455139 -0.860507 -0.369592
v 0.454195 -0.806214 -0.357664
v 0.456006 -0.819471 -0.380553
v 0.457330 -0.766469 -0.397286
v 0.458375 -0.789430 -0.410501
v 0.461611 -0.751921 -0.451410
v 0.461611 -0.778434 -0.451410
v 0.465892 -0.766469 -0.505534
v 0.464847 -0.789430 -0.492319
v 0.469027 -0.806214 -0.545155
v 0.467216 -0.819471 -0.522266
v 0.470869 -0.872876 -0.429188
v 0.470608 -0.860507 -0.425884
v 0.425674 -0.860507 -0.429438
v 0.425935 -0.872876 -0.432742
v 0.496934 -0.872876 -0.470105
v 0.497195 -0.860507 -0.473409
v 0.542129 -0.860507 -0.469854
v 0.541868 -0.872876 -0.466551
v 0.456006 -0.901544 -0.380553
v 0.455139 -0.860507 -0.369592
v 0.466087 -0.860507 -0.368726
v 0.466954 -0.901544 -0.379687
v 0.500587 -0.901544 -0.377027
v 0.489639 -0.901544 -0.377893
v 0.509428 -0.931585 -0.488792
v 0.511797 -0.901544 -0.518740
v 0.500849 -0.901544 -0.519606
v 0.498480 -0.931585 -0.489658
v 0.455139 -0.860507 -0.369592
v 0.456006 -0.819471 -0.380553
v 0.466954 -0.819471 -0.379687
v 0.466087 -0.860507 -0.368726
v 0.500587 -0.901544 -0.377027
v 0.502956 -0.931585 -0.406974
v 0.492008 -0.931585 -0.407840
v 0.489639 -0.901544 -0.377893
v 0.468083 -0.860507 -0.533228
v 0.467216 -0.901544 -0.522266
v 0.478164 -0.901544 -0.521400
v 0.479031 -0.860507 -0.532362
v 0.512664 -0.860507 -0.529701
v 0.511797 -0.819471 -0.518740
v 0.500849 -0.819471 -0.519606
v 0.501716 -0.860507 -0.530567
v 0.458375 -0.789430 -0.410501
v 0.469323 -0.789430 -0.409635
v 0.502956 -0.931585 -0.406974
v 0.506192 -0.942581 -0.447883
v 0.495244 -0.942581 -0.448749
v 0.492008 -0.931585 -0.407840
v 0.467216 -0.819471 -0.522266
v 0.468083 -0.860507 -0.533228
v 0.479031 -0.860507 -0.532362
v 0.478164 -0.819471 -0.521400
v 0.511797 -0.819471 -0.518740
v 0.509428 -0.789430 -0.488792
v 0.498480 -0.789430 -0.489658
v 0.500849 -0.819471 -0.519606
v 0.458375 -0.789430 -0.410501
v 0.461611 -0.778434 -0.451410
v 0.472559 -0.778434 -0.450544
v 0.469323 -0.789430 -0.409635
v 0.509428 -0.931585 -0.488792
v 0.498480 -0.931585 -0.489658
v 0.467216 -0.901544 -0.522266
v 0.464847 -0.931585 -0.492319
v 0.475795 -0.931585 -0.491453
v 0.478164 -0.901544 -0.521400
v 0.509428 -0.789430 -0.488792
v 0.506192 -0.778434 -0.447883
v 0.495244 -0.778434 -0.448749
v 0.498480 -0.789430 -0.489658
v 0.464847 -0.789430 -0.492319
v 0.475795 -0.789430 -0.491453
v 0.461611 -0.942581 -0.451410
v 0.472559 -0.942581 -0.450544
v 0.502956 -0.789430 -0.406974
v 0.492008 -0.789430 -0.407840
v 0.464847 -0.789430 -0.492319
v 0.467216 -0.819471 -0.522266
v 0.478164 -0.819471 -0.521400
v 0.475795 -0.789430 -0.491453
v 0.458375 -0.931585 -0.410501
v 0.469323 -0.931585 -0.409635
v 0.502956 -0.789430 -0.406974
v 0.500587 -0.819471 -0.377027
v 0.489639 -0.819471 -0.377893
v 0.492008 -0.789430 -0.407840
v 0.458375 -0.931585 -0.410501
v 0.456006 -0.901544 -0.380553
v 0.466954 -0.901544 -0.379687
v 0.469323 -0.931585 -0.409635
v 0.500849 -0.901544 -0.519606
v 0.501716 -0.860507 -0.530567
v 0.497195 -0.860507 -0.473409
v 0.496934 -0.872876 -0.470105
v 0.500849 -0.819471 -0.519606
v 0.496934 -0.848139 -0.470105
v 0.498480 -0.789430 -0.489658
v 0.496220 -0.839085 -0.461079
v 0.495244 -0.778434 -0.448749
v 0.495244 -0.835771 -0.448749
v 0.492008 -0.789430 -0.407840
v 0.494269 -0.839085 -0.436419
v 0.489639 -0.819471 -0.377893
v 0.493555 -0.848139 -0.427393
v 0.488772 -0.860507 -0.366931
v 0.493294 -0.860507 -0.424089
v 0.489639 -0.901544 -0.377893
v 0.493555 -0.872876 -0.427393
v 0.492008 -0.931585 -0.407840
v 0.494269 -0.881930 -0.436419
v 0.495244 -0.942581 -0.448749
v 0.495244 -0.885244 -0.448749
v 0.498480 -0.931585 -0.489658
v 0.496220 -0.881930 -0.461079
v 0.479031 -0.860507 -0.532362
v 0.478164 -0.901544 -0.521400
v 0.474248 -0.872876 -0.471900
v 0.474509 -0.860507 -0.475203
v 0.475795 -0.931585 -0.491453
v 0.473534 -0.881930 -0.462874
v 0.472559 -0.942581 -0.450544
v 0.472559 -0.885244 -0.450544
v 0.469323 -0.931585 -0.409635
v 0.471583 -0.881930 -0.438214
v 0.466954 -0.901544 -0.379687
v 0.470869 -0.872876 -0.429188
v 0.466087 -0.860507 -0.368726
v 0.470608 -0.860507 -0.425884
v 0.466954 -0.819471 -0.379687
v 0.470869 -0.848139 -0.429188
v 0.469323 -0.789430 -0.409635
v 0.471583 -0.839085 -0.438214
v 0.472559 -0.778434 -0.450544
v 0.472559 -0.835771 -0.450544
v 0.475795 -0.789430 -0.491453
v 0.473534 -0.839085 -0.462874
v 0.478164 -0.819471 -0.521400
v 0.474248 -0.848139 -0.471900
v 0.493294 -0.860507 -0.424089
v 0.493555 -0.872876 -0.427393
v 0.538489 -0.872876 -0.423839
v 0.538228 -0.860507 -0.420535
v 0.496220 -0.881930 -0.461079
v 0.496934 -0.872876 -0.470105
v 0.541868 -0.872876 -0.466551
v 0.541154 -0.881930 -0.457525
v 0.470869 -0.848139 -0.429188
v 0.425935 -0.848139 -0.432742
v 0.493555 -0.872876 -0.427393
v 0.494269 -0.881930 -0.436419
v 0.539203 -0.881930 -0.432865
v 0.538489 -0.872876 -0.423839
v 0.474509 -0.860507 -0.475203
v 0.474248 -0.872876 -0.471900
v 0.429314 -0.872876 -0.475454
v 0.429575 -0.860507 -0.478758
v 0.496934 -0.848139 -0.470105
v 0.541868 -0.848139 -0.466551
v 0.470869 -0.848139 -0.429188
v 0.471583 -0.839085 -0.438214
v 0.426649 -0.839085 -0.441768
v 0.425935 -0.848139 -0.432742
v 0.495244 -0.885244 -0.448749
v 0.540179 -0.885244 -0.445195
v 0.474248 -0.848139 -0.471900
v 0.474509 -0.860507 -0.475203
v 0.429575 -0.860507 -0.478758
v 0.429314 -0.848139 -0.475454
v 0.496934 -0.848139 -0.470105
v 0.496220 -0.839085 -0.461079
v 0.541154 -0.839085 -0.457525
v 0.541868 -0.848139 -0.466551
v 0.472559 -0.835771 -0.450544
v 0.427625 -0.835771 -0.454098
v 0.495244 -0.885244 -0.448749
v 0.496220 -0.881930 -0.461079
v 0.541154 -0.881930 -0.457525
v 0.540179 -0.885244 -0.445195
v 0.473534 -0.881930 -0.462874
v 0.428600 -0.881930 -0.466428
v 0.495244 -0.835771 -0.448749
v 0.540178 -0.835771 -0.445195
v 0.473534 -0.839085 -0.462874
v 0.428600 -0.839085 -0.466428
v 0.473534 -0.881930 -0.462874
v 0.472559 -0.885244 -0.450544
v 0.427625 -0.885244 -0.454098
v 0.428600 -0.881930 -0.466428
v 0.494269 -0.839085 -0.436419
v 0.539203 -0.839085 -0.432865
v 0.473534 -0.839085 -0.462874
v 0.474248 -0.848139 -0.471900
v 0.429314 -0.848139 -0.475454
v 0.428600 -0.839085 -0.466428
v 0.472559 -0.885244 -0.450544
v 0.471583 -0.881930 -0.438214
v 0.426649 -0.881930 -0.441768
v 0.427625 -0.885244 -0.454098
v 0.494269 -0.839085 -0.436419
v 0.493555 -0.848139 -0.427393
v 0.538489 -0.848139 -0.423839
v 0.539203 -0.839085 -0.432865
v 0.470869 -0.872876 -0.429188
v 0.425935 -0.872876 -0.432742
v 0.493555 -0.848139 -0.427393
v 0.493294 -0.860507 -0.424089
v 0.538228 -0.860507 -0.420535
v 0.538489 -0.848139 -0.423839
v 0.489185 -0.762722 -0.511987
v 0.489185 -0.749805 -0.511987
v 0.534118 -0.749805 -0.489070
v 0.534118 -0.762722 -0.489070
v 0.431499 -0.749805 -0.373681
v 0.441208 -0.749805 -0.496420
v 0.441208 -0.762722 -0.496420
v 0.431499 -0.762722 -0.373681
v 0.524409 -0.762722 -0.366331
v 0.524409 -0.749805 -0.366331
v 0.476432 -0.749805 -0.350764
v 0.476432 -0.762722 -0.350764
v 0.476432 -0.762722 -0.350764
v 0.476432 -0.749805 -0.350764
v 0.431499 -0.749805 -0.373681
v 0.431499 -0.762722 -0.373681
v 0.451247 -0.762722 -0.495626
v 0.441538 -0.762722 -0.372887
v 0.445235 -0.902267 -0.419615
v 0.449911 -0.902267 -0.478727
v 0.441208 -0.762722 -0.496420
v 0.441208 -0.749805 -0.496420
v 0.489185 -0.749805 -0.511987
v 0.489185 -0.762722 -0.511987
v 0.489185 -0.762722 -0.511987
v 0.534118 -0.762722 -0.489070
v 0.524078 -0.762722 -0.489864
v 0.488532 -0.762722 -0.503730
v 0.439871 -0.902267 -0.479521
v 0.435195 -0.902267 -0.420409
v 0.534118 -0.762722 -0.489070
v 0.524409 -0.762722 -0.366331
v 0.528105 -0.902267 -0.413059
v 0.532781 -0.902267 -0.472172
v 0.524409 -0.762722 -0.366331
v 0.476432 -0.762722 -0.350764
v 0.477085 -0.762722 -0.359021
v 0.514369 -0.762722 -0.367125
v 0.431499 -0.762722 -0.373681
v 0.441538 -0.762722 -0.372887
v 0.441538 -0.762722 -0.372887
v 0.431499 -0.762722 -0.373681
v 0.435195 -0.902267 -0.420409
v 0.445235 -0.902267 -0.419615
v 0.532781 -0.902267 -0.472172
v 0.528105 -0.902267 -0.413059
v 0.518066 -0.902267 -0.413854
v 0.522741 -0.902267 -0.472966
v 0.441208 -0.762722 -0.496420
v 0.451247 -0.762722 -0.495626
v 0.435195 -0.902267 -0.420409
v 0.439871 -0.902267 -0.479521
v 0.449911 -0.902267 -0.478727
v 0.445235 -0.902267 -0.419615
v 0.514369 -0.762722 -0.367125
v 0.524078 -0.762722 -0.489864
v 0.522741 -0.902267 -0.472966
v 0.518066 -0.902267 -0.413854
v 0.524409 -0.762722 -0.366331
v 0.514369 -0.762722 -0.367125
v 0.518066 -0.902267 -0.413854
v 0.528105 -0.902267 -0.413059
v 0.441208 -0.762722 -0.496420
v 0.451247 -0.762722 -0.495626
v 0.449911 -0.902267 -0.478727
v 0.439871 -0.902267 -0.479521
v 0.524078 -0.762722 -0.489864
v 0.534118 -0.762722 -0.489070
v 0.532781 -0.902267 -0.472172
v 0.522741 -0.902267 -0.472966
v 0.534118 -0.749805 -0.489070
v 0.524409 -0.749805 -0.366331
v -0.682776 -0.611439 -0.405272
v -0.682776 -0.517201 -0.467485
v -0.682776 -0.611439 -0.405272
v -0.682776 -0.656346 -0.288162
v -0.682776 -0.684848 -0.105241
v -0.731348 0.334200 -0.593221
v -0.731348 0.507383 -0.445693
v -0.731348 0.524320 -0.459501
v -0.731348 0.355448 -0.594798
v -0.716407 0.639988 -0.280360
v -0.682775 0.615911 -0.280360
v -0.682776 0.524320 -0.459501
v -0.716407 0.548397 -0.459501
v -0.716407 0.697233 -0.090179
v -0.682775 0.673155 -0.090179
v -0.716407 0.697233 0.000000
v -0.682775 0.673155 0.000000
v -0.716407 0.639988 -0.280360
v -0.731348 0.615911 -0.280360
v -0.731348 0.673155 -0.090179
v -0.716407 0.697233 -0.090179
v -0.716407 0.379526 -0.594798
v -0.716407 0.355448 -0.606870
v -0.682776 0.359077 -0.560295
v -0.716407 0.379526 -0.594798
v -0.731348 0.596008 -0.272353
v -0.731348 0.615911 -0.280360
v -0.731348 0.651789 -0.087033
v -0.731348 0.673155 -0.090179
v -0.716407 0.651789 0.000000
v -0.731348 0.651789 0.000000
v -0.731348 0.651789 -0.087033
v -0.716407 0.651789 -0.087033
v -0.716407 0.379526 -0.594798
v -0.731348 0.355448 -0.594798
v -0.731348 0.524320 -0.459501
v -0.716407 0.548397 -0.459501
v -0.716407 0.596008 -0.272353
v -0.731348 0.596008 -0.272353
v -0.731348 0.507383 -0.445693
v -0.716407 0.507383 -0.445693
v -0.716407 0.507383 -0.445693
v -0.731348 0.507383 -0.445693
v -0.731348 0.334200 -0.593221
v -0.716407 0.334200 -0.593221
v -0.716407 0.355448 -0.606870
v -0.716407 0.334200 -0.605261
v -0.716407 0.334200 -0.605261
v -0.731348 0.334200 -0.593221
v -0.682776 0.359077 -0.560295
v -0.716407 0.379526 -0.594798
v -0.716407 0.548397 -0.459501
v -0.682776 0.524320 -0.459501
v -0.716407 0.334200 -0.593221
v -0.716407 0.334200 -0.605261
v -0.716407 -0.529033 -0.501782
v -0.631807 -0.444897 -0.510624
v -0.600561 -0.444897 -0.510627
v -0.600561 -0.529033 -0.501782
v -0.631807 0.250063 -0.584302
v -0.716407 0.334200 -0.593221
v -0.608511 -0.421729 -0.505274
v -0.600561 -0.421729 -0.505276
v -0.608511 0.226895 -0.574063
v -0.729965 0.255873 -0.084188
v -0.729965 0.255873 -0.392187
v -0.729965 0.130524 -0.384482
v -0.729965 0.130524 -0.082534
v -0.716407 0.268006 -0.415565
v -0.716407 0.226296 -0.581792
v -0.716407 0.118392 -0.570362
v -0.716407 0.118392 -0.407401
v -0.716407 0.268006 -0.415565
v -0.729965 0.255873 -0.392187
v -0.729965 0.255873 -0.084188
v -0.716407 0.268006 -0.089207
v -0.716407 0.118392 -0.087454
v -0.729965 0.130524 -0.082534
v -0.729965 0.130524 -0.384482
v -0.716407 0.118392 -0.407401
v -0.716407 0.118392 -0.407401
v -0.729965 0.130524 -0.384482
v -0.729965 0.255873 -0.392187
v -0.716407 0.268006 -0.415565
v -0.741108 0.239289 0.000000
v -0.729965 0.255873 0.000000
v -0.729965 0.255873 -0.084188
v -0.741108 0.239289 -0.067384
v -0.741108 0.239289 -0.067384
v -0.729965 0.255873 -0.084188
v -0.729965 0.130524 -0.082534
v -0.741108 0.147108 -0.066167
v -0.858663 0.193349 -0.027164
v -0.858663 0.193349 -0.037086
v -0.858663 0.167126 -0.026223
v -0.858663 0.174141 -0.019208
v -0.858663 0.156264 0.000000
v -0.858663 0.166185 0.000000
v -0.858663 0.220513 0.000000
v -0.858663 0.230434 0.000000
v -0.858663 0.219572 -0.026223
v -0.858663 0.212557 -0.019208
v -0.858663 0.166185 0.000000
v -0.766425 0.166185 0.000000
v -0.766425 0.174141 -0.019208
v -0.858663 0.174141 -0.019208
v -0.858663 0.212557 -0.019208
v -0.766425 0.212557 -0.019208
v -0.766425 0.220513 0.000000
v -0.858663 0.220513 0.000000
v -0.858663 0.174141 -0.019208
v -0.766425 0.174141 -0.019208
v -0.766425 0.193349 -0.027164
v -0.858663 0.193349 -0.027164
v -0.858663 0.193349 -0.027164
v -0.766425 0.193349 -0.027164
v -0.766425 0.212557 -0.019208
v -0.858663 0.212557 -0.019208
v -0.741108 0.219572 -0.026223
v -0.858663 0.219572 -0.026223
v -0.858663 0.230434 0.000000
v -0.741108 0.230434 0.000000
v -0.741108 0.167126 -0.026223
v -0.858663 0.167126 -0.026223
v -0.858663 0.193349 -0.037086
v -0.741108 0.193349 -0.037086
v -0.741108 0.193349 -0.037086
v -0.858663 0.193349 -0.037086
v -0.858663 0.219572 -0.026223
v -0.741108 0.219572 -0.026223
v -0.741108 0.156263 0.000000
v -0.858663 0.156264 0.000000
v -0.858663 0.167126 -0.026223
v -0.741108 0.167126 -0.026223
v -0.587812 -0.594439 -0.506994
v -0.751031 -0.594439 -0.506994
v -0.751031 -0.255305 -0.563062
v -0.587812 -0.255305 -0.563062
v -0.751031 -0.594439 -0.506994
v -0.751031 -0.581976 -0.427142
v -0.751031 -0.242842 -0.436814
v -0.751031 -0.255305 -0.563062
v -0.751031 -0.581976 -0.427142
v -0.716407 -0.581976 -0.427142
v -0.716407 -0.242842 -0.436814
v -0.751031 -0.242842 -0.436814
v -0.587812 -0.594439 -0.506994
v -0.600561 -0.592469 -0.494374
v -0.738282 -0.592469 -0.494374
v -0.751031 -0.594439 -0.506994
v -0.751031 -0.594439 -0.506994
v -0.738282 -0.592469 -0.494374
v -0.738282 -0.583946 -0.439763
v -0.751031 -0.581976 -0.427142
v -0.751031 -0.581976 -0.427142
v -0.738282 -0.583946 -0.439763
v -0.716407 -0.583946 -0.439763
v -0.716407 -0.581976 -0.427142
v -0.751031 -0.255305 -0.563062
v -0.738282 -0.254052 -0.550374
v -0.600561 -0.254052 -0.550374
v -0.587812 -0.255305 -0.563062
v -0.587812 -0.255305 -0.563062
v -0.600561 -0.254052 -0.550374
v -0.600561 -0.251383 -0.523333
v -0.587812 -0.251382 -0.523321
v -0.751031 -0.242842 -0.436814
v -0.738282 -0.244095 -0.449502
v -0.738282 -0.254052 -0.550374
v -0.751031 -0.255305 -0.563062
v -0.738282 -0.583946 -0.439763
v -0.738282 -0.592469 -0.494374
v -0.738282 -0.254052 -0.550374
v -0.738282 -0.244095 -0.449502
v -0.738282 -0.592469 -0.494374
v -0.600561 -0.592469 -0.494374
v -0.600561 -0.254052 -0.550374
v -0.738282 -0.254052 -0.550374
v -0.600561 -0.587873 -0.464922
v -0.600561 -0.592469 -0.494374
v -0.587812 -0.594439 -0.506994
v -0.587812 -0.587873 -0.464922
v -0.716407 -0.583946 -0.439763
v -0.738282 -0.583946 -0.439763
v -0.738282 -0.244095 -0.449502
v -0.716407 -0.244095 -0.449502
v -0.716407 -0.244095 -0.449502
v -0.738282 -0.244095 -0.449502
v -0.751031 -0.242842 -0.436814
v -0.716407 -0.242842 -0.436814
v -0.396099 -0.464264 -0.518824
v -0.573256 -0.464264 -0.518824
v -0.573256 -0.439516 -0.518824
v -0.396099 -0.439516 -0.518824
v -0.573256 -0.439516 -0.518824
v -0.573256 -0.439516 -0.509388
v -0.396099 -0.439516 -0.509414
v -0.396099 -0.439516 -0.518824
v -0.396099 -0.481502 -0.518545
v -0.396099 -0.644140 -0.556216
v -0.573256 -0.644139 -0.556216
v -0.573256 -0.481502 -0.518545
v -0.573256 -0.464264 -0.518824
v -0.573256 -0.481502 -0.518545
v -0.573256 -0.485109 -0.506403
v -0.573256 -0.464264 -0.508595
v -0.396099 -0.650011 -0.544051
v -0.573256 -0.650011 -0.544051
v -0.573256 -0.697648 -0.543817
v -0.396099 -0.697649 -0.543817
v -0.396099 -0.703065 -0.560286
v -0.573256 -0.703065 -0.560286
v -0.573256 -0.650011 -0.544051
v -0.573256 -0.644139 -0.556216
v -0.573256 -0.703065 -0.560286
v -0.573256 -0.697648 -0.543817
v -0.573256 -0.703065 -0.560286
v -0.573256 -0.724261 -0.504056
v -0.573256 -0.709530 -0.505180
v -0.573256 -0.697648 -0.543817
v -0.396099 -0.697649 -0.543817
v -0.396099 -0.709531 -0.505180
v -0.396099 -0.724261 -0.504056
v -0.396099 -0.703065 -0.560286
v -0.573256 -0.697648 -0.543817
v -0.573256 -0.709530 -0.505180
v -0.396099 -0.709531 -0.505180
v -0.396099 -0.697649 -0.543817
v -0.396099 -0.644140 -0.556216
v -0.396099 -0.650011 -0.544051
v -0.396099 -0.697649 -0.543817
v -0.396099 -0.703065 -0.560286
v -0.573256 -0.684310 -0.316809
v -0.396099 -0.684310 -0.316809
v -0.573256 -0.487657 -0.506135
v -0.396099 -0.487721 -0.506150
v -0.396099 -0.485103 -0.506425
v -0.396099 -0.481502 -0.518545
v -0.396099 -0.464264 -0.518824
v -0.396099 -0.464264 -0.508616
v -0.486073 -0.746673 -0.519125
v -0.537939 -0.746673 -0.497642
v -0.537939 -0.727213 -0.497642
v -0.486073 -0.727213 -0.519125
v -0.537939 -0.746673 -0.497642
v -0.559423 -0.746673 -0.445776
v -0.559423 -0.727213 -0.445776
v -0.537939 -0.727213 -0.497642
v -0.559423 -0.746673 -0.445776
v -0.537939 -0.746673 -0.393910
v -0.537939 -0.727213 -0.393910
v -0.559423 -0.727213 -0.445776
v -0.537939 -0.746673 -0.393910
v -0.486073 -0.746673 -0.372427
v -0.486073 -0.727213 -0.372427
v -0.537939 -0.727213 -0.393910
v -0.486073 -0.746673 -0.372427
v -0.434207 -0.746673 -0.393910
v -0.434207 -0.727213 -0.393910
v -0.486073 -0.727213 -0.372427
v -0.434207 -0.746673 -0.393910
v -0.412724 -0.746673 -0.445776
v -0.412724 -0.727213 -0.445776
v -0.434207 -0.727213 -0.393910
v -0.412724 -0.746673 -0.445776
v -0.434207 -0.746673 -0.497642
v -0.434207 -0.727213 -0.497642
v -0.412724 -0.727213 -0.445776
v -0.434207 -0.746673 -0.497642
v -0.486073 -0.746673 -0.519125
v -0.486073 -0.727213 -0.519125
v -0.434207 -0.727213 -0.497642
v -0.434207 -0.727213 -0.497642
v -0.445096 -0.721756 -0.486753
v -0.444863 -0.715823 -0.445776
v -0.412724 -0.727213 -0.445776
v -0.463465 -0.712549 -0.423167
v -0.434207 -0.727213 -0.393910
v -0.486073 -0.711587 -0.416518
v -0.486073 -0.727213 -0.372427
v -0.508682 -0.712549 -0.423167
v -0.537939 -0.727213 -0.393910
v -0.527283 -0.715823 -0.445776
v -0.559423 -0.727213 -0.445776
v -0.527050 -0.721756 -0.486753
v -0.537939 -0.727213 -0.497642
v -0.729965 0.095925 0.000000
v -0.729965 0.095925 -0.064987
v -0.729965 -0.591728 -0.064987
v -0.729965 -0.597367 0.000000
v -0.729965 0.095925 -0.064987
v -0.716407 0.118392 -0.087454
v -0.716407 -0.612329 -0.087454
v -0.729965 -0.591728 -0.064987
v -0.673011 0.093092 -0.606511
v -0.673011 0.111092 -0.630664
v -0.678543 0.106150 -0.639268
v -0.678543 0.083449 -0.608829
v -0.656413 0.224058 -0.656026
v -0.661946 0.221709 -0.646385
v -0.661946 0.111092 -0.630664
v -0.656413 0.106150 -0.639268
v -0.673011 0.073807 -0.611147
v -0.673011 0.101207 -0.647873
v -0.661946 0.101207 -0.647873
v -0.661946 0.073807 -0.611147
v -0.661946 0.093092 -0.606511
v -0.661946 0.111092 -0.630664
v -0.673011 0.111092 -0.630664
v -0.673011 0.093092 -0.606511
v -0.661946 0.073807 -0.611147
v -0.661946 0.101207 -0.647873
v -0.656413 0.106150 -0.639268
v -0.656413 0.083449 -0.608829
v -0.678543 0.083449 -0.608829
v -0.678543 0.106150 -0.639268
v -0.673011 0.101207 -0.647873
v -0.673011 0.073807 -0.611147
v -0.656413 0.083449 -0.608829
v -0.661946 0.093092 -0.606511
v -0.673011 0.221709 -0.646385
v -0.678543 0.224058 -0.656026
v -0.673011 0.226407 -0.665667
v -0.661946 0.226407 -0.665667
v -0.661946 0.101207 -0.647873
v -0.673011 0.101207 -0.647873
v -0.661946 0.221709 -0.646385
v -0.673011 0.221709 -0.646385
v -0.673011 0.111092 -0.630664
v -0.661946 0.111092 -0.630664
v -0.678543 0.224058 -0.656026
v -0.673011 0.226407 -0.665667
v -0.673011 0.245725 -0.628204
v -0.678543 0.254341 -0.633117
v -0.673011 0.262956 -0.638029
v -0.661946 0.262956 -0.638029
v -0.661946 0.226407 -0.665667
v -0.673011 0.226407 -0.665667
v -0.661946 0.245725 -0.628204
v -0.673011 0.245725 -0.628204
v -0.673011 0.221709 -0.646385
v -0.661946 0.221709 -0.646385
v -0.661946 0.262956 -0.638029
v -0.656413 0.254341 -0.633117
v -0.656413 0.224058 -0.656026
v -0.661946 0.226407 -0.665667
v -0.678543 0.254341 -0.633117
v -0.673011 0.262956 -0.638029
v -0.656413 0.254341 -0.633117
v -0.661946 0.245725 -0.628204
v -0.678543 0.261111 -0.585476
v -0.673011 0.251936 -0.584504
v -0.661946 0.098531 -0.568244
v -0.661946 0.093092 -0.606511
v -0.673011 0.093092 -0.606511
v -0.673011 0.098531 -0.568246
v -0.661946 0.270287 -0.586447
v -0.661946 0.262956 -0.638029
v -0.673011 0.262956 -0.638029
v -0.673011 0.270287 -0.586448
v -0.682776 0.359077 -0.560295
v -0.682776 -0.517201 -0.467485
v -0.678543 0.089355 -0.567275
v -0.673011 0.080180 -0.566301
v -0.673011 0.270287 -0.586448
v -0.678543 0.261111 -0.585476
v -0.673011 0.251936 -0.584504
v -0.673011 0.245725 -0.628204
v -0.661946 0.245725 -0.628204
v -0.661946 0.251936 -0.584503
v -0.661946 0.251936 -0.584503
v -0.656413 0.261112 -0.585475
v -0.656413 0.261112 -0.585475
v -0.661946 0.270287 -0.586447
v -0.673011 0.098531 -0.568246
v -0.678543 0.089355 -0.567275
v -0.673011 0.080180 -0.566301
v -0.673011 0.073807 -0.611147
v -0.661946 0.073807 -0.611147
v -0.661946 0.080181 -0.566298
v -0.656413 0.089356 -0.567270
v -0.661946 0.098531 -0.568244
v -0.661946 0.080181 -0.566298
v -0.656413 0.089356 -0.567270
v -0.682776 -0.684848 0.000000
v -0.716407 -0.720657 0.000000
v -0.716407 -0.720657 -0.107986
v -0.729965 -0.591728 -0.064987
v -0.716407 -0.612329 -0.087454
v -0.716407 -0.619918 0.000000
v -0.729965 -0.597367 0.000000
v -0.729965 0.130524 -0.082534
v -0.729965 0.130524 0.000000
v -0.741108 0.147108 -0.066167
v -0.729965 0.130524 -0.082534
v -0.729965 0.130524 0.000000
v -0.741108 0.147108 0.000000
v -0.729965 0.255873 0.000000
v -0.716407 0.268006 0.000000
v -0.731348 0.673155 0.000000
v -0.716407 0.697233 0.000000
v -0.731348 0.651789 0.000000
v -0.731348 0.673155 0.000000
v -0.774321 0.409687 -0.085782
v -0.795745 0.409687 -0.064608
v -0.804952 0.404154 -0.068310
v -0.777953 0.404154 -0.095011
v -0.795745 0.420751 -0.064608
v -0.795863 0.420751 0.000000
v -0.795863 0.409687 0.000000
v -0.795745 0.409687 -0.064608
v -0.781585 0.409687 -0.104239
v -0.814159 0.409687 -0.072012
v -0.814159 0.420751 -0.072012
v -0.781585 0.420751 -0.104239
v -0.774321 0.420751 -0.085782
v -0.795745 0.420751 -0.064608
v -0.795745 0.409687 -0.064608
v -0.774321 0.409687 -0.085782
v -0.781585 0.420751 -0.104239
v -0.814159 0.420751 -0.072012
v -0.804952 0.426284 -0.068310
v -0.777953 0.426284 -0.095011
v -0.777953 0.404154 -0.095011
v -0.804952 0.404154 -0.068310
v -0.814159 0.409687 -0.072012
v -0.781585 0.409687 -0.104239
v -0.777953 0.426284 -0.095011
v -0.804952 0.426284 -0.068310
v -0.795745 0.420751 -0.064608
v -0.774321 0.420751 -0.085782
v -0.805077 0.404154 0.000000
v -0.814292 0.409687 0.000000
v -0.814292 0.420751 0.000000
v -0.805077 0.426284 0.000000
v -0.805077 0.426284 0.000000
v -0.795863 0.420751 0.000000
v -0.795863 0.409687 0.000000
v -0.805077 0.404154 0.000000
v -0.814159 0.409687 -0.072012
v -0.814292 0.409687 0.000000
v -0.814292 0.420751 0.000000
v -0.814159 0.420751 -0.072012
v -0.716407 0.409687 -0.085660
v -0.716407 0.404154 -0.094881
v -0.716407 0.420751 -0.104102
v -0.716407 0.426284 -0.094881
v -0.716407 0.404154 -0.094881
v -0.716407 0.409687 -0.104102
v -0.716407 0.409687 -0.104102
v -0.781585 0.409687 -0.104239
v -0.781585 0.420751 -0.104239
v -0.716407 0.420751 -0.104102
v -0.716407 0.420751 -0.085660
v -0.774321 0.420751 -0.085782
v -0.774321 0.409687 -0.085782
v -0.716407 0.409687 -0.085660
v -0.716407 0.426284 -0.094881
v -0.716407 0.420751 -0.085660
v -0.470174 -0.860507 -0.559658
v -0.469027 -0.914801 -0.545155
v -0.513608 -0.914801 -0.541629
v -0.514755 -0.860507 -0.556131
v -0.465892 -0.954546 -0.505534
v -0.510473 -0.954546 -0.502007
v -0.465892 -0.954546 -0.505534
v -0.461611 -0.969094 -0.451410
v -0.506192 -0.969094 -0.447883
v -0.510473 -0.954546 -0.502007
v -0.457330 -0.954546 -0.397286
v -0.501911 -0.954546 -0.393759
v -0.457330 -0.954546 -0.397286
v -0.454195 -0.914801 -0.357664
v -0.498776 -0.914801 -0.354137
v -0.501911 -0.954546 -0.393759
v -0.454195 -0.914801 -0.357664
v -0.453048 -0.860507 -0.343161
v -0.497629 -0.860507 -0.339635
v -0.498776 -0.914801 -0.354137
v -0.454195 -0.806214 -0.357664
v -0.498776 -0.806214 -0.354137
v -0.454195 -0.806214 -0.357664
v -0.457330 -0.766469 -0.397286
v -0.501911 -0.766469 -0.393759
v -0.498776 -0.806214 -0.354137
v -0.461611 -0.751921 -0.451410
v -0.506192 -0.751921 -0.447883
v -0.461611 -0.751921 -0.451410
v -0.465892 -0.766469 -0.505534
v -0.510473 -0.766469 -0.502007
v -0.506192 -0.751921 -0.447883
v -0.511797 -0.901544 -0.518740
v -0.500849 -0.901544 -0.519606
v -0.501716 -0.860507 -0.530567
v -0.512664 -0.860507 -0.529701
v -0.465892 -0.766469 -0.505534
v -0.469027 -0.806214 -0.545155
v -0.513608 -0.806214 -0.541629
v -0.510473 -0.766469 -0.502007
v -0.469027 -0.806214 -0.545155
v -0.470174 -0.860507 -0.559658
v -0.514755 -0.860507 -0.556131
v -0.513608 -0.806214 -0.541629
v -0.500587 -0.819471 -0.377027
v -0.489639 -0.819471 -0.377893
v -0.488772 -0.860507 -0.366931
v -0.499720 -0.860507 -0.366065
v -0.513608 -0.914801 -0.541629
v -0.511797 -0.901544 -0.518740
v -0.512664 -0.860507 -0.529701
v -0.514755 -0.860507 -0.556131
v -0.511797 -0.819471 -0.518740
v -0.513608 -0.806214 -0.541629
v -0.509428 -0.789430 -0.488792
v -0.510473 -0.766469 -0.502007
v -0.506192 -0.778434 -0.447883
v -0.506192 -0.751921 -0.447883
v -0.502956 -0.789430 -0.406974
v -0.501911 -0.766469 -0.393759
v -0.500587 -0.819471 -0.377027
v -0.498776 -0.806214 -0.354137
v -0.499720 -0.860507 -0.366065
v -0.497629 -0.860507 -0.339635
v -0.500587 -0.901544 -0.377027
v -0.498776 -0.914801 -0.354137
v -0.502956 -0.931585 -0.406974
v -0.501911 -0.954546 -0.393759
v -0.506192 -0.942581 -0.447883
v -0.506192 -0.969094 -0.447883
v -0.509428 -0.931585 -0.488792
v -0.510473 -0.954546 -0.502007
v -0.470174 -0.860507 -0.559658
v -0.468083 -0.860507 -0.533228
v -0.467216 -0.901544 -0.522266
v -0.469027 -0.914801 -0.545155
v -0.464847 -0.931585 -0.492319
v -0.465892 -0.954546 -0.505534
v -0.461611 -0.942581 -0.451410
v -0.461611 -0.969094 -0.451410
v -0.458375 -0.931585 -0.410501
v -0.457330 -0.954546 -0.397286
v -0.456006 -0.901544 -0.380553
v -0.454195 -0.914801 -0.357664
v -0.455139 -0.860507 -0.369592
v -0.453048 -0.860507 -0.343161
v -0.456006 -0.819471 -0.380553
v -0.454195 -0.806214 -0.357664
v -0.458375 -0.789430 -0.410501
v -0.457330 -0.766469 -0.397286
v -0.461611 -0.778434 -0.451410
v -0.461611 -0.751921 -0.451410
v -0.464847 -0.789430 -0.492319
v -0.465892 -0.766469 -0.505534
v -0.467216 -0.819471 -0.522266
v -0.469027 -0.806214 -0.545155
v -0.470869 -0.872876 -0.429188
v -0.425935 -0.872876 -0.432742
v -0.425674 -0.860507 -0.429438
v -0.470608 -0.860507 -0.425884
v -0.496934 -0.872876 -0.470105
v -0.541868 -0.872876 -0.466551
v -0.542129 -0.860507 -0.469854
v -0.497195 -0.860507 -0.473409
v -0.456006 -0.901544 -0.380553
v -0.466954 -0.901544 -0.379687
v -0.466087 -0.860507 -0.368726
v -0.455139 -0.860507 -0.369592
v -0.489639 -0.901544 -0.377893
v -0.500587 -0.901544 -0.377027
v -0.509428 -0.931585 -0.488792
v -0.498480 -0.931585 -0.489658
v -0.500849 -0.901544 -0.519606
v -0.511797 -0.901544 -0.518740
v -0.455139 -0.860507 -0.369592
v -0.466087 -0.860507 -0.368726
v -0.466954 -0.819471 -0.379687
v -0.456006 -0.819471 -0.380553
v -0.500587 -0.901544 -0.377027
v -0.489639 -0.901544 -0.377893
v -0.492008 -0.931585 -0.407840
v -0.502956 -0.931585 -0.406974
v -0.468083 -0.860507 -0.533228
v -0.479031 -0.860507 -0.532362
v -0.478164 -0.901544 -0.521400
v -0.467216 -0.901544 -0.522266
v -0.512664 -0.860507 -0.529701
v -0.501716 -0.860507 -0.530567
v -0.500849 -0.819471 -0.519606
v -0.511797 -0.819471 -0.518740
v -0.469323 -0.789430 -0.409635
v -0.458375 -0.789430 -0.410501
v -0.502956 -0.931585 -0.406974
v -0.492008 -0.931585 -0.407840
v -0.495244 -0.942581 -0.448749
v -0.506192 -0.942581 -0.447883
v -0.467216 -0.819471 -0.522266
v -0.478164 -0.819471 -0.521400
v -0.479031 -0.860507 -0.532362
v -0.468083 -0.860507 -0.533228
v -0.511797 -0.819471 -0.518740
v -0.500849 -0.819471 -0.519606
v -0.498480 -0.789430 -0.489658
v -0.509428 -0.789430 -0.488792
v -0.458375 -0.789430 -0.410501
v -0.469323 -0.789430 -0.409635
v -0.472559 -0.778434 -0.450544
v -0.461611 -0.778434 -0.451410
v -0.498480 -0.931585 -0.489658
v -0.509428 -0.931585 -0.488792
v -0.467216 -0.901544 -0.522266
v -0.478164 -0.901544 -0.521400
v -0.475795 -0.931585 -0.491453
v -0.464847 -0.931585 -0.492319
v -0.509428 -0.789430 -0.488792
v -0.498480 -0.789430 -0.489658
v -0.495244 -0.778434 -0.448749
v -0.506192 -0.778434 -0.447883
v -0.475795 -0.789430 -0.491453
v -0.464847 -0.789430 -0.492319
v -0.472559 -0.942581 -0.450544
v -0.461611 -0.942581 -0.451410
v -0.492008 -0.789430 -0.407840
v -0.502956 -0.789430 -0.406974
v -0.464847 -0.789430 -0.492319
v -0.475795 -0.789430 -0.491453
v -0.478164 -0.819471 -0.521400
v -0.467216 -0.819471 -0.522266
v -0.469323 -0.931585 -0.409635
v -0.458375 -0.931585 -0.410501
v -0.502956 -0.789430 -0.406974
v -0.492008 -0.789430 -0.407840
v -0.489639 -0.819471 -0.377893
v -0.500587 -0.819471 -0.377027
v -0.458375 -0.931585 -0.410501
v -0.469323 -0.931585 -0.409635
v -0.466954 -0.901544 -0.379687
v -0.456006 -0.901544 -0.380553
v -0.500849 -0.901544 -0.519606
v -0.496934 -0.872876 -0.470105
v -0.497195 -0.860507 -0.473409
v -0.501716 -0.860507 -0.530567
v -0.496934 -0.848139 -0.470105
v -0.500849 -0.819471 -0.519606
v -0.496220 -0.839085 -0.461079
v -0.498480 -0.789430 -0.489658
v -0.495244 -0.835771 -0.448749
v -0.495244 -0.778434 -0.448749
v -0.494269 -0.839085 -0.436419
v -0.492008 -0.789430 -0.407840
v -0.493555 -0.848139 -0.427393
v -0.489639 -0.819471 -0.377893
v -0.493294 -0.860507 -0.424089
v -0.488772 -0.860507 -0.366931
v -0.493555 -0.872876 -0.427393
v -0.489639 -0.901544 -0.377893
v -0.494269 -0.881930 -0.436419
v -0.492008 -0.931585 -0.407840
v -0.495244 -0.885244 -0.448749
v -0.495244 -0.942581 -0.448749
v -0.496220 -0.881930 -0.461079
v -0.498480 -0.931585 -0.489658
v -0.479031 -0.860507 -0.532362
v -0.474509 -0.860507 -0.475203
v -0.474248 -0.872876 -0.471900
v -0.478164 -0.901544 -0.521400
v -0.473534 -0.881930 -0.462874
v -0.475795 -0.931585 -0.491453
v -0.472559 -0.885244 -0.450544
v -0.472559 -0.942581 -0.450544
v -0.471583 -0.881930 -0.438214
v -0.469323 -0.931585 -0.409635
v -0.470869 -0.872876 -0.429188
v -0.466954 -0.901544 -0.379687
v -0.470608 -0.860507 -0.425884
v -0.466087 -0.860507 -0.368726
v -0.470869 -0.848139 -0.429188
v -0.466954 -0.819471 -0.379687
v -0.471583 -0.839085 -0.438214
v -0.469323 -0.789430 -0.409635
v -0.472559 -0.835771 -0.450544
v -0.472559 -0.778434 -0.450544
v -0.473534 -0.839085 -0.462874
v -0.475795 -0.789430 -0.491453
v -0.474248 -0.848139 -0.471900
v -0.478164 -0.819471 -0.521400
v -0.493294 -0.860507 -0.424089
v -0.538228 -0.860507 -0.420535
v -0.538489 -0.872876 -0.423839
v -0.493555 -0.872876 -0.427393
v -0.496220 -0.881930 -0.461079
v -0.541154 -0.881930 -0.457525
v -0.541868 -0.872876 -0.466551
v -0.496934 -0.872876 -0.470105
v -0.425935 -0.848139 -0.432742
v -0.470869 -0.848139 -0.429188
v -0.493555 -0.872876 -0.427393
v -0.538489 -0.872876 -0.423839
v -0.539203 -0.881930 -0.432865
v -0.494269 -0.881930 -0.436419
v -0.474509 -0.860507 -0.475203
v -0.429575 -0.860507 -0.478758
v -0.429314 -0.872876 -0.475454
v -0.474248 -0.872876 -0.471900
v -0.541868 -0.848139 -0.466551
v -0.496934 -0.848139 -0.470105
v -0.470869 -0.848139 -0.429188
v -0.425935 -0.848139 -0.432742
v -0.426649 -0.839085 -0.441768
v -0.471583 -0.839085 -0.438214
v -0.540179 -0.885244 -0.445195
v -0.495244 -0.885244 -0.448749
v -0.474248 -0.848139 -0.471900
v -0.429314 -0.848139 -0.475454
v -0.429575 -0.860507 -0.478758
v -0.474509 -0.860507 -0.475203
v -0.496934 -0.848139 -0.470105
v -0.541868 -0.848139 -0.466551
v -0.541154 -0.839085 -0.457525
v -0.496220 -0.839085 -0.461079
v -0.427625 -0.835771 -0.454098
v -0.472559 -0.835771 -0.450544
v -0.495244 -0.885244 -0.448749
v -0.540179 -0.885244 -0.445195
v -0.541154 -0.881930 -0.457525
v -0.496220 -0.881930 -0.461079
v -0.428600 -0.881930 -0.466428
v -0.473534 -0.881930 -0.462874
v -0.540178 -0.835771 -0.445195
v -0.495244 -0.835771 -0.448749
v -0.428600 -0.839085 -0.466428
v -0.473534 -0.839085 -0.462874
v -0.473534 -0.881930 -0.462874
v -0.428600 -0.881930 -0.466428
v -0.427625 -0.885244 -0.454098
v -0.472559 -0.885244 -0.450544
v -0.539203 -0.839085 -0.432865
v -0.494269 -0.839085 -0.436419
v -0.473534 -0.839085 -0.462874
v -0.428600 -0.839085 -0.466428
v -0.429314 -0.848139 -0.475454
v -0.474248 -0.848139 -0.471900
v -0.472559 -0.885244 -0.450544
v -0.427625 -0.885244 -0.454098
v -0.426649 -0.881930 -0.441768
v -0.471583 -0.881930 -0.438214
v -0.494269 -0.839085 -0.436419
v -0.539203 -0.839085 -0.432865
v -0.538489 -0.848139 -0.423839
v -0.493555 -0.848139 -0.427393
v -0.425935 -0.872876 -0.432742
v -0.470869 -0.872876 -0.429188
v -0.493555 -0.848139 -0.427393
v -0.538489 -0.848139 -0.423839
v -0.538228 -0.860507 -0.420535
v -0.493294 -0.860507 -0.424089
v -0.489185 -0.762722 -0.511987
v -0.534118 -0.762722 -0.489070
v -0.534118 -0.749805 -0.489070
v -0.489185 -0.749805 -0.511987
v -0.431499 -0.749805 -0.373681
v -0.431499 -0.762722 -0.373681
v -0.441208 -0.762722 -0.496420
v -0.441208 -0.749805 -0.496420
v -0.524409 -0.762722 -0.366331
v -0.476432 -0.762722 -0.350764
v -0.476432 -0.749805 -0.350764
v -0.524409 -0.749805 -0.366331
v -0.476432 -0.762722 -0.350764
v -0.431499 -0.762722 -0.373681
v -0.431499 -0.749805 -0.373681
v -0.476432 -0.749805 -0.350764
v -0.451247 -0.762722 -0.495626
v -0.449911 -0.902267 -0.478727
v -0.445235 -0.902267 -0.419615
v -0.441538 -0.762722 -0.372887
v -0.441208 -0.762722 -0.496420
v -0.489185 -0.762722 -0.511987
v -0.489185 -0.749805 -0.511987
v -0.441208 -0.749805 -0.496420
v -0.489185 -0.762722 -0.511987
v -0.488532 -0.762722 -0.503730
v -0.524078 -0.762722 -0.489864
v -0.534118 -0.762722 -0.489070
v -0.435195 -0.902267 -0.420409
v -0.439871 -0.902267 -0.479521
v -0.534118 -0.762722 -0.489070
v -0.532781 -0.902267 -0.472172
v -0.528105 -0.902267 -0.413059
v -0.524409 -0.762722 -0.366331
v -0.524409 -0.762722 -0.366331
v -0.514369 -0.762722 -0.367125
v -0.477085 -0.762722 -0.359021
v -0.476432 -0.762722 -0.350764
v -0.441538 -0.762722 -0.372887
v -0.431499 -0.762722 -0.373681
v -0.441538 -0.762722 -0.372887
v -0.445235 -0.902267 -0.419615
v -0.435195 -0.902267 -0.420409
v -0.431499 -0.762722 -0.373681
v -0.532781 -0.902267 -0.472172
v -0.522741 -0.902267 -0.472966
v -0.518066 -0.902267 -0.413854
v -0.528105 -0.902267 -0.413059
v -0.441208 -0.762722 -0.496420
v -0.451247 -0.762722 -0.495626
v -0.435195 -0.902267 -0.420409
v -0.445235 -0.902267 -0.419615
v -0.449911 -0.902267 -0.478727
v -0.439871 -0.902267 -0.479521
v -0.514369 -0.762722 -0.367125
v -0.518066 -0.902267 -0.413854
v -0.522741 -0.902267 -0.472966
v -0.524078 -0.762722 -0.489864
v -0.524409 -0.762722 -0.366331
v -0.528105 -0.902267 -0.413059
v -0.518066 -0.902267 -0.413854
v -0.514369 -0.762722 -0.367125
v -0.441208 -0.762722 -0.496420
v -0.439871 -0.902267 -0.479521
v -0.449911 -0.902267 -0.478727
v -0.451247 -0.762722 -0.495626
v -0.524078 -0.762722 -0.489864
v -0.522741 -0.902267 -0.472966
v -0.532781 -0.902267 -0.472172
v -0.534118 -0.762722 -0.489070
v -0.534118 -0.749805 -0.489070
v -0.524409 -0.749805 -0.366331
v 0.682776 -0.611439 0.405272
v 0.000000 -0.614186 0.407498
v 0.000000 -0.517419 0.468118
v 0.682776 -0.517201 0.467485
v 0.000000 -0.614186 0.407498
v 0.682776 -0.611439 0.405272
v 0.682776 -0.656346 0.288162
v 0.000000 -0.657718 0.288515
v 0.682776 -0.684848 0.105241
v 0.000000 -0.685964 0.105327
v 0.731348 0.334200 0.593221
v 0.731348 0.507383 0.445693
v 0.731348 0.524320 0.459501
v 0.731348 0.355448 0.594798
v 0.716407 0.639988 0.280360
v 0.682775 0.615911 0.280360
v 0.682776 0.524320 0.459501
v 0.716407 0.548397 0.459501
v 0.716407 0.697233 0.090179
v 0.682775 0.673155 0.090179
v 0.716407 0.639988 0.280360
v 0.731348 0.615911 0.280360
v 0.731348 0.673155 0.090179
v 0.716407 0.697233 0.090179
v 0.716407 0.379526 0.594798
v 0.000000 0.379526 0.594798
v 0.000000 0.355448 0.606870
v 0.716407 0.355448 0.606870
v 0.682776 0.359077 0.560295
v 0.000000 0.359077 0.560295
v 0.000000 0.379526 0.594798
v 0.716407 0.379526 0.594798
v 0.731348 0.596008 0.272353
v 0.731348 0.615911 0.280360
v 0.731348 0.651789 0.087033
v 0.731348 0.673155 0.090179
v 0.731348 0.651789 0.087033
v 0.716407 0.651789 0.087033
v 0.716407 0.379526 0.594798
v 0.731348 0.355448 0.594798
v 0.731348 0.524320 0.459501
v 0.716407 0.548397 0.459501
v 0.716407 0.596008 0.272353
v 0.731348 0.596008 0.272353
v 0.731348 0.507383 0.445693
v 0.716407 0.507383 0.445693
v 0.716407 0.507383 0.445693
v 0.731348 0.507383 0.445693
v 0.731348 0.334200 0.593221
v 0.716407 0.334200 0.593221
v 0.716407 0.355448 0.606870
v 0.000000 0.355448 0.606870
v 0.000000 0.334200 0.604590
v 0.716407 0.334200 0.605261
v 0.716407 0.334200 0.605261
v 0.731348 0.334200 0.593221
v 0.682776 0.359077 0.560295
v 0.716407 0.379526 0.594798
v 0.716407 0.548397 0.459501
v 0.682776 0.524320 0.459501
v 0.000000 0.334200 0.592564
v 0.716407 0.334200 0.593221
v 0.716407 0.334200 0.605261
v 0.000000 0.334200 0.604590
v 0.716407 -0.529033 0.501782
v 0.631807 -0.444897 0.510624
v 0.600561 -0.444897 0.510627
v 0.600561 -0.529033 0.501782
v 0.000000 0.334200 0.592564
v 0.000000 0.250071 0.583723
v 0.631807 0.250063 0.584302
v 0.716407 0.334200 0.593221
v 0.608511 -0.421729 0.505274
v 0.600561 -0.421729 0.505276
v 0.000000 0.226905 0.573505
v 0.608511 0.226895 0.574063
v 0.729965 0.255873 0.084188
v 0.729965 0.255873 0.392187
v 0.729965 0.130524 0.384482
v 0.729965 0.130524 0.082534
v 0.716407 0.268006 0.415565
v 0.716407 0.226296 0.581792
v 0.716407 0.118392 0.570362
v 0.716407 0.118392 0.407401
v 0.716407 0.268006 0.415565
v 0.729965 0.255873 0.392187
v 0.729965 0.255873 0.084188
v 0.716407 0.268006 0.089207
v 0.716407 0.118392 0.087454
v 0.729965 0.130524 0.082534
v 0.729965 0.130524 0.384482
v 0.716407 0.118392 0.407401
v 0.716407 0.118392 0.407401
v 0.729965 0.130524 0.384482
v 0.729965 0.255873 0.392187
v 0.716407 0.268006 0.415565
v 0.729965 0.255873 0.084188
v 0.741108 0.239289 0.067384
v 0.741108 0.239289 0.067384
v 0.729965 0.255873 0.084188
v 0.729965 0.130524 0.082534
v 0.741108 0.147108 0.066167
v 0.858663 0.193349 0.027164
v 0.858663 0.193349 0.037086
v 0.858663 0.167126 0.026223
v 0.858663 0.174141 0.019208
v 0.858663 0.219572 0.026223
v 0.858663 0.212557 0.019208
v 0.858663 0.166185 0.000000
v 0.766425 0.166185 0.000000
v 0.766425 0.174141 0.019208
v 0.858663 0.174141 0.019208
v 0.858663 0.212557 0.019208
v 0.766425 0.212557 0.019208
v 0.766425 0.220513 0.000000
v 0.858663 0.220513 0.000000
v 0.858663 0.174141 0.019208
v 0.766425 0.174141 0.019208
v 0.766425 0.193349 0.027164
v 0.858663 0.193349 0.027164
v 0.858663 0.193349 0.027164
v 0.766425 0.193349 0.027164
v 0.766425 0.212557 0.019208
v 0.858663 0.212557 0.019208
v 0.741108 0.219572 0.026223
v 0.858663 0.219572 0.026223
v 0.858663 0.230434 0.000000
v 0.741108 0.230434 0.000000
v 0.741108 0.167126 0.026223
v 0.858663 0.167126 0.026223
v 0.858663 0.193349 0.037086
v 0.741108 0.193349 0.037086
v 0.741108 0.193349 0.037086
v 0.858663 0.193349 0.037086
v 0.858663 0.219572 0.026223
v 0.741108 0.219572 0.026223
v 0.741108 0.156263 0.000000
v 0.858663 0.156264 0.000000
v 0.858663 0.167126 0.026223
v 0.741108 0.167126 0.026223
v 0.587812 -0.594439 0.506994
v 0.751031 -0.594439 0.506994
v 0.751031 -0.255305 0.563062
v 0.587812 -0.255305 0.563062
v 0.751031 -0.594439 0.506994
v 0.751031 -0.581976 0.427142
v 0.751031 -0.242842 0.436814
v 0.751031 -0.255305 0.563062
v 0.751031 -0.581976 0.427142
v 0.716407 -0.581976 0.427142
v 0.716407 -0.242842 0.436814
v 0.751031 -0.242842 0.436814
v 0.587812 -0.594439 0.506994
v 0.600561 -0.592469 0.494374
v 0.738282 -0.592469 0.494374
v 0.751031 -0.594439 0.506994
v 0.751031 -0.594439 0.506994
v 0.738282 -0.592469 0.494374
v 0.738282 -0.583946 0.439763
v 0.751031 -0.581976 0.427142
v 0.751031 -0.581976 0.427142
v 0.738282 -0.583946 0.439763
v 0.716407 -0.583946 0.439763
v 0.716407 -0.581976 0.427142
v 0.751031 -0.255305 0.563062
v 0.738282 -0.254052 0.550374
v 0.600561 -0.254052 0.550374
v 0.587812 -0.255305 0.563062
v 0.587812 -0.255305 0.563062
v 0.600561 -0.254052 0.550374
v 0.600561 -0.251383 0.523333
v 0.587812 -0.251382 0.523321
v 0.751031 -0.242842 0.436814
v 0.738282 -0.244095 0.449502
v 0.738282 -0.254052 0.550374
v 0.751031 -0.255305 0.563062
v 0.738282 -0.583946 0.439763
v 0.738282 -0.592469 0.494374
v 0.738282 -0.254052 0.550374
v 0.738282 -0.244095 0.449502
v 0.738282 -0.592469 0.494374
v 0.600561 -0.592469 0.494374
v 0.600561 -0.254052 0.550374
v 0.738282 -0.254052 0.550374
v 0.600561 -0.587873 0.464922
v 0.600561 -0.592469 0.494374
v 0.587812 -0.594439 0.506994
v 0.587812 -0.587873 0.464922
v 0.716407 -0.583946 0.439763
v 0.738282 -0.583946 0.439763
v 0.738282 -0.244095 0.449502
v 0.716407 -0.244095 0.449502
v 0.716407 -0.244095 0.449502
v 0.738282 -0.244095 0.449502
v 0.751031 -0.242842 0.436814
v 0.716407 -0.242842 0.436814
v 0.396099 -0.464264 0.518824
v 0.573256 -0.464264 0.518824
v 0.573256 -0.439516 0.518824
v 0.396099 -0.439516 0.518824
v 0.573256 -0.439516 0.518824
v 0.573256 -0.439516 0.509388
v 0.396099 -0.439516 0.509414
v 0.396099 -0.439516 0.518824
v 0.396099 -0.481502 0.518545
v 0.396099 -0.644140 0.556216
v 0.573256 -0.644139 0.556216
v 0.573256 -0.481502 0.518545
v 0.573256 -0.464264 0.518824
v 0.573256 -0.481502 0.518545
v 0.573256 -0.485109 0.506403
v 0.573256 -0.464264 0.508595
v 0.396099 -0.650011 0.544051
v 0.573256 -0.650011 0.544051
v 0.573256 -0.697648 0.543817
v 0.396099 -0.697649 0.543817
v 0.396099 -0.703065 0.560286
v 0.573256 -0.703065 0.560286
v 0.573256 -0.650011 0.544051
v 0.573256 -0.644139 0.556216
v 0.573256 -0.703065 0.560286
v 0.573256 -0.697648 0.543817
v 0.573256 -0.703065 0.560286
v 0.573256 -0.724261 0.504056
v 0.573256 -0.709530 0.505180
v 0.573256 -0.697648 0.543817
v 0.396099 -0.697649 0.543817
v 0.396099 -0.709531 0.505180
v 0.396099 -0.724261 0.504056
v 0.396099 -0.703065 0.560286
v 0.573256 -0.697648 0.543817
v 0.573256 -0.709530 0.505180
v 0.396099 -0.709531 0.505180
v 0.396099 -0.697649 0.543817
v 0.396099 -0.644140 0.556216
v 0.396099 -0.650011 0.544051
v 0.396099 -0.697649 0.543817
v 0.396099 -0.703065 0.560286
v 0.573256 -0.684310 0.316809
v 0.396099 -0.684310 0.316809
v 0.573256 -0.487657 0.506135
v 0.396099 -0.487721 0.506150
v 0.396099 -0.485103 0.506425
v 0.396099 -0.481502 0.518545
v 0.396099 -0.464264 0.518824
v 0.396099 -0.464264 0.508616
v 0.486073 -0.746673 0.519125
v 0.537939 -0.746673 0.497642
v 0.537939 -0.727213 0.497642
v 0.486073 -0.727213 0.519125
v 0.537939 -0.746673 0.497642
v 0.559423 -0.746673 0.445776
v 0.559423 -0.727213 0.445776
v 0.537939 -0.727213 0.497642
v 0.559423 -0.746673 0.445776
v 0.537939 -0.746673 0.393910
v 0.537939 -0.727213 0.393910
v 0.559423 -0.727213 0.445776
v 0.537939 -0.746673 0.393910
v 0.486073 -0.746673 0.372427
v 0.486073 -0.727213 0.372427
v 0.537939 -0.727213 0.393910
v 0.486073 -0.746673 0.372427
v 0.434207 -0.746673 0.393910
v 0.434207 -0.727213 0.393910
v 0.486073 -0.727213 0.372427
v 0.434207 -0.746673 0.393910
v 0.412724 -0.746673 0.445776
v 0.412724 -0.727213 0.445776
v 0.434207 -0.727213 0.393910
v 0.412724 -0.746673 0.445776
v 0.434207 -0.746673 0.497642
v 0.434207 -0.727213 0.497642
v 0.412724 -0.727213 0.445776
v 0.434207 -0.746673 0.497642
v 0.486073 -0.746673 0.519125
v 0.486073 -0.727213 0.519125
v 0.434207 -0.727213 0.497642
v 0.434207 -0.727213 0.497642
v 0.445096 -0.721756 0.486753
v 0.444863 -0.715823 0.445776
v 0.412724 -0.727213 0.445776
v 0.463465 -0.712549 0.423167
v 0.434207 -0.727213 0.393910
v 0.486073 -0.711587 0.416518
v 0.486073 -0.727213 0.372427
v 0.508682 -0.712549 0.423167
v 0.537939 -0.727213 0.393910
v 0.527283 -0.715823 0.445776
v 0.559423 -0.727213 0.445776
v 0.527050 -0.721756 0.486753
v 0.537939 -0.727213 0.497642
v 0.729965 0.095925 0.064987
v 0.729965 -0.591728 0.064987
v 0.729965 0.095925 0.064987
v 0.716407 0.118392 0.087454
v 0.716407 -0.612329 0.087454
v 0.729965 -0.591728 0.064987
v 0.673011 0.093092 0.606511
v 0.673011 0.111092 0.630664
v 0.678543 0.106150 0.639268
v 0.678543 0.083449 0.608829
v 0.656413 0.224058 0.656026
v 0.661946 0.221709 0.646385
v 0.661946 0.111092 0.630664
v 0.656413 0.106150 0.639268
v 0.673011 0.073807 0.611147
v 0.673011 0.101207 0.647873
v 0.661946 0.101207 0.647873
v 0.661946 0.073807 0.611147
v 0.661946 0.093092 0.606511
v 0.661946 0.111092 0.630664
v 0.673011 0.111092 0.630664
v 0.673011 0.093092 0.606511
v 0.661946 0.073807 0.611147
v 0.661946 0.101207 0.647873
v 0.656413 0.106150 0.639268
v 0.656413 0.083449 0.608829
v 0.678543 0.083449 0.608829
v 0.678543 0.106150 0.639268
v 0.673011 0.101207 0.647873
v 0.673011 0.073807 0.611147
v 0.656413 0.083449 0.608829
v 0.661946 0.093092 0.606511
v 0.673011 0.221709 0.646385
v 0.678543 0.224058 0.656026
v 0.673011 0.226407 0.665667
v 0.661946 0.226407 0.665667
v 0.661946 0.101207 0.647873
v 0.673011 0.101207 0.647873
v 0.661946 0.221709 0.646385
v 0.673011 0.221709 0.646385
v 0.673011 0.111092 0.630664
v 0.661946 0.111092 0.630664
v 0.678543 0.224058 0.656026
v 0.673011 0.226407 0.665667
v 0.673011 0.245725 0.628204
v 0.678543 0.254341 0.633117
v 0.673011 0.262956 0.638029
v 0.661946 0.262956 0.638029
v 0.661946 0.226407 0.665667
v 0.673011 0.226407 0.665667
v 0.661946 0.245725 0.628204
v 0.673011 0.245725 0.628204
v 0.673011 0.221709 0.646385
v 0.661946 0.221709 0.646385
v 0.661946 0.262956 0.638029
v 0.656413 0.254341 0.633117
v 0.656413 0.224058 0.656026
v 0.661946 0.226407 0.665667
v 0.678543 0.254341 0.633117
v 0.673011 0.262956 0.638029
v 0.656413 0.254341 0.633117
v 0.661946 0.245725 0.628204
v 0.678543 0.261111 0.585476
v 0.673011 0.251936 0.584504
v 0.661946 0.098531 0.568244
v 0.661946 0.093092 0.606511
v 0.673011 0.093092 0.606511
v 0.673011 0.098531 0.568246
v 0.661946 0.270287 0.586447
v 0.661946 0.262956 0.638029
v 0.673011 0.262956 0.638029
v 0.673011 0.270287 0.586448
v 0.682776 0.359077 0.560295
v 0.682776 -0.517201 0.467485
v 0.000000 -0.517419 0.468118
v 0.000000 0.359077 0.560295
v 0.678543 0.089355 0.567275
v 0.673011 0.080180 0.566301
v 0.673011 0.270287 0.586448
v 0.678543 0.261111 0.585476
v 0.673011 0.251936 0.584504
v 0.673011 0.245725 0.628204
v 0.661946 0.245725 0.628204
v 0.661946 0.251936 0.584503
v 0.661946 0.251936 0.584503
v 0.656413 0.261112 0.585475
v 0.656413 0.261112 0.585475
v 0.661946 0.270287 0.586447
v 0.673011 0.098531 0.568246
v 0.678543 0.089355 0.567275
v 0.673011 0.080180 0.566301
v 0.673011 0.073807 0.611147
v 0.661946 0.073807 0.611147
v 0.661946 0.080181 0.566298
v 0.656413 0.089356 0.567270
v 0.661946 0.098531 0.568244
v 0.661946 0.080181 0.566298
v 0.656413 0.089356 0.567270
v 0.000000 -0.720658 0.107986
v 0.716407 -0.720657 0.107986
v 0.729965 -0.591728 0.064987
v 0.716407 -0.612329 0.087454
v 0.729965 0.130524 0.082534
v 0.741108 0.147108 0.066167
v 0.729965 0.130524 0.082534
v 0.774321 0.409687 0.085782
v 0.795745 0.409687 0.064608
v 0.804952 0.404154 0.068310
v 0.777953 0.404154 0.095011
v 0.795745 0.420751 0.064608
v 0.795745 0.409687 0.064608
v 0.781585 0.409687 0.104239
v 0.814159 0.409687 0.072012
v 0.814159 0.420751 0.072012
v 0.781585 0.420751 0.104239
v 0.774321 0.420751 0.085782
v 0.795745 0.420751 0.064608
v 0.795745 0.409687 0.064608
v 0.774321 0.409687 0.085782
v 0.781585 0.420751 0.104239
v 0.814159 0.420751 0.072012
v 0.804952 0.426284 0.068310
v 0.777953 0.426284 0.095011
v 0.777953 0.404154 0.095011
v 0.804952 0.404154 0.068310
v 0.814159 0.409687 0.072012
v 0.781585 0.409687 0.104239
v 0.777953 0.426284 0.095011
v 0.804952 0.426284 0.068310
v 0.795745 0.420751 0.064608
v 0.774321 0.420751 0.085782
v 0.814159 0.409687 0.072012
v 0.814159 0.420751 0.072012
v 0.716407 0.409687 0.085660
v 0.716407 0.404154 0.094881
v 0.716407 0.420751 0.104102
v 0.716407 0.426284 0.094881
v 0.716407 0.404154 0.094881
v 0.716407 0.409687 0.104102
v 0.716407 0.409687 0.104102
v 0.781585 0.409687 0.104239
v 0.781585 0.420751 0.104239
v 0.716407 0.420751 0.104102
v 0.716407 0.420751 0.085660
v 0.774321 0.420751 0.085782
v 0.774321 0.409687 0.085782
v 0.716407 0.409687 0.085660
v 0.716407 0.426284 0.094881
v 0.716407 0.420751 0.085660
v 0.470174 -0.860507 0.559658
v 0.469027 -0.914801 0.545155
v 0.513608 -0.914801 0.541629
v 0.514755 -0.860507 0.556131
v 0.465892 -0.954546 0.505534
v 0.510473 -0.954546 0.502007
v 0.465892 -0.954546 0.505534
v 0.461611 -0.969094 0.451410
v 0.506192 -0.969094 0.447883
v 0.510473 -0.954546 0.502007
v 0.457330 -0.954546 0.397286
v 0.501911 -0.954546 0.393759
v 0.457330 -0.954546 0.397286
v 0.454195 -0.914801 0.357664
v 0.498776 -0.914801 0.354137
v 0.501911 -0.954546 0.393759
v 0.454195 -0.914801 0.357664
v 0.453048 -0.860507 0.343161
v 0.497629 -0.860507 0.339635
v 0.498776 -0.914801 0.354137
v 0.454195 -0.806214 0.357664
v 0.498776 -0.806214 0.354137
v 0.454195 -0.806214 0.357664
v 0.457330 -0.766469 0.397286
v 0.501911 -0.766469 0.393759
v 0.498776 -0.806214 0.354137
v 0.461611 -0.751921 0.451410
v 0.506192 -0.751921 0.447883
v 0.461611 -0.751921 0.451410
v 0.465892 -0.766469 0.505534
v 0.510473 -0.766469 0.502007
v 0.506192 -0.751921 0.447883
v 0.511797 -0.901544 0.518740
v 0.500849 -0.901544 0.519606
v 0.501716 -0.860507 0.530567
v 0.512664 -0.860507 0.529701
v 0.465892 -0.766469 0.505534
v 0.469027 -0.806214 0.545155
v 0.513608 -0.806214 0.541629
v 0.510473 -0.766469 0.502007
v 0.469027 -0.806214 0.545155
v 0.470174 -0.860507 0.559658
v 0.514755 -0.860507 0.556131
v 0.513608 -0.806214 0.541629
v 0.500587 -0.819471 0.377027
v 0.489639 -0.819471 0.377893
v 0.488772 -0.860507 0.366931
v 0.499720 -0.860507 0.366065
v 0.513608 -0.914801 0.541629
v 0.511797 -0.901544 0.518740
v 0.512664 -0.860507 0.529701
v 0.514755 -0.860507 0.556131
v 0.511797 -0.819471 0.518740
v 0.513608 -0.806214 0.541629
v 0.509428 -0.789430 0.488792
v 0.510473 -0.766469 0.502007
v 0.506192 -0.778434 0.447883
v 0.506192 -0.751921 0.447883
v 0.502956 -0.789430 0.406974
v 0.501911 -0.766469 0.393759
v 0.500587 -0.819471 0.377027
v 0.498776 -0.806214 0.354137
v 0.499720 -0.860507 0.366065
v 0.497629 -0.860507 0.339635
v 0.500587 -0.901544 0.377027
v 0.498776 -0.914801 0.354137
v 0.502956 -0.931585 0.406974
v 0.501911 -0.954546 0.393759
v 0.506192 -0.942581 0.447883
v 0.506192 -0.969094 0.447883
v 0.509428 -0.931585 0.488792
v 0.510473 -0.954546 0.502007
v 0.470174 -0.860507 0.559658
v 0.468083 -0.860507 0.533228
v 0.467216 -0.901544 0.522266
v 0.469027 -0.914801 0.545155
v 0.464847 -0.931585 0.492319
v 0.465892 -0.954546 0.505534
v 0.461611 -0.942581 0.451410
v 0.461611 -0.969094 0.451410
v 0.458375 -0.931585 0.410501
v 0.457330 -0.954546 0.397286
v 0.456006 -0.901544 0.380553
v 0.454195 -0.914801 0.357664
v 0.455139 -0.860507 0.369592
v 0.453048 -0.860507 0.343161
v 0.456006 -0.819471 0.380553
v 0.454195 -0.806214 0.357664
v 0.458375 -0.789430 0.410501
v 0.457330 -0.766469 0.397286
v 0.461611 -0.778434 0.451410
v 0.461611 -0.751921 0.451410
v 0.464847 -0.789430 0.492319
v 0.465892 -0.766469 0.505534
v 0.467216 -0.819471 0.522266
v 0.469027 -0.806214 0.545155
v 0.470869 -0.872876 0.429188
v 0.425935 -0.872876 0.432742
v 0.425674 -0.860507 0.429438
v 0.470608 -0.860507 0.425884
v 0.496934 -0.872876 0.470105
v 0.541868 -0.872876 0.466551
v 0.542129 -0.860507 0.469854
v 0.497195 -0.860507 0.473409
v 0.456006 -0.901544 0.380553
v 0.466954 -0.901544 0.379687
v 0.466087 -0.860507 0.368726
v 0.455139 -0.860507 0.369592
v 0.489639 -0.901544 0.377893
v 0.500587 -0.901544 0.377027
v 0.509428 -0.931585 0.488792
v 0.498480 -0.931585 0.489658
v 0.500849 -0.901544 0.519606
v 0.511797 -0.901544 0.518740
v 0.455139 -0.860507 0.369592
v 0.466087 -0.860507 0.368726
v 0.466954 -0.819471 0.379687
v 0.456006 -0.819471 0.380553
v 0.500587 -0.901544 0.377027
v 0.489639 -0.901544 0.377893
v 0.492008 -0.931585 0.407840
v 0.502956 -0.931585 0.406974
v 0.468083 -0.860507 0.533228
v 0.479031 -0.860507 0.532362
v 0.478164 -0.901544 0.521400
v 0.467216 -0.901544 0.522266
v 0.512664 -0.860507 0.529701
v 0.501716 -0.860507 0.530567
v 0.500849 -0.819471 0.519606
v 0.511797 -0.819471 0.518740
v 0.469323 -0.789430 0.409635
v 0.458375 -0.789430 0.410501
v 0.502956 -0.931585 0.406974
v 0.492008 -0.931585 0.407840
v 0.495244 -0.942581 0.448749
v 0.506192 -0.942581 0.447883
v 0.467216 -0.819471 0.522266
v 0.478164 -0.819471 0.521400
v 0.479031 -0.860507 0.532362
v 0.468083 -0.860507 0.533228
v 0.511797 -0.819471 0.518740
v 0.500849 -0.819471 0.519606
v 0.498480 -0.789430 0.489658
v 0.509428 -0.789430 0.488792
v 0.458375 -0.789430 0.410501
v 0.469323 -0.789430 0.409635
v 0.472559 -0.778434 0.450544
v 0.461611 -0.778434 0.451410
v 0.498480 -0.931585 0.489658
v 0.509428 -0.931585 0.488792
v 0.467216 -0.901544 0.522266
v 0.478164 -0.901544 0.521400
v 0.475795 -0.931585 0.491453
v 0.464847 -0.931585 0.492319
v 0.509428 -0.789430 0.488792
v 0.498480 -0.789430 0.489658
v 0.495244 -0.778434 0.448749
v 0.506192 -0.778434 0.447883
v 0.475795 -0.789430 0.491453
v 0.464847 -0.789430 0.492319
v 0.472559 -0.942581 0.450544
v 0.461611 -0.942581 0.451410
v 0.492008 -0.789430 0.407840
v 0.502956 -0.789430 0.406974
v 0.464847 -0.789430 0.492319
v 0.475795 -0.789430 0.491453
v 0.478164 -0.819471 0.521400
v 0.467216 -0.819471 0.522266
v 0.469323 -0.931585 0.409635
v 0.458375 -0.931585 0.410501
v 0.502956 -0.789430 0.406974
v 0.492008 -0.789430 0.407840
v 0.489639 -0.819471 0.377893
v 0.500587 -0.819471 0.377027
v 0.458375 -0.931585 0.410501
v 0.469323 -0.931585 0.409635
v 0.466954 -0.901544 0.379687
v 0.456006 -0.901544 0.380553
v 0.500849 -0.901544 0.519606
v 0.496934 -0.872876 0.470105
v 0.497195 -0.860507 0.473409
v 0.501716 -0.860507 0.530567
v 0.496934 -0.848139 0.470105
v 0.500849 -0.819471 0.519606
v 0.496220 -0.839085 0.461079
v 0.498480 -0.789430 0.489658
v 0.495244 -0.835771 0.448749
v 0.495244 -0.778434 0.448749
v 0.494269 -0.839085 0.436419
v 0.492008 -0.789430 0.407840
v 0.493555 -0.848139 0.427393
v 0.489639 -0.819471 0.377893
v 0.493294 -0.860507 0.424089
v 0.488772 -0.860507 0.366931
v 0.493555 -0.872876 0.427393
v 0.489639 -0.901544 0.377893
v 0.494269 -0.881930 0.436419
v 0.492008 -0.931585 0.407840
v 0.495244 -0.885244 0.448749
v 0.495244 -0.942581 0.448749
v 0.496220 -0.881930 0.461079
v 0.498480 -0.931585 0.489658
v 0.479031 -0.860507 0.532362
v 0.474509 -0.860507 0.475203
v 0.474248 -0.872876 0.471900
v 0.478164 -0.901544 0.521400
v 0.473534 -0.881930 0.462874
v 0.475795 -0.931585 0.491453
v 0.472559 -0.885244 0.450544
v 0.472559 -0.942581 0.450544
v 0.471583 -0.881930 0.438214
v 0.469323 -0.931585 0.409635
v 0.470869 -0.872876 0.429188
v 0.466954 -0.901544 0.379687
v 0.470608 -0.860507 0.425884
v 0.466087 -0.860507 0.368726
v 0.470869 -0.848139 0.429188
v 0.466954 -0.819471 0.379687
v 0.471583 -0.839085 0.438214
v 0.469323 -0.789430 0.409635
v 0.472559 -0.835771 0.450544
v 0.472559 -0.778434 0.450544
v 0.473534 -0.839085 0.462874
v 0.475795 -0.789430 0.491453
v 0.474248 -0.848139 0.471900
v 0.478164 -0.819471 0.521400
v 0.493294 -0.860507 0.424089
v 0.538228 -0.860507 0.420535
v 0.538489 -0.872876 0.423839
v 0.493555 -0.872876 0.427393
v 0.496220 -0.881930 0.461079
v 0.541154 -0.881930 0.457525
v 0.541868 -0.872876 0.466551
v 0.496934 -0.872876 0.470105
v 0.425935 -0.848139 0.432742
v 0.470869 -0.848139 0.429188
v 0.493555 -0.872876 0.427393
v 0.538489 -0.872876 0.423839
v 0.539203 -0.881930 0.432865
v 0.494269 -0.881930 0.436419
v 0.474509 -0.860507 0.475203
v 0.429575 -0.860507 0.478758
v 0.429314 -0.872876 0.475454
v 0.474248 -0.872876 0.471900
v 0.541868 -0.848139 0.466551
v 0.496934 -0.848139 0.470105
v 0.470869 -0.848139 0.429188
v 0.425935 -0.848139 0.432742
v 0.426649 -0.839085 0.441768
v 0.471583 -0.839085 0.438214
v 0.540179 -0.885244 0.445195
v 0.495244 -0.885244 0.448749
v 0.474248 -0.848139 0.471900
v 0.429314 -0.848139 0.475454
v 0.429575 -0.860507 0.478758
v 0.474509 -0.860507 0.475203
v 0.496934 -0.848139 0.470105
v 0.541868 -0.848139 0.466551
v 0.541154 -0.839085 0.457525
v 0.496220 -0.839085 0.461079
v 0.427625 -0.835771 0.454098
v 0.472559 -0.835771 0.450544
v 0.495244 -0.885244 0.448749
v 0.540179 -0.885244 0.445195
v 0.541154 -0.881930 0.457525
v 0.496220 -0.881930 0.461079
v 0.428600 -0.881930 0.466428
v 0.473534 -0.881930 0.462874
v 0.540178 -0.835771 0.445195
v 0.495244 -0.835771 0.448749
v 0.428600 -0.839085 0.466428
v 0.473534 -0.839085 0.462874
v 0.473534 -0.881930 0.462874
v 0.428600 -0.881930 0.466428
v 0.427625 -0.885244 0.454098
v 0.472559 -0.885244 0.450544
v 0.539203 -0.839085 0.432865
v 0.494269 -0.839085 0.436419
v 0.473534 -0.839085 0.462874
v 0.428600 -0.839085 0.466428
v 0.429314 -0.848139 0.475454
v 0.474248 -0.848139 0.471900
v 0.472559 -0.885244 0.450544
v 0.427625 -0.885244 0.454098
v 0.426649 -0.881930 0.441768
v 0.471583 -0.881930 0.438214
v 0.494269 -0.839085 0.436419
v 0.539203 -0.839085 0.432865
v 0.538489 -0.848139 0.423839
v 0.493555 -0.848139 0.427393
v 0.425935 -0.872876 0.432742
v 0.470869 -0.872876 0.429188
v 0.493555 -0.848139 0.427393
v 0.538489 -0.848139 0.423839
v 0.538228 -0.860507 0.420535
v 0.493294 -0.860507 0.424089
v 0.489185 -0.762722 0.511987
v 0.534118 -0.762722 0.489070
v 0.534118 -0.749805 0.489070
v 0.489185 -0.749805 0.511987
v 0.431499 -0.749805 0.373681
v 0.431499 -0.762722 0.373681
v 0.441208 -0.762722 0.496420
v 0.441208 -0.749805 0.496420
v 0.524409 -0.762722 0.366331
v 0.476432 -0.762722 0.350764
v 0.476432 -0.749805 0.350764
v 0.524409 -0.749805 0.366331
v 0.476432 -0.762722 0.350764
v 0.431499 -0.762722 0.373681
v 0.431499 -0.749805 0.373681
v 0.476432 -0.749805 0.350764
v 0.451247 -0.762722 0.495626
v 0.449911 -0.902267 0.478727
v 0.445235 -0.902267 0.419615
v 0.441538 -0.762722 0.372887
v 0.441208 -0.762722 0.496420
v 0.489185 -0.762722 0.511987
v 0.489185 -0.749805 0.511987
v 0.441208 -0.749805 0.496420
v 0.489185 -0.762722 0.511987
v 0.488532 -0.762722 0.503730
v 0.524078 -0.762722 0.489864
v 0.534118 -0.762722 0.489070
v 0.435195 -0.902267 0.420409
v 0.439871 -0.902267 0.479521
v 0.534118 -0.762722 0.489070
v 0.532781 -0.902267 0.472172
v 0.528105 -0.902267 0.413059
v 0.524409 -0.762722 0.366331
v 0.524409 -0.762722 0.366331
v 0.514369 -0.762722 0.367125
v 0.477085 -0.762722 0.359021
v 0.476432 -0.762722 0.350764
v 0.441538 -0.762722 0.372887
v 0.431499 -0.762722 0.373681
v 0.441538 -0.762722 0.372887
v 0.445235 -0.902267 0.419615
v 0.435195 -0.902267 0.420409
v 0.431499 -0.762722 0.373681
v 0.532781 -0.902267 0.472172
v 0.522741 -0.902267 0.472966
v 0.518066 -0.902267 0.413854
v 0.528105 -0.902267 0.413059
v 0.441208 -0.762722 0.496420
v 0.451247 -0.762722 0.495626
v 0.435195 -0.902267 0.420409
v 0.445235 -0.902267 0.419615
v 0.449911 -0.902267 0.478727
v 0.439871 -0.902267 0.479521
v 0.514369 -0.762722 0.367125
v 0.518066 -0.902267 0.413854
v 0.522741 -0.902267 0.472966
v 0.524078 -0.762722 0.489864
v 0.524409 -0.762722 0.366331
v 0.528105 -0.902267 0.413059
v 0.518066 -0.902267 0.413854
v 0.514369 -0.762722 0.367125
v 0.441208 -0.762722 0.496420
v 0.439871 -0.902267 0.479521
v 0.449911 -0.902267 0.478727
v 0.451247 -0.762722 0.495626
v 0.524078 -0.762722 0.489864
v 0.522741 -0.902267 0.472966
v 0.532781 -0.902267 0.472172
v 0.534118 -0.762722 0.489070
v 0.534118 -0.749805 0.489070
v 0.524409 -0.749805 0.366331
v -0.682776 -0.611439 0.405272
v -0.682776 -0.517201 0.467485
v -0.682776 -0.656346 0.288162
v -0.682776 -0.611439 0.405272
v -0.682776 -0.684848 0.105241
v -0.731348 0.334200 0.593221
v -0.731348 0.355448 0.594798
v -0.731348 0.524320 0.459501
v -0.731348 0.507383 0.445693
v -0.716407 0.639988 0.280360
v -0.716407 0.548397 0.459501
v -0.682776 0.524320 0.459501
v -0.682775 0.615911 0.280360
v -0.716407 0.697233 0.090179
v -0.682775 0.673155 0.090179
v -0.716407 0.639988 0.280360
v -0.716407 0.697233 0.090179
v -0.731348 0.673155 0.090179
v -0.731348 0.615911 0.280360
v -0.716407 0.379526 0.594798
v -0.716407 0.355448 0.606870
v -0.682776 0.359077 0.560295
v -0.716407 0.379526 0.594798
v -0.731348 0.615911 0.280360
v -0.731348 0.596008 0.272353
v -0.731348 0.673155 0.090179
v -0.731348 0.651789 0.087033
v -0.716407 0.651789 0.087033
v -0.731348 0.651789 0.087033
v -0.716407 0.379526 0.594798
v -0.716407 0.548397 0.459501
v -0.731348 0.524320 0.459501
v -0.731348 0.355448 0.594798
v -0.716407 0.596008 0.272353
v -0.716407 0.507383 0.445693
v -0.731348 0.507383 0.445693
v -0.731348 0.596008 0.272353
v -0.716407 0.507383 0.445693
v -0.716407 0.334200 0.593221
v -0.731348 0.334200 0.593221
v -0.731348 0.507383 0.445693
v -0.716407 0.355448 0.606870
v -0.716407 0.334200 0.605261
v -0.731348 0.334200 0.593221
v -0.716407 0.334200 0.605261
v -0.682776 0.359077 0.560295
v -0.682776 0.524320 0.459501
v -0.716407 0.548397 0.459501
v -0.716407 0.379526 0.594798
v -0.716407 0.334200 0.605261
v -0.716407 0.334200 0.593221
v -0.716407 -0.529033 0.501782
v -0.600561 -0.529033 0.501782
v -0.600561 -0.444897 0.510627
v -0.631807 -0.444897 0.510624
v -0.716407 0.334200 0.593221
v -0.631807 0.250063 0.584302
v -0.600561 -0.421729 0.505276
v -0.608511 -0.421729 0.505274
v -0.608511 0.226895 0.574063
v -0.729965 0.255873 0.084188
v -0.729965 0.130524 0.082534
v -0.729965 0.130524 0.384482
v -0.729965 0.255873 0.392187
v -0.716407 0.268006 0.415565
v -0.716407 0.118392 0.407401
v -0.716407 0.118392 0.570362
v -0.716407 0.226296 0.581792
v -0.716407 0.268006 0.415565
v -0.716407 0.268006 0.089207
v -0.729965 0.255873 0.084188
v -0.729965 0.255873 0.392187
v -0.716407 0.118392 0.087454
v -0.716407 0.118392 0.407401
v -0.729965 0.130524 0.384482
v -0.729965 0.130524 0.082534
v -0.716407 0.118392 0.407401
v -0.716407 0.268006 0.415565
v -0.729965 0.255873 0.392187
v -0.729965 0.130524 0.384482
v -0.741108 0.239289 0.067384
v -0.729965 0.255873 0.084188
v -0.741108 0.239289 0.067384
v -0.741108 0.147108 0.066167
v -0.729965 0.130524 0.082534
v -0.729965 0.255873 0.084188
v -0.858663 0.193349 0.027164
v -0.858663 0.174141 0.019208
v -0.858663 0.167126 0.026223
v -0.858663 0.193349 0.037086
v -0.858663 0.212557 0.019208
v -0.858663 0.219572 0.026223
v -0.858663 0.166185 0.000000
v -0.858663 0.174141 0.019208
v -0.766425 0.174141 0.019208
v -0.766425 0.166185 0.000000
v -0.858663 0.212557 0.019208
v -0.858663 0.220513 0.000000
v -0.766425 0.220513 0.000000
v -0.766425 0.212557 0.019208
v -0.858663 0.174141 0.019208
v -0.858663 0.193349 0.027164
v -0.766425 0.193349 0.027164
v -0.766425 0.174141 0.019208
v -0.858663 0.193349 0.027164
v -0.858663 0.212557 0.019208
v -0.766425 0.212557 0.019208
v -0.766425 0.193349 0.027164
v -0.741108 0.219572 0.026223
v -0.741108 0.230434 0.000000
v -0.858663 0.230434 0.000000
v -0.858663 0.219572 0.026223
v -0.741108 0.167126 0.026223
v -0.741108 0.193349 0.037086
v -0.858663 0.193349 0.037086
v -0.858663 0.167126 0.026223
v -0.741108 0.193349 0.037086
v -0.741108 0.219572 0.026223
v -0.858663 0.219572 0.026223
v -0.858663 0.193349 0.037086
v -0.741108 0.156263 0.000000
v -0.741108 0.167126 0.026223
v -0.858663 0.167126 0.026223
v -0.858663 0.156264 0.000000
v -0.587812 -0.594439 0.506994
v -0.587812 -0.255305 0.563062
v -0.751031 -0.255305 0.563062
v -0.751031 -0.594439 0.506994
v -0.751031 -0.594439 0.506994
v -0.751031 -0.255305 0.563062
v -0.751031 -0.242842 0.436814
v -0.751031 -0.581976 0.427142
v -0.751031 -0.581976 0.427142
v -0.751031 -0.242842 0.436814
v -0.716407 -0.242842 0.436814
v -0.716407 -0.581976 0.427142
v -0.587812 -0.594439 0.506994
v -0.751031 -0.594439 0.506994
v -0.738282 -0.592469 0.494374
v -0.600561 -0.592469 0.494374
v -0.751031 -0.594439 0.506994
v -0.751031 -0.581976 0.427142
v -0.738282 -0.583946 0.439763
v -0.738282 -0.592469 0.494374
v -0.751031 -0.581976 0.427142
v -0.716407 -0.581976 0.427142
v -0.716407 -0.583946 0.439763
v -0.738282 -0.583946 0.439763
v -0.751031 -0.255305 0.563062
v -0.587812 -0.255305 0.563062
v -0.600561 -0.254052 0.550374
v -0.738282 -0.254052 0.550374
v -0.587812 -0.255305 0.563062
v -0.587812 -0.251382 0.523321
v -0.600561 -0.251383 0.523333
v -0.600561 -0.254052 0.550374
v -0.751031 -0.242842 0.436814
v -0.751031 -0.255305 0.563062
v -0.738282 -0.254052 0.550374
v -0.738282 -0.244095 0.449502
v -0.738282 -0.583946 0.439763
v -0.738282 -0.244095 0.449502
v -0.738282 -0.254052 0.550374
v -0.738282 -0.592469 0.494374
v -0.738282 -0.592469 0.494374
v -0.738282 -0.254052 0.550374
v -0.600561 -0.254052 0.550374
v -0.600561 -0.592469 0.494374
v -0.600561 -0.587873 0.464922
v -0.587812 -0.587873 0.464922
v -0.587812 -0.594439 0.506994
v -0.600561 -0.592469 0.494374
v -0.716407 -0.583946 0.439763
v -0.716407 -0.244095 0.449502
v -0.738282 -0.244095 0.449502
v -0.738282 -0.583946 0.439763
v -0.716407 -0.244095 0.449502
v -0.716407 -0.242842 0.436814
v -0.751031 -0.242842 0.436814
v -0.738282 -0.244095 0.449502
v -0.396099 -0.464264 0.518824
v -0.396099 -0.439516 0.518824
v -0.573256 -0.439516 0.518824
v -0.573256 -0.464264 0.518824
v -0.573256 -0.439516 0.518824
v -0.396099 -0.439516 0.518824
v -0.396099 -0.439516 0.509414
v -0.573256 -0.439516 0.509388
v -0.396099 -0.481502 0.518545
v -0.573256 -0.481502 0.518545
v -0.573256 -0.644139 0.556216
v -0.396099 -0.644140 0.556216
v -0.573256 -0.464264 0.518824
v -0.573256 -0.464264 0.508595
v -0.573256 -0.485109 0.506403
v -0.573256 -0.481502 0.518545
v -0.396099 -0.650011 0.544051
v -0.396099 -0.697649 0.543817
v -0.573256 -0.697648 0.543817
v -0.573256 -0.650011 0.544051
v -0.573256 -0.703065 0.560286
v -0.396099 -0.703065 0.560286
v -0.573256 -0.650011 0.544051
v -0.573256 -0.697648 0.543817
v -0.573256 -0.703065 0.560286
v -0.573256 -0.644139 0.556216
v -0.573256 -0.703065 0.560286
v -0.573256 -0.697648 0.543817
v -0.573256 -0.709530 0.505180
v -0.573256 -0.724261 0.504056
v -0.396099 -0.697649 0.543817
v -0.396099 -0.703065 0.560286
v -0.396099 -0.724261 0.504056
v -0.396099 -0.709531 0.505180
v -0.573256 -0.697648 0.543817
v -0.396099 -0.697649 0.543817
v -0.396099 -0.709531 0.505180
v -0.573256 -0.709530 0.505180
v -0.396099 -0.644140 0.556216
v -0.396099 -0.703065 0.560286
v -0.396099 -0.697649 0.543817
v -0.396099 -0.650011 0.544051
v -0.396099 -0.684310 0.316809
v -0.573256 -0.684310 0.316809
v -0.573256 -0.487657 0.506135
v -0.396099 -0.487721 0.506150
v -0.396099 -0.485103 0.506425
v -0.396099 -0.464264 0.508616
v -0.396099 -0.464264 0.518824
v -0.396099 -0.481502 0.518545
v -0.486073 -0.746673 0.519125
v -0.486073 -0.727213 0.519125
v -0.537939 -0.727213 0.497642
v -0.537939 -0.746673 0.497642
v -0.537939 -0.746673 0.497642
v -0.537939 -0.727213 0.497642
v -0.559423 -0.727213 0.445776
v -0.559423 -0.746673 0.445776
v -0.559423 -0.746673 0.445776
v -0.559423 -0.727213 0.445776
v -0.537939 -0.727213 0.393910
v -0.537939 -0.746673 0.393910
v -0.537939 -0.746673 0.393910
v -0.537939 -0.727213 0.393910
v -0.486073 -0.727213 0.372427
v -0.486073 -0.746673 0.372427
v -0.486073 -0.746673 0.372427
v -0.486073 -0.727213 0.372427
v -0.434207 -0.727213 0.393910
v -0.434207 -0.746673 0.393910
v -0.434207 -0.746673 0.393910
v -0.434207 -0.727213 0.393910
v -0.412724 -0.727213 0.445776
v -0.412724 -0.746673 0.445776
v -0.412724 -0.746673 0.445776
v -0.412724 -0.727213 0.445776
v -0.434207 -0.727213 0.497642
v -0.434207 -0.746673 0.497642
v -0.434207 -0.746673 0.497642
v -0.434207 -0.727213 0.497642
v -0.486073 -0.727213 0.519125
v -0.486073 -0.746673 0.519125
v -0.434207 -0.727213 0.497642
v -0.412724 -0.727213 0.445776
v -0.444863 -0.715823 0.445776
v -0.445096 -0.721756 0.486753
v -0.434207 -0.727213 0.393910
v -0.463465 -0.712549 0.423167
v -0.486073 -0.727213 0.372427
v -0.486073 -0.711587 0.416518
v -0.537939 -0.727213 0.393910
v -0.508682 -0.712549 0.423167
v -0.559423 -0.727213 0.445776
v -0.527283 -0.715823 0.445776
v -0.537939 -0.727213 0.497642
v -0.527050 -0.721756 0.486753
v -0.729965 -0.591728 0.064987
v -0.729965 0.095925 0.064987
v -0.729965 0.095925 0.064987
v -0.729965 -0.591728 0.064987
v -0.716407 -0.612329 0.087454
v -0.716407 0.118392 0.087454
v -0.673011 0.093092 0.606511
v -0.678543 0.083449 0.608829
v -0.678543 0.106150 0.639268
v -0.673011 0.111092 0.630664
v -0.656413 0.224058 0.656026
v -0.656413 0.106150 0.639268
v -0.661946 0.111092 0.630664
v -0.661946 0.221709 0.646385
v -0.673011 0.073807 0.611147
v -0.661946 0.073807 0.611147
v -0.661946 0.101207 0.647873
v -0.673011 0.101207 0.647873
v -0.661946 0.093092 0.606511
v -0.673011 0.093092 0.606511
v -0.673011 0.111092 0.630664
v -0.661946 0.111092 0.630664
v -0.661946 0.073807 0.611147
v -0.656413 0.083449 0.608829
v -0.656413 0.106150 0.639268
v -0.661946 0.101207 0.647873
v -0.678543 0.083449 0.608829
v -0.673011 0.073807 0.611147
v -0.673011 0.101207 0.647873
v -0.678543 0.106150 0.639268
v -0.656413 0.083449 0.608829
v -0.661946 0.093092 0.606511
v -0.673011 0.221709 0.646385
v -0.678543 0.224058 0.656026
v -0.673011 0.226407 0.665667
v -0.673011 0.101207 0.647873
v -0.661946 0.101207 0.647873
v -0.661946 0.226407 0.665667
v -0.661946 0.221709 0.646385
v -0.661946 0.111092 0.630664
v -0.673011 0.111092 0.630664
v -0.673011 0.221709 0.646385
v -0.678543 0.224058 0.656026
v -0.673011 0.226407 0.665667
v -0.673011 0.245725 0.628204
v -0.678543 0.254341 0.633117
v -0.673011 0.262956 0.638029
v -0.673011 0.226407 0.665667
v -0.661946 0.226407 0.665667
v -0.661946 0.262956 0.638029
v -0.661946 0.245725 0.628204
v -0.661946 0.221709 0.646385
v -0.673011 0.221709 0.646385
v -0.673011 0.245725 0.628204
v -0.661946 0.262956 0.638029
v -0.661946 0.226407 0.665667
v -0.656413 0.224058 0.656026
v -0.656413 0.254341 0.633117
v -0.678543 0.254341 0.633117
v -0.673011 0.262956 0.638029
v -0.656413 0.254341 0.633117
v -0.661946 0.245725 0.628204
v -0.678543 0.261111 0.585476
v -0.673011 0.251936 0.584504
v -0.661946 0.098531 0.568244
v -0.673011 0.098531 0.568246
v -0.673011 0.093092 0.606511
v -0.661946 0.093092 0.606511
v -0.661946 0.270287 0.586447
v -0.673011 0.270287 0.586448
v -0.673011 0.262956 0.638029
v -0.661946 0.262956 0.638029
v -0.682776 0.359077 0.560295
v -0.682776 -0.517201 0.467485
v -0.678543 0.089355 0.567275
v -0.673011 0.080180 0.566301
v -0.673011 0.270287 0.586448
v -0.678543 0.261111 0.585476
v -0.673011 0.251936 0.584504
v -0.661946 0.251936 0.584503
v -0.661946 0.245725 0.628204
v -0.673011 0.245725 0.628204
v -0.661946 0.251936 0.584503
v -0.656413 0.261112 0.585475
v -0.656413 0.261112 0.585475
v -0.661946 0.270287 0.586447
v -0.673011 0.098531 0.568246
v -0.678543 0.089355 0.567275
v -0.673011 0.080180 0.566301
v -0.661946 0.080181 0.566298
v -0.661946 0.073807 0.611147
v -0.673011 0.073807 0.611147
v -0.656413 0.089356 0.567270
v -0.661946 0.098531 0.568244
v -0.661946 0.080181 0.566298
v -0.656413 0.089356 0.567270
v -0.716407 -0.720657 0.107986
v -0.729965 -0.591728 0.064987
v -0.716407 -0.612329 0.087454
v -0.729965 0.130524 0.082534
v -0.741108 0.147108 0.066167
v -0.729965 0.130524 0.082534
v -0.774321 0.409687 0.085782
v -0.777953 0.404154 0.095011
v -0.804952 0.404154 0.068310
v -0.795745 0.409687 0.064608
v -0.795745 0.420751 0.064608
v -0.795745 0.409687 0.064608
v -0.781585 0.409687 0.104239
v -0.781585 0.420751 0.104239
v -0.814159 0.420751 0.072012
v -0.814159 0.409687 0.072012
v -0.774321 0.420751 0.085782
v -0.774321 0.409687 0.085782
v -0.795745 0.409687 0.064608
v -0.795745 0.420751 0.064608
v -0.781585 0.420751 0.104239
v -0.777953 0.426284 0.095011
v -0.804952 0.426284 0.068310
v -0.814159 0.420751 0.072012
v -0.777953 0.404154 0.095011
v -0.781585 0.409687 0.104239
v -0.814159 0.409687 0.072012
v -0.804952 0.404154 0.068310
v -0.777953 0.426284 0.095011
v -0.774321 0.420751 0.085782
v -0.795745 0.420751 0.064608
v -0.804952 0.426284 0.068310
v -0.814159 0.409687 0.072012
v -0.814159 0.420751 0.072012
v -0.716407 0.409687 0.085660
v -0.716407 0.404154 0.094881
v -0.716407 0.420751 0.104102
v -0.716407 0.426284 0.094881
v -0.716407 0.404154 0.094881
v -0.716407 0.409687 0.104102
v -0.716407 0.409687 0.104102
v -0.716407 0.420751 0.104102
v -0.781585 0.420751 0.104239
v -0.781585 0.409687 0.104239
v -0.716407 0.420751 0.085660
v -0.716407 0.409687 0.085660
v -0.774321 0.409687 0.085782
v -0.774321 0.420751 0.085782
v -0.716407 0.426284 0.094881
v -0.716407 0.420751 0.085660
v -0.470174 -0.860507 0.559658
v -0.514755 -0.860507 0.556131
v -0.513608 -0.914801 0.541629
v -0.469027 -0.914801 0.545155
v -0.510473 -0.954546 0.502007
v -0.465892 -0.954546 0.505534
v -0.465892 -0.954546 0.505534
v -0.510473 -0.954546 0.502007
v -0.506192 -0.969094 0.447883
v -0.461611 -0.969094 0.451410
v -0.501911 -0.954546 0.393759
v -0.457330 -0.954546 0.397286
v -0.457330 -0.954546 0.397286
v -0.501911 -0.954546 0.393759
v -0.498776 -0.914801 0.354137
v -0.454195 -0.914801 0.357664
v -0.454195 -0.914801 0.357664
v -0.498776 -0.914801 0.354137
v -0.497629 -0.860507 0.339635
v -0.453048 -0.860507 0.343161
v -0.498776 -0.806214 0.354137
v -0.454195 -0.806214 0.357664
v -0.454195 -0.806214 0.357664
v -0.498776 -0.806214 0.354137
v -0.501911 -0.766469 0.393759
v -0.457330 -0.766469 0.397286
v -0.506192 -0.751921 0.447883
v -0.461611 -0.751921 0.451410
v -0.461611 -0.751921 0.451410
v -0.506192 -0.751921 0.447883
v -0.510473 -0.766469 0.502007
v -0.465892 -0.766469 0.505534
v -0.511797 -0.901544 0.518740
v -0.512664 -0.860507 0.529701
v -0.501716 -0.860507 0.530567
v -0.500849 -0.901544 0.519606
v -0.465892 -0.766469 0.505534
v -0.510473 -0.766469 0.502007
v -0.513608 -0.806214 0.541629
v -0.469027 -0.806214 0.545155
v -0.469027 -0.806214 0.545155
v -0.513608 -0.806214 0.541629
v -0.514755 -0.860507 0.556131
v -0.470174 -0.860507 0.559658
v -0.500587 -0.819471 0.377027
v -0.499720 -0.860507 0.366065
v -0.488772 -0.860507 0.366931
v -0.489639 -0.819471 0.377893
v -0.513608 -0.914801 0.541629
v -0.514755 -0.860507 0.556131
v -0.512664 -0.860507 0.529701
v -0.511797 -0.901544 0.518740
v -0.513608 -0.806214 0.541629
v -0.511797 -0.819471 0.518740
v -0.510473 -0.766469 0.502007
v -0.509428 -0.789430 0.488792
v -0.506192 -0.751921 0.447883
v -0.506192 -0.778434 0.447883
v -0.501911 -0.766469 0.393759
v -0.502956 -0.789430 0.406974
v -0.498776 -0.806214 0.354137
v -0.500587 -0.819471 0.377027
v -0.497629 -0.860507 0.339635
v -0.499720 -0.860507 0.366065
v -0.498776 -0.914801 0.354137
v -0.500587 -0.901544 0.377027
v -0.501911 -0.954546 0.393759
v -0.502956 -0.931585 0.406974
v -0.506192 -0.969094 0.447883
v -0.506192 -0.942581 0.447883
v -0.510473 -0.954546 0.502007
v -0.509428 -0.931585 0.488792
v -0.470174 -0.860507 0.559658
v -0.469027 -0.914801 0.545155
v -0.467216 -0.901544 0.522266
v -0.468083 -0.860507 0.533228
v -0.465892 -0.954546 0.505534
v -0.464847 -0.931585 0.492319
v -0.461611 -0.969094 0.451410
v -0.461611 -0.942581 0.451410
v -0.457330 -0.954546 0.397286
v -0.458375 -0.931585 0.410501
v -0.454195 -0.914801 0.357664
v -0.456006 -0.901544 0.380553
v -0.453048 -0.860507 0.343161
v -0.455139 -0.860507 0.369592
v -0.454195 -0.806214 0.357664
v -0.456006 -0.819471 0.380553
v -0.457330 -0.766469 0.397286
v -0.458375 -0.789430 0.410501
v -0.461611 -0.751921 0.451410
v -0.461611 -0.778434 0.451410
v -0.465892 -0.766469 0.505534
v -0.464847 -0.789430 0.492319
v -0.469027 -0.806214 0.545155
v -0.467216 -0.819471 0.522266
v -0.470869 -0.872876 0.429188
v -0.470608 -0.860507 0.425884
v -0.425674 -0.860507 0.429438
v -0.425935 -0.872876 0.432742
v -0.496934 -0.872876 0.470105
v -0.497195 -0.860507 0.473409
v -0.542129 -0.860507 0.469854
v -0.541868 -0.872876 0.466551
v -0.456006 -0.901544 0.380553
v -0.455139 -0.860507 0.369592
v -0.466087 -0.860507 0.368726
v -0.466954 -0.901544 0.379687
v -0.500587 -0.901544 0.377027
v -0.489639 -0.901544 0.377893
v -0.509428 -0.931585 0.488792
v -0.511797 -0.901544 0.518740
v -0.500849 -0.901544 0.519606
v -0.498480 -0.931585 0.489658
v -0.455139 -0.860507 0.369592
v -0.456006 -0.819471 0.380553
v -0.466954 -0.819471 0.379687
v -0.466087 -0.860507 0.368726
v -0.500587 -0.901544 0.377027
v -0.502956 -0.931585 0.406974
v -0.492008 -0.931585 0.407840
v -0.489639 -0.901544 0.377893
v -0.468083 -0.860507 0.533228
v -0.467216 -0.901544 0.522266
v -0.478164 -0.901544 0.521400
v -0.479031 -0.860507 0.532362
v -0.512664 -0.860507 0.529701
v -0.511797 -0.819471 0.518740
v -0.500849 -0.819471 0.519606
v -0.501716 -0.860507 0.530567
v -0.458375 -0.789430 0.410501
v -0.469323 -0.789430 0.409635
v -0.502956 -0.931585 0.406974
v -0.506192 -0.942581 0.447883
v -0.495244 -0.942581 0.448749
v -0.492008 -0.931585 0.407840
v -0.467216 -0.819471 0.522266
v -0.468083 -0.860507 0.533228
v -0.479031 -0.860507 0.532362
v -0.478164 -0.819471 0.521400
v -0.511797 -0.819471 0.518740
v -0.509428 -0.789430 0.488792
v -0.498480 -0.789430 0.489658
v -0.500849 -0.819471 0.519606
v -0.458375 -0.789430 0.410501
v -0.461611 -0.778434 0.451410
v -0.472559 -0.778434 0.450544
v -0.469323 -0.789430 0.409635
v -0.509428 -0.931585 0.488792
v -0.498480 -0.931585 0.489658
v -0.467216 -0.901544 0.522266
v -0.464847 -0.931585 0.492319
v -0.475795 -0.931585 0.491453
v -0.478164 -0.901544 0.521400
v -0.509428 -0.789430 0.488792
v -0.506192 -0.778434 0.447883
v -0.495244 -0.778434 0.448749
v -0.498480 -0.789430 0.489658
v -0.464847 -0.789430 0.492319
v -0.475795 -0.789430 0.491453
v -0.461611 -0.942581 0.451410
v -0.472559 -0.942581 0.450544
v -0.502956 -0.789430 0.406974
v -0.492008 -0.789430 0.407840
v -0.464847 -0.789430 0.492319
v -0.467216 -0.819471 0.522266
v -0.478164 -0.819471 0.521400
v -0.475795 -0.789430 0.491453
v -0.458375 -0.931585 0.410501
v -0.469323 -0.931585 0.409635
v -0.502956 -0.789430 0.406974
v -0.500587 -0.819471 0.377027
v -0.489639 -0.819471 0.377893
v -0.492008 -0.789430 0.407840
v -0.458375 -0.931585 0.410501
v -0.456006 -0.901544 0.380553
v -0.466954 -0.901544 0.379687
v -0.469323 -0.931585 0.409635
v -0.500849 -0.901544 0.519606
v -0.501716 -0.860507 0.530567
v -0.497195 -0.860507 0.473409
v -0.496934 -0.872876 0.470105
v -0.500849 -0.819471 0.519606
v -0.496934 -0.848139 0.470105
v -0.498480 -0.789430 0.489658
v -0.496220 -0.839085 0.461079
v -0.495244 -0.778434 0.448749
v -0.495244 -0.835771 0.448749
v -0.492008 -0.789430 0.407840
v -0.494269 -0.839085 0.436419
v -0.489639 -0.819471 0.377893
v -0.493555 -0.848139 0.427393
v -0.488772 -0.860507 0.366931
v -0.493294 -0.860507 0.424089
v -0.489639 -0.901544 0.377893
v -0.493555 -0.872876 0.427393
v -0.492008 -0.931585 0.407840
v -0.494269 -0.881930 0.436419
v -0.495244 -0.942581 0.448749
v -0.495244 -0.885244 0.448749
v -0.498480 -0.931585 0.489658
v -0.496220 -0.881930 0.461079
v -0.479031 -0.860507 0.532362
v -0.478164 -0.901544 0.521400
v -0.474248 -0.872876 0.471900
v -0.474509 -0.860507 0.475203
v -0.475795 -0.931585 0.491453
v -0.473534 -0.881930 0.462874
v -0.472559 -0.942581 0.450544
v -0.472559 -0.885244 0.450544
v -0.469323 -0.931585 0.409635
v -0.471583 -0.881930 0.438214
v -0.466954 -0.901544 0.379687
v -0.470869 -0.872876 0.429188
v -0.466087 -0.860507 0.368726
v -0.470608 -0.860507 0.425884
v -0.466954 -0.819471 0.379687
v -0.470869 -0.848139 0.429188
v -0.469323 -0.789430 0.409635
v -0.471583 -0.839085 0.438214
v -0.472559 -0.778434 0.450544
v -0.472559 -0.835771 0.450544
v -0.475795 -0.789430 0.491453
v -0.473534 -0.839085 0.462874
v -0.478164 -0.819471 0.521400
v -0.474248 -0.848139 0.471900
v -0.493294 -0.860507 0.424089
v -0.493555 -0.872876 0.427393
v -0.538489 -0.872876 0.423839
v -0.538228 -0.860507 0.420535
v -0.496220 -0.881930 0.461079
v -0.496934 -0.872876 0.470105
v -0.541868 -0.872876 0.466551
v -0.541154 -0.881930 0.457525
v -0.470869 -0.848139 0.429188
v -0.425935 -0.848139 0.432742
v -0.493555 -0.872876 0.427393
v -0.494269 -0.881930 0.436419
v -0.539203 -0.881930 0.432865
v -0.538489 -0.872876 0.423839
v -0.474509 -0.860507 0.475203
v -0.474248 -0.872876 0.471900
v -0.429314 -0.872876 0.475454
v -0.429575 -0.860507 0.478758
v -0.496934 -0.848139 0.470105
v -0.541868 -0.848139 0.466551
v -0.470869 -0.848139 0.429188
v -0.471583 -0.839085 0.438214
v -0.426649 -0.839085 0.441768
v -0.425935 -0.848139 0.432742
v -0.495244 -0.885244 0.448749
v -0.540179 -0.885244 0.445195
v -0.474248 -0.848139 0.471900
v -0.474509 -0.860507 0.475203
v -0.429575 -0.860507 0.478758
v -0.429314 -0.848139 0.475454
v -0.496934 -0.848139 0.470105
v -0.496220 -0.839085 0.461079
v -0.541154 -0.839085 0.457525
v -0.541868 -0.848139 0.466551
v -0.472559 -0.835771 0.450544
v -0.427625 -0.835771 0.454098
v -0.495244 -0.885244 0.448749
v -0.496220 -0.881930 0.461079
v -0.541154 -0.881930 0.457525
v -0.540179 -0.885244 0.445195
v -0.473534 -0.881930 0.462874
v -0.428600 -0.881930 0.466428
v -0.495244 -0.835771 0.448749
v -0.540178 -0.835771 0.445195
v -0.473534 -0.839085 0.462874
v -0.428600 -0.839085 0.466428
v -0.473534 -0.881930 0.462874
v -0.472559 -0.885244 0.450544
v -0.427625 -0.885244 0.454098
v -0.428600 -0.881930 0.466428
v -0.494269 -0.839085 0.436419
v -0.539203 -0.839085 0.432865
v -0.473534 -0.839085 0.462874
v -0.474248 -0.848139 0.471900
v -0.429314 -0.848139 0.475454
v -0.428600 -0.839085 0.466428
v -0.472559 -0.885244 0.450544
v -0.471583 -0.881930 0.438214
v -0.426649 -0.881930 0.441768
v -0.427625 -0.885244 0.454098
v -0.494269 -0.839085 0.436419
v -0.493555 -0.848139 0.427393
v -0.538489 -0.848139 0.423839
v -0.539203 -0.839085 0.432865
v -0.470869 -0.872876 0.429188
v -0.425935 -0.872876 0.432742
v -0.493555 -0.848139 0.427393
v -0.493294 -0.860507 0.424089
v -0.538228 -0.860507 0.420535
v -0.538489 -0.848139 0.423839
v -0.489185 -0.762722 0.511987
v -0.489185 -0.749805 0.511987
v -0.534118 -0.749805 0.489070
v -0.534118 -0.762722 0.489070
v -0.431499 -0.749805 0.373681
v -0.441208 -0.749805 0.496420
v -0.441208 -0.762722 0.496420
v -0.431499 -0.762722 0.373681
v -0.524409 -0.762722 0.366331
v -0.524409 -0.749805 0.366331
v -0.476432 -0.749805 0.350764
v -0.476432 -0.762722 0.350764
v -0.476432 -0.762722 0.350764
v -0.476432 -0.749805 0.350764
v -0.431499 -0.749805 0.373681
v -0.431499 -0.762722 0.373681
v -0.451247 -0.762722 0.495626
v -0.441538 -0.762722 0.372887
v -0.445235 -0.902267 0.419615
v -0.449911 -0.902267 0.478727
v -0.441208 -0.762722 0.496420
v -0.441208 -0.749805 0.496420
v -0.489185 -0.749805 0.511987
v -0.489185 -0.762722 0.511987
v -0.489185 -0.762722 0.511987
v -0.534118 -0.762722 0.489070
v -0.524078 -0.762722 0.489864
v -0.488532 -0.762722 0.503730
v -0.439871 -0.902267 0.479521
v -0.435195 -0.902267 0.420409
v -0.534118 -0.762722 0.489070
v -0.524409 -0.762722 0.366331
v -0.528105 -0.902267 0.413059
v -0.532781 -0.902267 0.472172
v -0.524409 -0.762722 0.366331
v -0.476432 -0.762722 0.350764
v -0.477085 -0.762722 0.359021
v -0.514369 -0.762722 0.367125
v -0.431499 -0.762722 0.373681
v -0.441538 -0.762722 0.372887
v -0.441538 -0.762722 0.372887
v -0.431499 -0.762722 0.373681
v -0.435195 -0.902267 0.420409
v -0.445235 -0.902267 0.419615
v -0.532781 -0.902267 0.472172
v -0.528105 -0.902267 0.413059
v -0.518066 -0.902267 0.413854
v -0.522741 -0.902267 0.472966
v -0.441208 -0.762722 0.496420
v -0.451247 -0.762722 0.495626
v -0.435195 -0.902267 0.420409
v -0.439871 -0.902267 0.479521
v -0.449911 -0.902267 0.478727
v -0.445235 -0.902267 0.419615
v -0.514369 -0.762722 0.367125
v -0.524078 -0.762722 0.489864
v -0.522741 -0.902267 0.472966
v -0.518066 -0.902267 0.413854
v -0.524409 -0.762722 0.366331
v -0.514369 -0.762722 0.367125
v -0.518066 -0.902267 0.413854
v -0.528105 -0.902267 0.413059
v -0.441208 -0.762722 0.496420
v -0.451247 -0.762722 0.495626
v -0.449911 -0.902267 0.478727
v -0.439871 -0.902267 0.479521
v -0.524078 -0.762722 0.489864
v -0.534118 -0.762722 0.489070
v -0.532781 -0.902267 0.472172
v -0.522741 -0.902267 0.472966
v -0.534118 -0.749805 0.489070
v -0.524409 -0.749805 0.366331
v 0.000000 -0.421739 -0.505372
v 0.587812 -0.251382 -0.523321
v 0.600561 -0.251383 -0.523333
v 0.587812 -0.421729 -0.505278
v 0.587812 -0.529033 -0.501782
v 0.000000 -0.642682 -0.430586
v 0.000000 -0.529033 -0.501782
v 0.587812 -0.587873 -0.464922
v 0.716407 -0.529033 -0.501782
v 0.600561 -0.587873 -0.464922
v 0.600561 -0.529033 -0.501782
v 0.716407 -0.642682 -0.430586
v 0.716407 -0.642682 -0.430586
v 0.573256 -0.684310 -0.316809
v 0.396099 -0.684310 -0.316809
v 0.716407 -0.691483 -0.297203
v 0.573256 -0.691483 -0.297203
v 0.000000 -0.691483 -0.297203
v 0.000000 -0.642682 -0.430586
v 0.396099 -0.691483 -0.297203
v 0.573256 -0.692941 -0.287741
v 0.396099 -0.692941 -0.287741
v 0.661946 0.270287 -0.586447
v 0.656413 0.261112 -0.585475
v 0.673011 0.270287 -0.586448
v 0.678543 0.261111 -0.585476
v 0.716407 0.226296 -0.581792
v 0.716407 0.507383 -0.445693
v 0.716407 0.426284 -0.094881
v 0.716407 0.420751 -0.104102
v 0.716407 0.409687 -0.085660
v 0.716407 0.651789 0.000000
v 0.716407 0.268006 0.000000
v 0.716407 0.420751 -0.085660
v 0.716407 0.596008 -0.272353
v 0.716407 0.651789 -0.087033
v 0.716407 -0.244095 -0.449502
v 0.716407 -0.529033 -0.501782
v 0.716407 -0.242842 -0.436814
v 0.716407 -0.581976 -0.427142
v 0.716407 0.118392 -0.087454
v 0.716407 -0.612329 -0.087454
v 0.600561 -0.592469 -0.494374
v 0.600561 -0.529033 -0.501782
v 0.600561 -0.587873 -0.464922
v 0.600561 -0.254052 -0.550374
v 0.600561 -0.444897 -0.510627
v 0.600561 -0.421729 -0.505276
v 0.600561 -0.251383 -0.523333
v 0.587812 -0.444897 -0.510629
v 0.573256 -0.464264 -0.508595
v 0.573256 -0.444898 -0.510631
v 0.573256 -0.485109 -0.506403
v 0.396099 -0.444900 -0.510652
v 0.000000 -0.529033 -0.501782
v 0.000000 -0.444905 -0.510700
v 0.396099 -0.487721 -0.506150
v 0.587812 -0.529033 -0.501782
v 0.396099 -0.464264 -0.508616
v 0.396099 -0.485103 -0.506425
v 0.573256 -0.487657 -0.506135
v 0.396099 -0.439516 -0.509414
v 0.573256 -0.439516 -0.509388
v 0.587812 -0.594439 -0.506994
v 0.587812 -0.529033 -0.501782
v 0.587812 -0.255305 -0.563062
v 0.587812 -0.587873 -0.464922
v 0.587812 -0.444897 -0.510629
v 0.587812 -0.421729 -0.505278
v 0.587812 -0.251382 -0.523321
v 0.573256 -0.439516 -0.518824
v 0.573256 -0.444898 -0.510631
v 0.573256 -0.439516 -0.509388
v 0.573256 -0.644139 -0.556216
v 0.573256 -0.487657 -0.506135
v 0.573256 -0.650011 -0.544051
v 0.573256 -0.709530 -0.505180
v 0.573256 -0.692941 -0.287741
v 0.573256 -0.724261 -0.504056
v 0.573256 -0.691483 -0.297203
v 0.573256 -0.684310 -0.316809
v 0.573256 -0.724261 -0.504056
v 0.396099 -0.703065 -0.560286
v 0.573256 -0.703065 -0.560286
v 0.486073 -0.723030 -0.507321
v 0.502343 -0.724261 -0.504056
v 0.396099 -0.724261 -0.504056
v 0.469803 -0.724261 -0.504056
v 0.396099 -0.692941 -0.287741
v 0.396099 -0.709531 -0.505180
v 0.396099 -0.724261 -0.504056
v 0.396099 -0.691483 -0.297203
v 0.396099 -0.684310 -0.316809
v 0.527050 -0.721756 -0.486753
v 0.573256 -0.692941 -0.287741
v 0.527283 -0.715823 -0.445776
v 0.508682 -0.712549 -0.423167
v 0.486073 -0.711587 -0.416518
v 0.445096 -0.721756 -0.486753
v 0.396099 -0.692941 -0.287741
v 0.444863 -0.715823 -0.445776
v 0.463465 -0.712549 -0.423167
v 0.396099 -0.439516 -0.518824
v 0.396099 -0.444900 -0.510652
v 0.396099 -0.439516 -0.509414
v 0.396099 -0.487721 -0.506150
v 0.396099 -0.644140 -0.556216
v 0.396099 -0.650011 -0.544051
v 0.537939 -0.746673 -0.497642
v 0.434207 -0.746673 -0.497642
v 0.486073 -0.746673 -0.519125
v 0.559423 -0.746673 -0.445776
v 0.412724 -0.746673 -0.445776
v 0.537939 -0.746673 -0.393910
v 0.434207 -0.746673 -0.393910
v 0.486073 -0.746673 -0.372427
v 0.486073 -0.723030 -0.507321
v 0.486073 -0.727213 -0.519125
v 0.502343 -0.724261 -0.504056
v 0.469803 -0.724261 -0.504056
v 0.656413 0.089356 -0.567270
v 0.661946 0.080181 -0.566298
v 0.673011 0.080180 -0.566301
v 0.678543 0.089355 -0.567275
v 0.716407 0.118392 -0.570362
v 0.661946 0.251936 -0.584503
v 0.661946 0.098531 -0.568244
v 0.673011 0.251936 -0.584504
v 0.673011 0.098531 -0.568246
v 0.716407 -0.691483 -0.297203
v 0.716407 -0.720657 0.000000
v 0.716407 -0.720657 -0.107986
v 0.716407 -0.619918 0.000000
v 0.716407 -0.642682 -0.430586
v 0.716407 -0.583946 -0.439763
v 0.741108 0.147108 -0.066167
v 0.741108 0.167126 -0.026223
v 0.741108 0.147108 0.000000
v 0.741108 0.239289 -0.067384
v 0.741108 0.156263 0.000000
v 0.741108 0.193349 -0.037086
v 0.741108 0.219572 -0.026223
v 0.741108 0.230434 0.000000
v 0.741108 0.239289 0.000000
v 0.766425 0.174141 -0.019208
v 0.766425 0.220513 0.000000
v 0.766425 0.166185 0.000000
v 0.766425 0.193349 -0.027164
v 0.766425 0.212557 -0.019208
v 0.716407 0.404154 -0.094881
v 0.716407 0.334200 -0.593221
v 0.716407 0.409687 -0.104102
v 0.716407 0.268006 -0.089207
v 0.682775 0.673155 0.000000
v 0.682776 -0.684848 -0.105241
v 0.682776 -0.684848 0.000000
v 0.682776 -0.656346 -0.288162
v 0.682776 -0.611439 -0.405272
v 0.682776 -0.517201 -0.467485
v 0.682776 0.359077 -0.560295
v 0.682776 0.524320 -0.459501
v 0.682775 0.615911 -0.280360
v 0.682775 0.673155 -0.090179
v 0.541154 -0.881930 -0.457525
v 0.539203 -0.881930 -0.432865
v 0.540179 -0.885244 -0.445195
v 0.541868 -0.872876 -0.466551
v 0.538489 -0.872876 -0.423839
v 0.542129 -0.860507 -0.469854
v 0.538228 -0.860507 -0.420535
v 0.541868 -0.848139 -0.466551
v 0.538489 -0.848139 -0.423839
v 0.539203 -0.839085 -0.432865
v 0.541154 -0.839085 -0.457525
v 0.540178 -0.835771 -0.445195
v 0.426649 -0.881930 -0.441768
v 0.428600 -0.881930 -0.466428
v 0.427625 -0.885244 -0.454098
v 0.425935 -0.872876 -0.432742
v 0.429314 -0.872876 -0.475454
v 0.425674 -0.860507 -0.429438
v 0.429575 -0.860507 -0.478758
v 0.425935 -0.848139 -0.432742
v 0.429314 -0.848139 -0.475454
v 0.426649 -0.839085 -0.441768
v 0.428600 -0.839085 -0.466428
v 0.427625 -0.835771 -0.454098
v 0.441208 -0.749805 -0.496420
v 0.534118 -0.749805 -0.489070
v 0.489185 -0.749805 -0.511987
v 0.431499 -0.749805 -0.373681
v 0.524409 -0.749805 -0.366331
v 0.476432 -0.749805 -0.350764
v -0.600561 -0.251383 -0.523333
v -0.587812 -0.251382 -0.523321
v -0.587812 -0.421729 -0.505278
v -0.587812 -0.587873 -0.464922
v -0.587812 -0.529033 -0.501782
v -0.716407 -0.642682 -0.430586
v -0.600561 -0.587873 -0.464922
v -0.716407 -0.529033 -0.501782
v -0.600561 -0.529033 -0.501782
v -0.716407 -0.642682 -0.430586
v -0.396099 -0.684310 -0.316809
v -0.396099 -0.691483 -0.297203
v -0.573256 -0.684310 -0.316809
v -0.716407 -0.691483 -0.297203
v -0.573256 -0.691483 -0.297203
v -0.396099 -0.692941 -0.287741
v -0.573256 -0.692941 -0.287741
v -0.678543 0.261111 -0.585476
v -0.716407 0.226296 -0.581792
v -0.673011 0.270287 -0.586448
v -0.661946 0.270287 -0.586447
v -0.656413 0.261112 -0.585475
v -0.716407 0.651789 0.000000
v -0.716407 0.409687 -0.085660
v -0.716407 0.268006 0.000000
v -0.716407 0.420751 -0.085660
v -0.716407 0.426284 -0.094881
v -0.716407 0.507383 -0.445693
v -0.716407 0.596008 -0.272353
v -0.716407 0.651789 -0.087033
v -0.716407 0.420751 -0.104102
v -0.716407 0.118392 -0.087454
v -0.716407 -0.581976 -0.427142
v -0.716407 -0.612329 -0.087454
v -0.716407 -0.242842 -0.436814
v -0.716407 -0.244095 -0.449502
v -0.716407 -0.529033 -0.501782
v -0.600561 -0.592469 -0.494374
v -0.600561 -0.529033 -0.501782
v -0.600561 -0.254052 -0.550374
v -0.600561 -0.587873 -0.464922
v -0.600561 -0.444897 -0.510627
v -0.600561 -0.421729 -0.505276
v -0.600561 -0.251383 -0.523333
v -0.396099 -0.464264 -0.508616
v -0.396099 -0.444900 -0.510652
v -0.396099 -0.485103 -0.506425
v -0.396099 -0.487721 -0.506150
v -0.573256 -0.444898 -0.510631
v -0.587812 -0.529033 -0.501782
v -0.587812 -0.444897 -0.510629
v -0.573256 -0.485109 -0.506403
v -0.573256 -0.487657 -0.506135
v -0.573256 -0.464264 -0.508595
v -0.573256 -0.439516 -0.509388
v -0.396099 -0.439516 -0.509414
v -0.587812 -0.594439 -0.506994
v -0.587812 -0.529033 -0.501782
v -0.587812 -0.587873 -0.464922
v -0.587812 -0.255305 -0.563062
v -0.587812 -0.444897 -0.510629
v -0.587812 -0.421729 -0.505278
v -0.587812 -0.251382 -0.523321
v -0.573256 -0.444898 -0.510631
v -0.573256 -0.439516 -0.518824
v -0.573256 -0.439516 -0.509388
v -0.573256 -0.487657 -0.506135
v -0.573256 -0.644139 -0.556216
v -0.573256 -0.650011 -0.544051
v -0.573256 -0.692941 -0.287741
v -0.573256 -0.709530 -0.505180
v -0.573256 -0.724261 -0.504056
v -0.573256 -0.691483 -0.297203
v -0.573256 -0.684310 -0.316809
v -0.396099 -0.724261 -0.504056
v -0.573256 -0.703065 -0.560286
v -0.396099 -0.703065 -0.560286
v -0.486073 -0.723030 -0.507321
v -0.469803 -0.724261 -0.504056
v -0.573256 -0.724261 -0.504056
v -0.502343 -0.724261 -0.504056
v -0.396099 -0.709531 -0.505180
v -0.396099 -0.692941 -0.287741
v -0.396099 -0.724261 -0.504056
v -0.396099 -0.691483 -0.297203
v -0.396099 -0.684310 -0.316809
v -0.445096 -0.721756 -0.486753
v -0.396099 -0.692941 -0.287741
v -0.444863 -0.715823 -0.445776
v -0.463465 -0.712549 -0.423167
v -0.486073 -0.711587 -0.416518
v -0.527050 -0.721756 -0.486753
v -0.573256 -0.692941 -0.287741
v -0.527283 -0.715823 -0.445776
v -0.508682 -0.712549 -0.423167
v -0.396099 -0.439516 -0.518824
v -0.396099 -0.444900 -0.510652
v -0.396099 -0.439516 -0.509414
v -0.396099 -0.644140 -0.556216
v -0.396099 -0.487721 -0.506150
v -0.396099 -0.650011 -0.544051
v -0.434207 -0.746673 -0.497642
v -0.537939 -0.746673 -0.497642
v -0.486073 -0.746673 -0.519125
v -0.412724 -0.746673 -0.445776
v -0.559423 -0.746673 -0.445776
v -0.434207 -0.746673 -0.393910
v -0.537939 -0.746673 -0.393910
v -0.486073 -0.746673 -0.372427
v -0.486073 -0.723030 -0.507321
v -0.486073 -0.727213 -0.519125
v -0.502343 -0.724261 -0.504056
v -0.469803 -0.724261 -0.504056
v -0.678543 0.089355 -0.567275
v -0.716407 0.118392 -0.570362
v -0.673011 0.080180 -0.566301
v -0.661946 0.080181 -0.566298
v -0.656413 0.089356 -0.567270
v -0.673011 0.251936 -0.584504
v -0.673011 0.098531 -0.568246
v -0.661946 0.251936 -0.584503
v -0.661946 0.098531 -0.568244
v -0.716407 -0.583946 -0.439763
v -0.716407 -0.619918 0.000000
v -0.716407 -0.720657 -0.107986
v -0.716407 -0.720657 0.000000
v -0.716407 -0.691483 -0.297203
v -0.716407 -0.642682 -0.430586
v -0.741108 0.156263 0.000000
v -0.741108 0.147108 -0.066167
v -0.741108 0.147108 0.000000
v -0.741108 0.167126 -0.026223
v -0.741108 0.239289 -0.067384
v -0.741108 0.193349 -0.037086
v -0.741108 0.219572 -0.026223
v -0.741108 0.230434 0.000000
v -0.741108 0.239289 0.000000
v -0.766425 0.220513 0.000000
v -0.766425 0.174141 -0.019208
v -0.766425 0.166185 0.000000
v -0.766425 0.193349 -0.027164
v -0.766425 0.212557 -0.019208
v -0.716407 0.334200 -0.593221
v -0.716407 0.268006 -0.089207
v -0.716407 0.404154 -0.094881
v -0.716407 0.409687 -0.104102
v -0.682776 -0.656346 -0.288162
v -0.682776 -0.684848 0.000000
v -0.682776 -0.684848 -0.105241
v -0.682775 0.673155 0.000000
v -0.682776 -0.611439 -0.405272
v -0.682776 -0.517201 -0.467485
v -0.682776 0.359077 -0.560295
v -0.682776 0.524320 -0.459501
v -0.682775 0.615911 -0.280360
v -0.682775 0.673155 -0.090179
v -0.539203 -0.881930 -0.432865
v -0.541154 -0.881930 -0.457525
v -0.540179 -0.885244 -0.445195
v -0.538489 -0.872876 -0.423839
v -0.541868 -0.872876 -0.466551
v -0.538228 -0.860507 -0.420535
v -0.542129 -0.860507 -0.469854
v -0.538489 -0.848139 -0.423839
v -0.541868 -0.848139 -0.466551
v -0.539203 -0.839085 -0.432865
v -0.541154 -0.839085 -0.457525
v -0.540178 -0.835771 -0.445195
v -0.428600 -0.881930 -0.466428
v -0.426649 -0.881930 -0.441768
v -0.427625 -0.885244 -0.454098
v -0.429314 -0.872876 -0.475454
v -0.425935 -0.872876 -0.432742
v -0.429575 -0.860507 -0.478758
v -0.425674 -0.860507 -0.429438
v -0.429314 -0.848139 -0.475454
v -0.425935 -0.848139 -0.432742
v -0.428600 -0.839085 -0.466428
v -0.426649 -0.839085 -0.441768
v -0.427625 -0.835771 -0.454098
v -0.534118 -0.749805 -0.489070
v -0.441208 -0.749805 -0.496420
v -0.489185 -0.749805 -0.511987
v -0.431499 -0.749805 -0.373681
v -0.524409 -0.749805 -0.366331
v -0.476432 -0.749805 -0.350764
v 0.587812 -0.421729 0.505278
v 0.000000 -0.421739 0.505372
v 0.587812 -0.251382 0.523321
v 0.600561 -0.251383 0.523333
v 0.716407 -0.642682 0.430586
v 0.000000 -0.529033 0.501782
v 0.000000 -0.642682 0.430586
v 0.587812 -0.587873 0.464922
v 0.600561 -0.587873 0.464922
v 0.600561 -0.529033 0.501782
v 0.716407 -0.529033 0.501782
v 0.587812 -0.529033 0.501782
v 0.716407 -0.642682 0.430586
v 0.573256 -0.691483 0.297203
v 0.716407 -0.691483 0.297203
v 0.573256 -0.684310 0.316809
v 0.396099 -0.684310 0.316809
v 0.000000 -0.691483 0.297203
v 0.396099 -0.691483 0.297203
v 0.000000 -0.642682 0.430586
v 0.573256 -0.692941 0.287741
v 0.396099 -0.692941 0.287741
v 0.661946 0.270287 0.586447
v 0.656413 0.261112 0.585475
v 0.673011 0.270287 0.586448
v 0.678543 0.261111 0.585476
v 0.716407 0.226296 0.581792
v 0.716407 0.409687 0.085660
v 0.716407 0.420751 0.085660
v 0.716407 0.426284 0.094881
v 0.716407 0.507383 0.445693
v 0.716407 0.596008 0.272353
v 0.716407 0.651789 0.087033
v 0.716407 0.420751 0.104102
v 0.716407 0.118392 0.087454
v 0.716407 -0.581976 0.427142
v 0.716407 -0.612329 0.087454
v 0.716407 -0.242842 0.436814
v 0.716407 -0.244095 0.449502
v 0.716407 -0.529033 0.501782
v 0.600561 -0.592469 0.494374
v 0.600561 -0.529033 0.501782
v 0.600561 -0.254052 0.550374
v 0.600561 -0.587873 0.464922
v 0.600561 -0.444897 0.510627
v 0.600561 -0.421729 0.505276
v 0.600561 -0.251383 0.523333
v 0.587812 -0.529033 0.501782
v 0.000000 -0.444905 0.510700
v 0.000000 -0.529033 0.501782
v 0.396099 -0.487721 0.506150
v 0.573256 -0.487657 0.506135
v 0.573256 -0.485109 0.506403
v 0.573256 -0.464264 0.508595
v 0.573256 -0.444898 0.510631
v 0.587812 -0.444897 0.510629
v 0.396099 -0.444900 0.510652
v 0.396099 -0.485103 0.506425
v 0.396099 -0.464264 0.508616
v 0.573256 -0.439516 0.509388
v 0.396099 -0.439516 0.509414
v 0.587812 -0.594439 0.506994
v 0.587812 -0.529033 0.501782
v 0.587812 -0.587873 0.464922
v 0.587812 -0.255305 0.563062
v 0.587812 -0.444897 0.510629
v 0.587812 -0.421729 0.505278
v 0.587812 -0.251382 0.523321
v 0.573256 -0.444898 0.510631
v 0.573256 -0.439516 0.518824
v 0.573256 -0.439516 0.509388
v 0.573256 -0.487657 0.506135
v 0.573256 -0.644139 0.556216
v 0.573256 -0.650011 0.544051
v 0.573256 -0.692941 0.287741
v 0.573256 -0.709530 0.505180
v 0.573256 -0.724261 0.504056
v 0.573256 -0.691483 0.297203
v 0.573256 -0.684310 0.316809
v 0.573256 -0.703065 0.560286
v 0.502343 -0.724261 0.504056
v 0.573256 -0.724261 0.504056
v 0.486073 -0.723030 0.507321
v 0.396099 -0.724261 0.504056
v 0.469803 -0.724261 0.504056
v 0.396099 -0.703065 0.560286
v 0.396099 -0.709531 0.505180
v 0.396099 -0.692941 0.287741
v 0.396099 -0.724261 0.504056
v 0.396099 -0.691483 0.297203
v 0.396099 -0.684310 0.316809
v 0.573256 -0.692941 0.287741
v 0.508682 -0.712549 0.423167
v 0.396099 -0.692941 0.287741
v 0.527283 -0.715823 0.445776
v 0.486073 -0.711587 0.416518
v 0.527050 -0.721756 0.486753
v 0.463465 -0.712549 0.423167
v 0.444863 -0.715823 0.445776
v 0.445096 -0.721756 0.486753
v 0.396099 -0.439516 0.518824
v 0.396099 -0.444900 0.510652
v 0.396099 -0.439516 0.509414
v 0.396099 -0.644140 0.556216
v 0.396099 -0.487721 0.506150
v 0.396099 -0.650011 0.544051
v 0.537939 -0.746673 0.393910
v 0.434207 -0.746673 0.393910
v 0.486073 -0.746673 0.372427
v 0.559423 -0.746673 0.445776
v 0.412724 -0.746673 0.445776
v 0.537939 -0.746673 0.497642
v 0.434207 -0.746673 0.497642
v 0.486073 -0.746673 0.519125
v 0.502343 -0.724261 0.504056
v 0.486073 -0.727213 0.519125
v 0.486073 -0.723030 0.507321
v 0.469803 -0.724261 0.504056
v 0.656413 0.089356 0.567270
v 0.661946 0.080181 0.566298
v 0.673011 0.080180 0.566301
v 0.678543 0.089355 0.567275
v 0.716407 0.118392 0.570362
v 0.661946 0.098531 0.568244
v 0.661946 0.251936 0.584503
v 0.673011 0.098531 0.568246
v 0.673011 0.251936 0.584504
v 0.716407 -0.583946 0.439763
v 0.716407 -0.720657 0.107986
v 0.716407 -0.691483 0.297203
v 0.716407 -0.642682 0.430586
v 0.741108 0.147108 0.066167
v 0.741108 0.167126 0.026223
v 0.741108 0.239289 0.067384
v 0.741108 0.193349 0.037086
v 0.741108 0.219572 0.026223
v 0.766425 0.174141 0.019208
v 0.766425 0.193349 0.027164
v 0.766425 0.212557 0.019208
v 0.716407 0.334200 0.593221
v 0.716407 0.268006 0.089207
v 0.716407 0.404154 0.094881
v 0.716407 0.409687 0.104102
v 0.682776 -0.656346 0.288162
v 0.682776 -0.684848 0.105241
v 0.682776 -0.611439 0.405272
v 0.682776 -0.517201 0.467485
v 0.682776 0.359077 0.560295
v 0.682776 0.524320 0.459501
v 0.682775 0.615911 0.280360
v 0.682775 0.673155 0.090179
v 0.539203 -0.881930 0.432865
v 0.541154 -0.881930 0.457525
v 0.540179 -0.885244 0.445195
v 0.538489 -0.872876 0.423839
v 0.541868 -0.872876 0.466551
v 0.538228 -0.860507 0.420535
v 0.542129 -0.860507 0.469854
v 0.538489 -0.848139 0.423839
v 0.541868 -0.848139 0.466551
v 0.539203 -0.839085 0.432865
v 0.541154 -0.839085 0.457525
v 0.540178 -0.835771 0.445195
v 0.428600 -0.881930 0.466428
v 0.426649 -0.881930 0.441768
v 0.427625 -0.885244 0.454098
v 0.429314 -0.872876 0.475454
v 0.425935 -0.872876 0.432742
v 0.429575 -0.860507 0.478758
v 0.425674 -0.860507 0.429438
v 0.429314 -0.848139 0.475454
v 0.425935 -0.848139 0.432742
v 0.428600 -0.839085 0.466428
v 0.426649 -0.839085 0.441768
v 0.427625 -0.835771 0.454098
v 0.431499 -0.749805 0.373681
v 0.524409 -0.749805 0.366331
v 0.476432 -0.749805 0.350764
v 0.534118 -0.749805 0.489070
v 0.441208 -0.749805 0.496420
v 0.489185 -0.749805 0.511987
v -0.587812 -0.251382 0.523321
v -0.587812 -0.421729 0.505278
v -0.600561 -0.251383 0.523333
v -0.716407 -0.642682 0.430586
v -0.600561 -0.587873 0.464922
v -0.716407 -0.529033 0.501782
v -0.587812 -0.587873 0.464922
v -0.587812 -0.529033 0.501782
v -0.600561 -0.529033 0.501782
v -0.396099 -0.691483 0.297203
v -0.396099 -0.684310 0.316809
v -0.716407 -0.642682 0.430586
v -0.573256 -0.684310 0.316809
v -0.716407 -0.691483 0.297203
v -0.573256 -0.691483 0.297203
v -0.396099 -0.692941 0.287741
v -0.573256 -0.692941 0.287741
v -0.678543 0.261111 0.585476
v -0.716407 0.226296 0.581792
v -0.673011 0.270287 0.586448
v -0.661946 0.270287 0.586447
v -0.656413 0.261112 0.585475
v -0.716407 0.507383 0.445693
v -0.716407 0.426284 0.094881
v -0.716407 0.420751 0.104102
v -0.716407 0.409687 0.085660
v -0.716407 0.420751 0.085660
v -0.716407 0.596008 0.272353
v -0.716407 0.651789 0.087033
v -0.716407 -0.244095 0.449502
v -0.716407 -0.529033 0.501782
v -0.716407 -0.242842 0.436814
v -0.716407 -0.581976 0.427142
v -0.716407 0.118392 0.087454
v -0.716407 -0.612329 0.087454
v -0.600561 -0.592469 0.494374
v -0.600561 -0.529033 0.501782
v -0.600561 -0.587873 0.464922
v -0.600561 -0.254052 0.550374
v -0.600561 -0.444897 0.510627
v -0.600561 -0.421729 0.505276
v -0.600561 -0.251383 0.523333
v -0.587812 -0.529033 0.501782
v -0.573256 -0.487657 0.506135
v -0.587812 -0.444897 0.510629
v -0.573256 -0.485109 0.506403
v -0.396099 -0.487721 0.506150
v -0.396099 -0.485103 0.506425
v -0.396099 -0.464264 0.508616
v -0.396099 -0.444900 0.510652
v -0.573256 -0.444898 0.510631
v -0.573256 -0.464264 0.508595
v -0.396099 -0.439516 0.509414
v -0.573256 -0.439516 0.509388
v -0.587812 -0.594439 0.506994
v -0.587812 -0.529033 0.501782
v -0.587812 -0.255305 0.563062
v -0.587812 -0.587873 0.464922
v -0.587812 -0.444897 0.510629
v -0.587812 -0.421729 0.505278
v -0.587812 -0.251382 0.523321
v -0.573256 -0.439516 0.518824
v -0.573256 -0.444898 0.510631
v -0.573256 -0.439516 0.509388
v -0.573256 -0.644139 0.556216
v -0.573256 -0.487657 0.506135
v -0.573256 -0.650011 0.544051
v -0.573256 -0.709530 0.505180
v -0.573256 -0.692941 0.287741
v -0.573256 -0.724261 0.504056
v -0.573256 -0.691483 0.297203
v -0.573256 -0.684310 0.316809
v -0.396099 -0.703065 0.560286
v -0.469803 -0.724261 0.504056
v -0.396099 -0.724261 0.504056
v -0.486073 -0.723030 0.507321
v -0.573256 -0.724261 0.504056
v -0.502343 -0.724261 0.504056
v -0.573256 -0.703065 0.560286
v -0.396099 -0.692941 0.287741
v -0.396099 -0.709531 0.505180
v -0.396099 -0.724261 0.504056
v -0.396099 -0.691483 0.297203
v -0.396099 -0.684310 0.316809
v -0.573256 -0.692941 0.287741
v -0.396099 -0.692941 0.287741
v -0.463465 -0.712549 0.423167
v -0.486073 -0.711587 0.416518
v -0.444863 -0.715823 0.445776
v -0.445096 -0.721756 0.486753
v -0.527283 -0.715823 0.445776
v -0.508682 -0.712549 0.423167
v -0.527050 -0.721756 0.486753
v -0.396099 -0.439516 0.518824
v -0.396099 -0.444900 0.510652
v -0.396099 -0.439516 0.509414
v -0.396099 -0.487721 0.506150
v -0.396099 -0.644140 0.556216
v -0.396099 -0.650011 0.544051
v -0.434207 -0.746673 0.393910
v -0.537939 -0.746673 0.393910
v -0.486073 -0.746673 0.372427
v -0.412724 -0.746673 0.445776
v -0.559423 -0.746673 0.445776
v -0.434207 -0.746673 0.497642
v -0.537939 -0.746673 0.497642
v -0.486073 -0.746673 0.519125
v -0.502343 -0.724261 0.504056
v -0.486073 -0.727213 0.519125
v -0.486073 -0.723030 0.507321
v -0.469803 -0.724261 0.504056
v -0.678543 0.089355 0.567275
v -0.716407 0.118392 0.570362
v -0.673011 0.080180 0.566301
v -0.661946 0.080181 0.566298
v -0.656413 0.089356 0.567270
v -0.673011 0.098531 0.568246
v -0.673011 0.251936 0.584504
v -0.661946 0.098531 0.568244
v -0.661946 0.251936 0.584503
v -0.716407 -0.691483 0.297203
v -0.716407 -0.720657 0.107986
v -0.716407 -0.642682 0.430586
v -0.716407 -0.583946 0.439763
v -0.741108 0.147108 0.066167
v -0.741108 0.167126 0.026223
v -0.741108 0.239289 0.067384
v -0.741108 0.193349 0.037086
v -0.741108 0.219572 0.026223
v -0.766425 0.174141 0.019208
v -0.766425 0.193349 0.027164
v -0.766425 0.212557 0.019208
v -0.716407 0.404154 0.094881
v -0.716407 0.334200 0.593221
v -0.716407 0.409687 0.104102
v -0.716407 0.268006 0.089207
v -0.682776 -0.684848 0.105241
v -0.682776 -0.656346 0.288162
v -0.682776 -0.611439 0.405272
v -0.682776 -0.517201 0.467485
v -0.682776 0.359077 0.560295
v -0.682776 0.524320 0.459501
v -0.682775 0.615911 0.280360
v -0.682775 0.673155 0.090179
v -0.541154 -0.881930 0.457525
v -0.539203 -0.881930 0.432865
v -0.540179 -0.885244 0.445195
v -0.541868 -0.872876 0.466551
v -0.538489 -0.872876 0.423839
v -0.542129 -0.860507 0.469854
v -0.538228 -0.860507 0.420535
v -0.541868 -0.848139 0.466551
v -0.538489 -0.848139 0.423839
v -0.539203 -0.839085 0.432865
v -0.541154 -0.839085 0.457525
v -0.540178 -0.835771 0.445195
v -0.426649 -0.881930 0.441768
v -0.428600 -0.881930 0.466428
v -0.427625 -0.885244 0.454098
v -0.425935 -0.872876 0.432742
v -0.429314 -0.872876 0.475454
v -0.425674 -0.860507 0.429438
v -0.429575 -0.860507 0.478758
v -0.425935 -0.848139 0.432742
v -0.429314 -0.848139 0.475454
v -0.426649 -0.839085 0.441768
v -0.428600 -0.839085 0.466428
v -0.427625 -0.835771 0.454098
v -0.524409 -0.749805 0.366331
v -0.431499 -0.749805 0.373681
v -0.476432 -0.749805 0.350764
v -0.534118 -0.749805 0.489070
v -0.441208 -0.749805 0.496420
v -0.489185 -0.749805 0.511987
vn -0.0000 -1.0000 -0.0000
vn 0.6837 0.4243 -0.5938
vn 0.6537 0.1988 -0.7301
vn 0.6222 0.1378 -0.7706
vn 0.7052 -0.2411 -0.6667
vn 0.5888 -0.3656 -0.7209
vn 0.8227 -0.0678 -0.5644
vn -0.6837 0.4243 -0.5938
vn -0.6222 0.1378 -0.7706
vn -0.6537 0.1988 -0.7301
vn -0.7052 -0.2411 -0.6667
vn -0.8227 -0.0678 -0.5644
vn -0.5888 -0.3656 -0.7209
vn 0.6837 0.4243 0.5938
vn 0.6222 0.1378 0.7706
vn 0.6537 0.1988 0.7301
vn 0.7052 -0.2411 0.6667
vn 0.8227 -0.0678 0.5644
vn 0.5888 -0.3656 0.7209
vn -0.6837 0.4243 0.5938
vn -0.6537 0.1988 0.7301
vn -0.6222 0.1378 0.7706
vn -0.7052 -0.2411 0.6667
vn -0.5888 -0.3656 0.7209
vn -0.8227 -0.0678 0.5644
vn -0.0029 0.5409 0.8411
vn -0.0017 0.3319 0.9433
vn -0.0000 0.3319 0.9433
vn -0.0000 0.5409 0.8411
vn -0.0000 0.9365 0.3508
vn -0.0000 0.9674 0.2533
vn -0.0027 0.9674 0.2533
vn -0.0035 0.9365 0.3508
vn -0.0000 0.9971 0.0764
vn -0.0018 0.9970 0.0771
vn 1.0000 -0.0000 -0.0000
vn -0.5551 0.7753 -0.3012
vn -0.5814 0.6509 -0.4881
vn -0.6032 0.5769 -0.5508
vn -0.5512 0.7699 -0.3216
vn -0.5784 0.8079 -0.1129
vn -0.5775 0.8066 -0.1258
vn -0.5821 0.8131 -0.0000
vn 0.8329 0.5169 -0.1976
vn 0.8475 0.5259 -0.0719
vn 0.8467 0.5254 -0.0844
vn 0.8291 0.5145 -0.2190
vn -0.0000 0.4482 -0.8939
vn -0.0000 0.8603 0.5098
vn -0.0000 -0.9893 0.1457
vn 0.7956 0.4937 -0.3510
vn 0.7558 0.4690 -0.4570
vn -0.0000 -0.9277 0.3732
vn -0.0000 -0.7845 0.6202
vn -0.0000 -0.7845 0.6201
vn -0.0000 -0.6485 0.7612
vn -0.0005 -0.0911 -0.9958
vn -0.0000 -0.0911 -0.9958
vn 0.6269 -0.0582 -0.7769
vn 0.6268 -0.0582 -0.7770
vn -0.6252 0.4504 -0.6374
vn -0.6251 0.4504 -0.6374
vn -0.0001 -0.3263 -0.9453
vn -0.0000 -0.3261 -0.9453
vn 0.0001 0.0611 -0.9981
vn -0.0421 -0.0636 -0.9971
vn -0.0000 -0.1045 -0.9945
vn -0.0006 -0.1048 -0.9945
vn -0.0405 -0.1449 -0.9886
vn -0.0000 -0.2572 -0.9664
vn -0.0001 0.0609 -0.9981
vn -0.1202 0.0216 -0.9925
vn -0.1224 -0.2190 -0.9680
vn -0.0001 -0.2572 -0.9664
vn 0.6668 0.7452 -0.0000
vn 0.7060 0.7082 -0.0000
vn 0.6668 -0.7452 -0.0000
vn 0.8625 -0.0291 -0.5052
vn 0.8300 0.5577 -0.0000
vn 0.7543 0.6566 -0.0000
vn 0.8300 -0.0074 -0.5577
vn -0.0000 0.9239 0.3827
vn -0.0000 -0.9239 0.3827
vn -0.0000 0.3827 0.9239
vn -0.0000 -0.3827 0.9239
vn -0.0000 0.9239 -0.3827
vn -0.0000 -0.3827 -0.9239
vn -0.0000 0.3827 -0.9239
vn -0.0000 -0.9239 -0.3827
vn -0.0000 -0.1631 -0.9866
vn -0.0000 0.0285 0.9996
vn -0.0000 -0.9880 0.1542
vn -0.0000 0.9952 -0.0982
vn -1.0000 -0.0000 -0.0000
vn -0.0000 0.1633 0.9866
vn -0.0000 -0.0286 -0.9996
vn -0.0000 -0.0081 -1.0000
vn -0.0000 -0.0000 -1.0000
vn -0.0000 1.0000 -0.0000
vn -0.0000 0.1055 -0.9944
vn -0.0000 0.1477 -0.9890
vn -0.0000 -0.1120 0.9937
vn -0.0000 0.0049 1.0000
vn -0.0000 0.0689 -0.9976
vn -0.0000 0.9558 0.2939
vn -0.0000 0.9966 0.0825
vn -0.0000 0.9912 -0.1327
vn -0.0000 -0.2274 0.9738
vn 0.3827 -0.0000 -0.9239
vn 0.9239 -0.0000 -0.3827
vn 0.9239 -0.0000 0.3827
vn 0.3827 -0.0000 0.9239
vn -0.3827 -0.0000 0.9239
vn -0.9239 -0.0000 0.3827
vn -0.9239 -0.0000 -0.3827
vn -0.3827 -0.0000 -0.9239
vn -0.2362 0.9426 -0.2362
vn -0.3341 0.9426 -0.0000
vn -0.3339 0.9422 0.0266
vn -0.2517 0.9423 -0.2206
vn -0.2362 0.9426 0.2362
vn -0.2248 0.9424 0.2476
vn -0.0000 0.9426 0.3341
vn 0.2362 0.9426 0.2362
vn 0.2247 0.9424 0.2476
vn 0.3341 0.9426 -0.0000
vn 0.3339 0.9422 0.0266
vn 0.2362 0.9426 -0.2362
vn 0.2517 0.9423 -0.2206
vn 0.8228 -0.0678 -0.5643
vn 0.8562 -0.0000 -0.5167
vn 0.8733 0.4716 0.1225
vn 0.8733 0.4723 0.1194
vn 0.8736 0.2473 0.4192
vn 0.8734 0.2505 0.4177
vn -0.8734 -0.1209 0.4717
vn -0.8734 0.2476 0.4194
vn -0.8734 0.2504 0.4177
vn -0.8734 -0.1241 0.4709
vn -0.0000 -0.8015 -0.5980
vn -0.0000 0.8018 0.5976
vn -0.8733 -0.4724 -0.1194
vn -0.8733 -0.4716 -0.1225
vn -0.8734 -0.2504 -0.4177
vn -0.8734 -0.2475 -0.4194
vn 0.8733 -0.4716 -0.1225
vn 0.8733 -0.4723 -0.1194
vn 0.8734 -0.2475 -0.4193
vn 0.8734 -0.2504 -0.4177
vn -0.8733 0.4724 0.1193
vn -0.8733 0.4716 0.1224
vn 0.8734 -0.1242 0.4709
vn 0.8734 -0.1210 0.4717
vn -0.0000 -0.1407 -0.9901
vn -0.0000 0.1407 0.9901
vn 0.8734 0.1241 -0.4709
vn 0.8734 0.1209 -0.4717
vn 0.8733 -0.4188 0.2490
vn 0.8733 -0.4204 0.2463
vn -0.0000 0.6032 -0.7976
vn -0.0000 -0.6036 0.7973
vn -0.8733 0.4204 -0.2463
vn -0.8734 0.1209 -0.4717
vn -0.8734 0.1241 -0.4709
vn -0.8731 0.4189 -0.2493
vn 0.8733 0.4188 -0.2491
vn 0.8733 0.4204 -0.2463
vn -0.8733 -0.4204 0.2462
vn -0.8733 -0.4188 0.2489
vn 0.8575 -0.5094 0.0724
vn -0.0000 0.9901 -0.1407
vn -0.0004 0.1049 0.9945
vn -0.0000 0.1049 0.9945
vn -0.0009 0.3319 0.9433
vn 0.8575 0.5094 -0.0724
vn -0.0000 -0.9901 0.1407
vn -0.8575 -0.5094 0.0724
vn -0.8575 0.5094 -0.0724
vn -0.0016 1.0000 -0.0000
vn -0.0000 -0.9971 -0.0764
vn 0.8562 -0.5148 -0.0447
vn 0.8570 -0.5153 -0.0000
vn 0.8300 -0.5577 -0.0000
vn 0.8497 0.5273 -0.0000
vn -0.1867 -0.8733 0.4501
vn -0.1837 -0.8733 0.4512
vn -0.4496 -0.8734 0.1870
vn -0.4484 -0.8734 0.1901
vn -1.0000 -0.0000 0.0018
vn 0.7033 -0.0000 -0.7109
vn -0.7029 -0.0000 0.7112
vn -0.7029 -0.0000 0.7113
vn 0.1837 0.8733 -0.4513
vn 0.1867 0.8733 -0.4501
vn 0.4484 0.8734 -0.1900
vn 0.4497 0.8734 -0.1869
vn 0.1867 -0.8733 -0.4501
vn 0.1837 -0.8733 -0.4512
vn 0.4496 -0.8734 -0.1870
vn 0.4484 -0.8734 -0.1900
vn -0.1837 0.8733 0.4513
vn -0.1866 0.8733 0.4501
vn -0.4484 0.8734 0.1900
vn -0.4497 0.8734 0.1870
vn 0.5148 -0.8573 -0.0000
vn 0.5147 -0.8573 -0.0000
vn 0.5147 0.8573 -0.0000
vn -0.5148 0.8573 -0.0000
vn -0.5148 -0.8573 -0.0000
vn 1.0000 -0.0000 -0.0018
vn 0.0011 -0.8575 0.5145
vn -0.0011 0.8575 -0.5145
vn -0.0011 -0.8575 -0.5145
vn -0.0021 -0.0000 -1.0000
vn 0.0021 -0.0000 1.0000
vn 0.0011 0.8575 0.5145
vn 0.0762 -0.2588 -0.9629
vn 0.0683 -0.5000 -0.8633
vn 0.0558 -0.7071 -0.7049
vn 0.0204 -0.9659 -0.2580
vn -0.0204 -0.9659 0.2580
vn -0.0558 -0.7071 0.7049
vn -0.0762 -0.2588 0.9629
vn -0.0789 -0.0000 0.9969
vn -0.0683 0.5000 0.8633
vn -0.0394 0.8660 0.4984
vn -0.0204 0.9659 0.2580
vn 0.0204 0.9659 -0.2580
vn -0.0762 0.2588 0.9629
vn 0.0558 0.7071 -0.7049
vn 0.0683 0.5000 -0.8633
vn 0.0762 0.2588 -0.9629
vn 0.0789 -0.0000 -0.9969
vn 0.9969 -0.0000 0.0789
vn -0.9969 -0.0000 -0.0789
vn -0.0558 0.7071 0.7049
vn -0.0683 -0.5000 0.8633
vn 0.9969 -0.0000 0.0788
vn -0.9969 -0.0000 -0.0788
vn 0.0394 -0.8660 -0.4984
vn -0.0682 -0.5000 0.8633
vn -0.0394 -0.8660 0.4984
vn 0.0394 0.8660 -0.4984
vn 0.0393 -0.8660 -0.4984
vn -0.0682 0.5000 0.8633
vn 0.4543 -0.0000 -0.8908
vn 0.3086 -0.0000 0.9512
vn -0.4543 -0.0000 0.8908
vn -0.3086 -0.0000 -0.9512
vn -0.0748 -0.3184 0.9450
vn -0.0747 -0.3184 0.9450
vn 0.0783 -0.1206 -0.9896
vn 0.0029 0.5409 0.8411
vn 0.0009 0.3319 0.9433
vn 0.0035 0.9365 0.3508
vn 0.0027 0.9674 0.2533
vn 0.0018 0.9970 0.0771
vn 0.5551 0.7753 -0.3012
vn 0.5512 0.7699 -0.3216
vn 0.6032 0.5769 -0.5508
vn 0.5814 0.6509 -0.4881
vn 0.5784 0.8079 -0.1129
vn 0.5775 0.8066 -0.1258
vn 0.5821 0.8131 -0.0000
vn -0.8329 0.5169 -0.1976
vn -0.8291 0.5145 -0.2190
vn -0.8467 0.5254 -0.0844
vn -0.8475 0.5259 -0.0719
vn -0.7558 0.4690 -0.4570
vn -0.7956 0.4937 -0.3510
vn 0.0005 -0.0911 -0.9958
vn -0.6268 -0.0582 -0.7770
vn -0.6269 -0.0582 -0.7769
vn 0.6252 0.4504 -0.6374
vn 0.6251 0.4504 -0.6374
vn 0.0001 -0.3263 -0.9453
vn 0.0421 -0.0636 -0.9971
vn -0.0001 0.0611 -0.9981
vn 0.0405 -0.1449 -0.9886
vn 0.0006 -0.1048 -0.9945
vn 0.1202 0.0216 -0.9925
vn 0.0001 0.0609 -0.9981
vn 0.1221 -0.2192 -0.9680
vn -0.6668 0.7452 -0.0000
vn -0.7060 0.7082 -0.0000
vn -0.6668 -0.7452 -0.0000
vn -0.8625 -0.0291 -0.5052
vn -0.8300 0.5577 -0.0000
vn -0.7543 0.6566 -0.0000
vn -0.8300 -0.0074 -0.5577
vn 0.2248 0.9424 0.2476
vn -0.2247 0.9424 0.2476
vn -0.8228 -0.0678 -0.5643
vn -0.8562 -0.0000 -0.5167
vn -0.8733 0.4716 0.1225
vn -0.8734 0.2505 0.4177
vn -0.8736 0.2473 0.4192
vn -0.8733 0.4723 0.1194
vn 0.8734 -0.1209 0.4717
vn 0.8734 -0.1241 0.4709
vn 0.8734 0.2504 0.4177
vn 0.8734 0.2476 0.4194
vn 0.8733 -0.4724 -0.1194
vn 0.8734 -0.2475 -0.4194
vn -0.8734 -0.2475 -0.4193
vn -0.8733 -0.4723 -0.1194
vn 0.8733 0.4724 0.1193
vn 0.8733 0.4716 0.1224
vn -0.8734 -0.1242 0.4709
vn -0.8734 -0.1210 0.4717
vn -0.8733 -0.4188 0.2490
vn -0.8733 -0.4204 0.2463
vn 0.8731 0.4189 -0.2493
vn -0.8733 0.4188 -0.2491
vn 0.8733 -0.4204 0.2462
vn 0.8733 -0.4188 0.2489
vn 0.0004 0.1049 0.9945
vn 0.0017 0.3319 0.9433
vn 0.0016 1.0000 -0.0000
vn -0.8562 -0.5148 -0.0447
vn -0.8570 -0.5153 -0.0000
vn -0.8300 -0.5577 -0.0000
vn -0.8497 0.5273 -0.0000
vn 0.1867 -0.8733 0.4501
vn 0.4484 -0.8734 0.1901
vn 0.4496 -0.8734 0.1870
vn 0.1837 -0.8733 0.4512
vn 1.0000 -0.0000 0.0018
vn -0.7033 -0.0000 -0.7109
vn 0.7029 -0.0000 0.7113
vn 0.7029 -0.0000 0.7112
vn -0.1837 0.8733 -0.4513
vn -0.4497 0.8734 -0.1869
vn -0.4484 0.8734 -0.1900
vn -0.1867 0.8733 -0.4501
vn -0.1867 -0.8733 -0.4501
vn -0.4484 -0.8734 -0.1900
vn -0.4496 -0.8734 -0.1870
vn -0.1837 -0.8733 -0.4512
vn 0.1837 0.8733 0.4513
vn 0.4497 0.8734 0.1870
vn 0.4484 0.8734 0.1900
vn 0.1866 0.8733 0.4501
vn -0.5147 -0.8573 -0.0000
vn -0.5147 0.8573 -0.0000
vn 0.5148 0.8573 -0.0000
vn -1.0000 -0.0000 -0.0018
vn -0.0011 -0.8575 0.5145
vn 0.0011 0.8575 -0.5145
vn 0.0011 -0.8575 -0.5145
vn 0.0021 -0.0000 -1.0000
vn -0.0021 -0.0000 1.0000
vn -0.0011 0.8575 0.5145
vn -0.0762 -0.2588 -0.9629
vn -0.0683 -0.5000 -0.8633
vn -0.0558 -0.7071 -0.7049
vn -0.0204 -0.9659 -0.2580
vn 0.0204 -0.9659 0.2580
vn 0.0558 -0.7071 0.7049
vn 0.0762 -0.2588 0.9629
vn 0.0789 -0.0000 0.9969
vn 0.0683 0.5000 0.8633
vn 0.0394 0.8660 0.4984
vn 0.0204 0.9659 0.2580
vn -0.0204 0.9659 -0.2580
vn 0.0762 0.2588 0.9629
vn -0.0558 0.7071 -0.7049
vn -0.0683 0.5000 -0.8633
vn -0.0682 0.5000 -0.8633
vn -0.0762 0.2588 -0.9629
vn -0.0789 -0.0000 -0.9969
vn -0.9969 -0.0000 0.0789
vn 0.9969 -0.0000 -0.0789
vn 0.0558 0.7071 0.7049
vn 0.0683 -0.5000 0.8633
vn -0.9969 -0.0000 0.0788
vn 0.9969 -0.0000 -0.0788
vn -0.0394 -0.8660 -0.4984
vn 0.0394 -0.8660 0.4984
vn -0.0394 0.8660 -0.4984
vn -0.0394 -0.8660 -0.4985
vn -0.4543 -0.0000 -0.8908
vn -0.3086 -0.0000 0.9512
vn 0.4543 -0.0000 0.8908
vn 0.3086 -0.0000 -0.9512
vn 0.0747 -0.3184 0.9450
vn 0.0748 -0.3184 0.9450
vn -0.0783 -0.1206 -0.9896
vn -0.0029 0.5409 -0.8411
vn -0.0000 0.5409 -0.8411
vn -0.0000 0.3319 -0.9433
vn -0.0009 0.3319 -0.9433
vn -0.0000 0.9365 -0.3508
vn -0.0035 0.9365 -0.3508
vn -0.0027 0.9674 -0.2533
vn -0.0000 0.9674 -0.2533
vn -0.0018 0.9970 -0.0771
vn -0.0000 0.9971 -0.0764
vn -0.5551 0.7753 0.3012
vn -0.5512 0.7699 0.3216
vn -0.6032 0.5769 0.5508
vn -0.5814 0.6509 0.4881
vn -0.5784 0.8079 0.1129
vn -0.5775 0.8066 0.1258
vn 0.8329 0.5169 0.1976
vn 0.8291 0.5145 0.2190
vn 0.8467 0.5254 0.0844
vn 0.8475 0.5259 0.0719
vn -0.0000 0.4482 0.8939
vn -0.0000 0.8603 -0.5098
vn -0.0000 -0.9893 -0.1457
vn 0.7558 0.4690 0.4570
vn 0.7956 0.4937 0.3510
vn -0.0000 -0.9277 -0.3732
vn -0.0000 -0.7845 -0.6202
vn -0.0000 -0.7845 -0.6201
vn -0.0000 -0.6485 -0.7612
vn -0.0005 -0.0911 0.9958
vn -0.0000 -0.0911 0.9958
vn 0.6268 -0.0582 0.7770
vn 0.6269 -0.0582 0.7769
vn -0.6252 0.4504 0.6374
vn -0.6251 0.4504 0.6374
vn -0.0001 -0.3263 0.9453
vn -0.0422 -0.0636 0.9971
vn 0.0001 0.0611 0.9981
vn -0.0000 -0.3261 0.9453
vn -0.0000 -0.1045 0.9945
vn -0.0000 -0.2572 0.9664
vn -0.0405 -0.1449 0.9886
vn -0.0006 -0.1048 0.9945
vn -0.1202 0.0216 0.9925
vn -0.0001 0.0609 0.9981
vn -0.0000 -0.2573 0.9663
vn -0.1221 -0.2192 0.9680
vn 0.8625 -0.0291 0.5052
vn 0.8300 -0.0074 0.5577
vn -0.0000 -0.1631 0.9866
vn -0.0000 0.0285 -0.9996
vn -0.0000 -0.9880 -0.1542
vn -0.0000 0.9952 0.0982
vn -0.0000 0.1633 -0.9866
vn -0.0000 -0.0286 0.9996
vn -0.0000 -0.0081 1.0000
vn -0.0000 -0.0000 1.0000
vn -0.0000 0.1055 0.9944
vn -0.0000 0.1477 0.9890
vn -0.0000 -0.1120 -0.9937
vn -0.0000 0.0049 -1.0000
vn -0.0000 0.0689 0.9976
vn -0.0000 0.9558 -0.2939
vn -0.0000 0.9966 -0.0825
vn -0.0000 0.9912 0.1327
vn -0.0000 -0.2274 -0.9738
vn -0.2517 0.9423 0.2206
vn -0.3339 0.9422 -0.0266
vn -0.2248 0.9424 -0.2476
vn -0.0000 0.9426 -0.3341
vn 0.2247 0.9424 -0.2476
vn 0.3339 0.9422 -0.0266
vn 0.2517 0.9423 0.2206
vn 0.8228 -0.0678 0.5643
vn 0.8562 -0.0000 0.5167
vn 0.8733 0.4716 -0.1225
vn 0.8734 0.2505 -0.4177
vn 0.8736 0.2473 -0.4192
vn 0.8733 0.4723 -0.1194
vn -0.8734 -0.1209 -0.4717
vn -0.8734 -0.1241 -0.4709
vn -0.8734 0.2504 -0.4177
vn -0.8734 0.2476 -0.4194
vn -0.0000 -0.8015 0.5980
vn -0.0000 0.8018 -0.5976
vn -0.8733 -0.4724 0.1194
vn -0.8734 -0.2475 0.4194
vn -0.8734 -0.2504 0.4177
vn -0.8733 -0.4716 0.1225
vn 0.8733 -0.4716 0.1225
vn 0.8734 -0.2504 0.4177
vn 0.8734 -0.2475 0.4193
vn 0.8733 -0.4723 0.1194
vn -0.8733 0.4724 -0.1193
vn -0.8733 0.4716 -0.1224
vn 0.8734 -0.1242 -0.4709
vn 0.8734 -0.1210 -0.4717
vn -0.0000 -0.1407 0.9901
vn -0.0000 0.1407 -0.9901
vn 0.8734 0.1241 0.4709
vn 0.8734 0.1209 0.4717
vn 0.8733 -0.4188 -0.2490
vn 0.8733 -0.4204 -0.2463
vn -0.0000 0.6032 0.7976
vn -0.0000 -0.6036 -0.7973
vn -0.8733 0.4204 0.2463
vn -0.8731 0.4189 0.2493
vn -0.8734 0.1241 0.4709
vn -0.8734 0.1209 0.4717
vn 0.8733 0.4188 0.2491
vn 0.8733 0.4204 0.2463
vn -0.8733 -0.4204 -0.2462
vn -0.8733 -0.4188 -0.2489
vn 0.8575 -0.5094 -0.0724
vn -0.0000 0.9901 0.1407
vn -0.0004 0.1049 -0.9945
vn -0.0017 0.3319 -0.9433
vn -0.0000 0.1049 -0.9945
vn 0.8575 0.5094 0.0724
vn -0.0000 -0.9901 -0.1407
vn -0.8575 -0.5094 -0.0724
vn -0.8575 0.5094 0.0724
vn -0.0000 -0.9971 0.0764
vn 0.8562 -0.5148 0.0447
vn -0.4484 -0.8734 -0.1901
vn 0.7033 -0.0000 0.7109
vn -0.7029 -0.0000 -0.7113
vn -0.7029 -0.0000 -0.7112
vn 0.4497 0.8734 0.1869
vn 0.1867 0.8733 0.4501
vn 0.4484 -0.8734 0.1900
vn -0.4497 0.8734 -0.1870
vn -0.1866 0.8733 -0.4501
vn 0.0682 0.5000 0.8633
vn 0.0394 -0.8660 0.4985
vn -0.0747 -0.3184 -0.9450
vn -0.0748 -0.3184 -0.9450
vn 0.0783 -0.1206 0.9896
vn 0.0029 0.5409 -0.8411
vn 0.0017 0.3319 -0.9433
vn 0.0027 0.9674 -0.2533
vn 0.0035 0.9365 -0.3508
vn 0.0018 0.9970 -0.0771
vn 0.5551 0.7753 0.3012
vn 0.5814 0.6509 0.4881
vn 0.6032 0.5769 0.5508
vn 0.5512 0.7699 0.3216
vn 0.5784 0.8079 0.1129
vn 0.5775 0.8066 0.1258
vn -0.8329 0.5169 0.1976
vn -0.8475 0.5259 0.0719
vn -0.8467 0.5254 0.0844
vn -0.8291 0.5145 0.2190
vn -0.7956 0.4937 0.3510
vn -0.7558 0.4690 0.4570
vn 0.0005 -0.0911 0.9958
vn -0.6269 -0.0582 0.7769
vn -0.6268 -0.0582 0.7770
vn 0.6252 0.4504 0.6374
vn 0.6251 0.4504 0.6374
vn 0.0001 -0.3263 0.9453
vn -0.0001 0.0611 0.9981
vn 0.0421 -0.0636 0.9971
vn 0.0006 -0.1048 0.9945
vn 0.0405 -0.1449 0.9886
vn 0.0001 0.0609 0.9981
vn 0.1202 0.0216 0.9925
vn 0.1221 -0.2192 0.9680
vn -0.8625 -0.0291 0.5052
vn -0.8300 -0.0074 0.5577
vn 0.2248 0.9424 -0.2476
vn -0.2247 0.9424 -0.2476
vn -0.8228 -0.0678 0.5643
vn -0.8562 -0.0000 0.5167
vn -0.8733 0.4716 -0.1225
vn -0.8733 0.4723 -0.1194
vn -0.8736 0.2473 -0.4192
vn -0.8734 0.2505 -0.4177
vn 0.8734 -0.1209 -0.4717
vn 0.8734 0.2476 -0.4194
vn 0.8734 0.2504 -0.4177
vn 0.8734 -0.1241 -0.4709
vn 0.8733 -0.4724 0.1194
vn 0.8734 -0.2475 0.4194
vn -0.8733 -0.4723 0.1194
vn -0.8734 -0.2475 0.4193
vn 0.8733 0.4724 -0.1193
vn 0.8733 0.4716 -0.1224
vn -0.8734 -0.1242 -0.4709
vn -0.8734 -0.1210 -0.4717
vn -0.8733 -0.4188 -0.2490
vn -0.8733 -0.4204 -0.2463
vn 0.8731 0.4189 0.2493
vn -0.8733 0.4188 0.2491
vn 0.8733 -0.4204 -0.2462
vn 0.8733 -0.4188 -0.2489
vn 0.0004 0.1049 -0.9945
vn 0.0009 0.3319 -0.9433
vn -0.8562 -0.5148 0.0447
vn 0.4484 -0.8734 -0.1901
vn -0.7033 -0.0000 0.7109
vn 0.7029 -0.0000 -0.7112
vn 0.7029 -0.0000 -0.7113
vn -0.1867 0.8733 0.4501
vn -0.4497 0.8734 0.1869
vn -0.4484 -0.8734 0.1900
vn 0.1866 0.8733 -0.4501
vn 0.4497 0.8734 -0.1870
vn 0.0682 -0.5000 -0.8633
vn -0.0393 -0.8660 0.4984
vn 0.0682 0.5000 -0.8633
vn 0.0748 -0.3184 -0.9450
vn 0.0747 -0.3184 -0.9450
vn -0.0783 -0.1206 0.9896
vn 0.0001 0.0608 -0.9982
vn -0.0003 -0.1051 -0.9945
vn -0.0004 -0.1050 -0.9945
vn 0.0002 0.0607 -0.9982
vn -0.0000 -0.3263 -0.9453
vn -0.0000 -0.5309 -0.8474
vn -0.0000 -0.9391 -0.3436
vn -0.0000 -0.9685 -0.2492
vn -0.0000 -1.0000 -0.0046
vn -0.0001 -0.1053 -0.9944
vn 0.0001 0.0607 -0.9982
vn 0.0001 -0.1046 -0.9945
vn -0.0000 0.0606 -0.9982
vn -0.0000 0.0602 -0.9982
vn -0.0000 -0.1049 -0.9945
vn -0.0000 -0.1050 -0.9945
vn -0.0000 -0.1051 -0.9945
vn 0.0001 0.2247 -0.9744
vn 0.0001 0.2245 -0.9745
vn -0.0000 -0.9941 -0.1081
vn -0.0000 -0.9357 -0.3527
vn -0.0000 -0.9624 -0.2715
vn -0.0000 -0.9625 -0.2715
vn -0.0000 -0.9897 0.1433
vn -0.0000 0.9426 -0.3340
vn 0.1371 0.9337 -0.3309
vn -0.1371 0.9337 -0.3309
vn -0.0005 -0.1053 -0.9944
vn -0.0006 -0.1054 -0.9944
vn -0.0003 -0.1053 -0.9944
vn -0.0002 -0.1054 -0.9944
vn -0.0003 -0.1054 -0.9944
vn -0.0001 -0.1054 -0.9944
vn -0.0000 -0.1054 -0.9944
vn 0.0004 -0.1050 -0.9945
vn 0.0004 -0.1052 -0.9944
vn -0.0002 0.0607 -0.9982
vn -0.0000 -0.5308 -0.8475
vn 0.0003 -0.1051 -0.9945
vn 0.0001 -0.1053 -0.9944
vn -0.0001 -0.1049 -0.9945
vn -0.0001 0.0606 -0.9982
vn -0.0001 -0.1046 -0.9945
vn -0.0000 -0.3264 -0.9452
vn -0.0003 -0.1046 -0.9945
vn -0.0001 0.2250 -0.9744
vn -0.0001 0.2245 -0.9745
vn 0.0003 -0.1054 -0.9944
vn 0.0003 -0.1053 -0.9944
vn 0.0006 -0.1053 -0.9944
vn 0.0002 -0.1054 -0.9944
vn 0.0001 -0.1054 -0.9944
vn -0.0001 0.0606 0.9982
vn 0.0001 0.0606 0.9982
vn -0.0004 -0.1050 0.9945
vn -0.0000 -0.5309 0.8474
vn -0.0000 -0.3263 0.9453
vn -0.0000 -0.9391 0.3436
vn -0.0000 -0.9685 0.2492
vn -0.0000 -1.0000 0.0046
vn -0.0001 -0.1053 0.9944
vn -0.0005 -0.1049 0.9945
vn -0.0003 -0.1051 0.9945
vn -0.0000 0.0602 0.9982
vn 0.0001 -0.1046 0.9945
vn -0.0000 -0.1049 0.9945
vn 0.0001 -0.1049 0.9945
vn 0.0001 0.0610 0.9981
vn -0.0000 -0.1050 0.9945
vn 0.0001 0.2247 0.9744
vn -0.0000 -0.9357 0.3527
vn -0.0000 -0.9624 0.2715
vn -0.0000 -0.9941 0.1081
vn -0.0000 -0.9625 0.2715
vn -0.0000 -0.9897 -0.1433
vn -0.0002 -0.9897 -0.1432
vn 0.1371 0.9337 0.3309
vn -0.0000 0.9426 0.3340
vn -0.1371 0.9337 0.3309
vn -0.0004 -0.1053 0.9944
vn -0.0006 -0.1054 0.9944
vn -0.0003 -0.1053 0.9944
vn 0.0001 -0.1053 0.9944
vn -0.0006 -0.1053 0.9944
vn -0.0003 -0.1054 0.9944
vn -0.0002 -0.1054 0.9944
vn -0.0001 -0.1054 0.9944
vn 0.0004 -0.1052 0.9944
vn -0.0002 0.0607 0.9982
vn 0.0004 -0.1050 0.9945
vn -0.0000 -0.5308 0.8475
vn 0.0005 -0.1049 0.9945
vn -0.0000 -0.3264 0.9452
vn -0.0001 -0.1046 0.9945
vn -0.0001 0.0607 0.9982
vn -0.0004 -0.1046 0.9945
vn -0.0000 -0.1054 0.9944
vn -0.0000 0.0606 0.9982
vn -0.0001 0.2245 0.9745
vn -0.0001 -0.9897 -0.1433
vn 0.0003 -0.1054 0.9944
vn 0.0003 -0.1053 0.9944
vn 0.0007 -0.1053 0.9944
vn 0.0005 -0.1053 0.9944
vn 0.0002 -0.1054 0.9944
vn 0.0001 -0.1054 0.9944
vt 0.830983 0.218442
vt 0.826759 0.223690
vt 0.830983 0.227096
vt 0.636427 0.059071
vt 0.643145 0.048211
vt 0.636307 0.048393
vt 0.911061 0.620807
vt 0.917266 0.626149
vt 0.917266 0.610292
vt 0.503965 0.078719
vt 0.461352 0.079733
vt 0.460215 0.387445
vt 0.503965 0.386466
vt 0.000000 0.380924
vt 0.053884 0.380926
vt 0.054025 0.072946
vt 0.000978 0.072944
vt 0.136612 0.380926
vt 0.136635 0.072946
vt 0.883262 0.295867
vt 0.874485 0.299768
vt 0.836174 0.389462
vt 0.845839 0.391335
vt 0.503965 0.307194
vt 0.503968 0.387445
vt 0.519128 0.387302
vt 0.519126 0.307051
vt 0.503966 0.221758
vt 0.519126 0.221615
vt 0.503968 0.181084
vt 0.519128 0.180941
vt 0.828473 0.485547
vt 0.846179 0.573244
vt 0.855594 0.567792
vt 0.837888 0.480095
vt 0.988539 0.285842
vt 0.977870 0.285954
vt 0.977870 0.609044
vt 0.988539 0.608933
vt 0.968264 0.146672
vt 0.952592 0.131501
vt 0.952592 0.454651
vt 0.968264 0.454653
vt 0.847497 0.479033
vt 0.864751 0.564489
vt 0.986319 0.913038
vt 0.986319 0.873791
vt 0.979585 0.873791
vt 0.979585 0.913038
vt 0.865070 0.305221
vt 0.826759 0.394914
vt 0.986319 0.789636
vt 0.986319 0.710539
vt 0.979585 0.710539
vt 0.979585 0.789636
vt 0.587086 0.089011
vt 0.587086 0.011161
vt 0.580363 0.011407
vt 0.580363 0.089258
vt 0.968274 0.285946
vt 0.968264 0.609030
vt 0.643145 0.038608
vt 0.636308 0.038790
vt 0.932314 0.140370
vt 0.943421 0.226942
vt 0.950742 0.234989
vt 0.950742 0.137424
vt 0.993964 0.285889
vt 0.988545 0.285894
vt 0.988539 0.609044
vt 0.993964 0.609039
vt 0.519284 1.000000
vt 0.571489 0.999927
vt 0.571489 0.961866
vt 0.557408 0.961886
vt 0.842127 0.609044
vt 0.519291 0.609483
vt 0.557414 0.647493
vt 0.842127 0.647102
vt 0.571422 0.951500
vt 0.567839 0.951505
vt 0.567844 0.658074
vt 0.842059 0.657696
vt 0.195120 0.227023
vt 0.251607 0.225665
vt 0.246533 0.089749
vt 0.189945 0.088383
vt 0.079963 0.826910
vt 0.083638 0.759423
vt 0.010289 0.759434
vt 0.005145 0.808107
vt 0.986319 0.725533
vt 0.986319 0.872731
vt 0.992429 0.875067
vt 0.992429 0.736150
vt 0.263746 0.378580
vt 0.263746 0.234301
vt 0.257634 0.244763
vt 0.257634 0.380926
vt 0.251607 0.079551
vt 0.184081 0.078385
vt 0.951903 0.610046
vt 0.951903 0.640399
vt 0.959392 0.647705
vt 0.959392 0.609783
vt 0.872453 0.627370
vt 0.872453 0.668954
vt 0.879653 0.676324
vt 0.879653 0.619778
vt 0.898835 0.630979
vt 0.902416 0.622314
vt 0.899258 0.619150
vt 0.894369 0.630980
vt 0.911061 0.618724
vt 0.911061 0.614249
vt 0.911061 0.643230
vt 0.902416 0.639642
vt 0.899258 0.642807
vt 0.911061 0.647705
vt 0.303761 0.022688
vt 0.295057 0.022688
vt 0.295057 0.064294
vt 0.303761 0.064294
vt 0.295057 0.022688
vt 0.286319 0.022688
vt 0.286319 0.064294
vt 0.295057 0.064294
vt 0.739549 0.052008
vt 0.730875 0.052159
vt 0.730875 0.093727
vt 0.739549 0.093576
vt 0.722234 0.052004
vt 0.722234 0.093573
vt 0.879653 0.676324
vt 0.891407 0.676323
vt 0.891407 0.623298
vt 0.879653 0.623299
vt 0.883262 0.270469
vt 0.895234 0.270555
vt 0.895234 0.217540
vt 0.883262 0.217453
vt 0.906888 0.270454
vt 0.906888 0.217438
vt 0.906888 0.270555
vt 0.918591 0.270555
vt 0.918591 0.217530
vt 0.906888 0.217530
vt 0.257634 0.380739
vt 0.257634 0.227023
vt 0.184081 0.227210
vt 0.184081 0.380926
vt 0.941369 1.000000
vt 0.951470 0.845283
vt 0.894369 0.845283
vt 0.905051 0.997944
vt 0.968264 0.132834
vt 0.968264 0.285827
vt 0.983856 0.285842
vt 0.983856 0.132850
vt 0.239545 0.004761
vt 0.239545 0.078385
vt 0.245252 0.072634
vt 0.245252 0.010512
vt 0.430547 0.028155
vt 0.430547 0.064294
vt 0.436293 0.058583
vt 0.436293 0.033866
vt 0.922976 0.610531
vt 0.922976 0.626149
vt 0.928684 0.626149
vt 0.928684 0.616282
vt 0.519192 0.180941
vt 0.519192 0.107318
vt 0.513481 0.113069
vt 0.513481 0.175191
vt 0.938339 0.627369
vt 0.938339 0.609468
vt 0.932593 0.609473
vt 0.932593 0.621653
vt 0.245252 0.021517
vt 0.245252 0.078385
vt 0.250998 0.072670
vt 0.250998 0.027232
vt 0.957564 0.607638
vt 0.968264 0.454653
vt 0.922625 0.454653
vt 0.932717 0.609044
vt 0.661150 0.212268
vt 0.661150 0.059495
vt 0.599133 0.059071
vt 0.599133 0.211844
vt 0.930071 0.136683
vt 0.935817 0.136683
vt 0.935817 0.117642
vt 0.930071 0.123353
vt 0.951655 0.454653
vt 0.951655 0.301294
vt 0.941797 0.301293
vt 0.941797 0.454652
vt 0.922976 0.610531
vt 0.917266 0.610531
vt 0.922976 0.620399
vt 0.741013 0.105217
vt 0.741053 0.094060
vt 0.661219 0.093727
vt 0.661180 0.104884
vt 0.978565 0.742973
vt 0.978565 0.663063
vt 0.974323 0.663063
vt 0.974312 0.742973
vt 0.740983 0.112992
vt 0.661150 0.112659
vt 0.661219 0.185429
vt 0.741053 0.185762
vt 0.987097 0.626077
vt 0.982567 0.625251
vt 0.979910 0.634324
vt 0.985578 0.633704
vt 0.894369 0.721486
vt 0.894538 0.742973
vt 0.974312 0.742347
vt 0.974143 0.720859
vt 0.661161 0.211935
vt 0.740994 0.212268
vt 0.453876 0.039918
vt 0.452293 0.061348
vt 0.459521 0.064294
vt 0.459521 0.037652
vt 0.626333 0.031996
vt 0.621431 0.038074
vt 0.620300 0.056250
vt 0.626333 0.059071
vt 0.615398 0.052990
vt 0.620300 0.059071
vt 0.620300 0.031990
vt 0.614267 0.034809
vt 0.974219 0.742974
vt 0.894370 0.742973
vt 0.894369 0.760471
vt 0.974218 0.760472
vt 0.452293 0.064294
vt 0.452293 0.037652
vt 0.445064 0.040600
vt 0.446647 0.062029
vt 0.894370 0.845281
vt 0.974219 0.845283
vt 0.974312 0.647705
vt 0.894538 0.648361
vt 0.504299 0.160955
vt 0.506956 0.170025
vt 0.511478 0.169199
vt 0.509959 0.161572
vt 0.595853 0.065675
vt 0.587086 0.065681
vt 0.587402 0.089258
vt 0.596168 0.089252
vt 0.251635 0.072179
vt 0.260406 0.072180
vt 0.260377 0.049327
vt 0.251607 0.049326
vt 0.260406 0.025455
vt 0.251635 0.025453
vt 0.167045 0.072942
vt 0.175816 0.072944
vt 0.175770 0.049982
vt 0.166999 0.049981
vt 0.175816 0.026196
vt 0.167045 0.026194
vt 0.445064 0.041366
vt 0.436293 0.041366
vt 0.436293 0.064294
vt 0.445064 0.064294
vt 0.430547 0.040482
vt 0.421776 0.040482
vt 0.421776 0.064294
vt 0.430547 0.064294
vt 0.596168 0.042471
vt 0.587402 0.042476
vt 0.679043 0.093727
vt 0.704345 0.093727
vt 0.698738 0.080359
vt 0.681669 0.087322
vt 0.722234 0.075821
vt 0.704925 0.068712
vt 0.722233 0.050499
vt 0.703788 0.058144
vt 0.704341 0.032593
vt 0.697125 0.049868
vt 0.679040 0.032593
vt 0.684520 0.046012
vt 0.661150 0.050499
vt 0.667532 0.053169
vt 0.883583 0.286168
vt 0.883583 0.598890
vt 0.912834 0.596342
vt 0.912834 0.286163
vt 0.922625 0.605615
vt 0.922625 0.276010
vt 0.982615 0.039111
vt 0.980989 0.034902
vt 0.968441 0.046530
vt 0.972658 0.048332
vt 0.955788 0.930485
vt 0.957695 0.984170
vt 0.961670 0.982349
vt 0.959880 0.931984
vt 0.609247 0.042796
vt 0.604260 0.042796
vt 0.604260 0.059071
vt 0.609247 0.059071
vt 0.513481 0.090091
vt 0.518468 0.090091
vt 0.518469 0.079090
vt 0.513482 0.079090
vt 0.968639 1.000000
vt 0.970247 0.995797
vt 0.953495 0.985967
vt 0.979625 0.030680
vt 0.964486 0.044715
vt 0.971630 0.991569
vt 0.970868 0.098697
vt 0.966533 0.100215
vt 0.979205 0.829211
vt 0.979426 0.772506
vt 0.974440 0.772497
vt 0.974219 0.829202
vt 0.175816 0.023015
vt 0.176156 0.072944
vt 0.181139 0.072939
vt 0.180799 0.023010
vt 0.962461 0.101720
vt 0.980145 0.108607
vt 0.978224 0.112711
vt 0.979426 0.845283
vt 0.974440 0.845274
vt 0.176156 0.012221
vt 0.181139 0.012216
vt 0.965579 0.913879
vt 0.951470 0.928962
vt 0.967483 0.917989
vt 0.976565 0.116802
vt 0.969161 0.922074
vt 0.999868 0.113487
vt 1.000000 0.109318
vt 0.513482 0.107318
vt 0.518469 0.107317
vt 0.652223 0.059071
vt 0.657210 0.059071
vt 0.657210 0.035850
vt 0.652223 0.035849
vt 0.519297 0.607731
vt 0.826759 0.609044
vt 0.826759 0.213484
vt 0.519284 0.212268
vt 0.999868 0.035579
vt 1.000000 0.031410
vt 1.000000 0.117642
vt 0.935817 0.137413
vt 0.940804 0.137414
vt 0.940804 0.117642
vt 0.989022 0.921362
vt 0.989136 0.917212
vt 0.989023 0.913038
vt 1.000000 0.039734
vt 0.609247 0.022506
vt 0.604260 0.022505
vt 0.989136 0.995119
vt 0.989022 0.990945
vt 0.989022 0.999269
vt 0.184081 0.380924
vt 0.184066 0.072944
vt 0.315668 0.387445
vt 0.315668 0.064295
vt 0.267009 0.064295
vt 0.267009 0.387445
vt 0.883262 0.609044
vt 0.920732 0.270555
vt 0.883583 0.270561
vt 0.959392 0.617635
vt 0.959392 0.647440
vt 0.966852 0.647705
vt 0.966852 0.610528
vt 0.986319 0.912966
vt 0.992429 0.913038
vt 0.865359 0.609044
vt 0.874774 0.603592
vt 0.883262 0.599040
vt 0.960412 0.872417
vt 0.956344 0.870438
vt 0.955607 0.887548
vt 0.959823 0.885990
vt 0.636307 0.029961
vt 0.631320 0.029961
vt 0.631320 0.059071
vt 0.636307 0.059071
vt 0.410312 0.049321
vt 0.405328 0.049271
vt 0.405642 0.064245
vt 0.410626 0.064294
vt 0.609247 0.032974
vt 0.614234 0.032968
vt 0.614267 0.022907
vt 0.609280 0.022912
vt 0.923510 0.279491
vt 0.927516 0.277578
vt 0.926779 0.260466
vt 0.922625 0.258842
vt 0.952355 0.868545
vt 0.951470 0.889192
vt 0.931568 0.275616
vt 0.930978 0.262043
vt 0.973496 0.913038
vt 0.976501 0.910169
vt 0.947675 0.237840
vt 0.944653 0.234989
vt 0.950742 0.240643
vt 0.979585 0.907384
vt 0.626333 0.059070
vt 0.631320 0.026637
vt 0.626333 0.026636
vt 0.979585 0.854690
vt 0.976719 0.851599
vt 0.945090 0.299440
vt 0.947893 0.296415
vt 0.973933 0.848593
vt 0.410626 0.019929
vt 0.405642 0.019879
vt 0.609280 0.059071
vt 0.614267 0.059066
vt 0.950742 0.293342
vt 0.104133 0.029734
vt 0.084015 0.029454
vt 0.084015 0.054148
vt 0.104133 0.054428
vt 0.084790 0.072664
vt 0.104909 0.072944
vt 0.125065 0.005630
vt 0.104909 0.005639
vt 0.104933 0.029970
vt 0.125089 0.029961
vt 0.104933 0.054606
vt 0.125089 0.054597
vt 0.125065 0.072935
vt 0.125328 0.072941
vt 0.145471 0.072944
vt 0.145232 0.048486
vt 0.125089 0.048482
vt 0.145471 0.023964
vt 0.125328 0.023961
vt 0.812514 0.117643
vt 0.832670 0.117643
vt 0.832655 0.099480
vt 0.812498 0.099480
vt 0.832649 0.074905
vt 0.812493 0.074905
vt 0.832655 0.050504
vt 0.812498 0.050504
vt 0.967032 0.610684
vt 0.966852 0.629218
vt 0.971799 0.629219
vt 0.971979 0.610685
vt 0.832670 0.032815
vt 0.812514 0.032815
vt 0.104909 0.005480
vt 0.084790 0.005200
vt 0.387808 0.050299
vt 0.387808 0.031635
vt 0.382867 0.031566
vt 0.382867 0.050231
vt 0.753716 0.130325
vt 0.741053 0.152284
vt 0.752592 0.155378
vt 0.762163 0.138781
vt 0.741053 0.177637
vt 0.752592 0.174541
vt 0.753716 0.199593
vt 0.762163 0.191136
vt 0.775649 0.212268
vt 0.778741 0.200716
vt 0.800974 0.212265
vt 0.797883 0.200714
vt 0.822907 0.199586
vt 0.814460 0.191130
vt 0.835570 0.177627
vt 0.824031 0.174533
vt 0.835570 0.152274
vt 0.824031 0.155370
vt 0.822907 0.130318
vt 0.814460 0.138775
vt 0.800974 0.117643
vt 0.797883 0.129195
vt 0.775649 0.117646
vt 0.778741 0.129197
vt 0.930071 0.152291
vt 0.917410 0.130331
vt 0.908965 0.138785
vt 0.918534 0.155383
vt 0.895481 0.117649
vt 0.892390 0.129199
vt 0.870160 0.117642
vt 0.873251 0.129194
vt 0.848231 0.130312
vt 0.856676 0.138771
vt 0.835570 0.152265
vt 0.847107 0.155363
vt 0.835570 0.177618
vt 0.847107 0.174526
vt 0.848231 0.199578
vt 0.856676 0.191124
vt 0.870160 0.212261
vt 0.873251 0.200710
vt 0.895481 0.212268
vt 0.892390 0.200716
vt 0.917410 0.199597
vt 0.908965 0.191139
vt 0.930071 0.177644
vt 0.918534 0.174546
vt 0.930071 0.212268
vt 0.924503 0.212323
vt 0.924503 0.232641
vt 0.930071 0.232586
vt 0.330260 0.043921
vt 0.324640 0.043999
vt 0.324640 0.064294
vt 0.330260 0.064216
vt 0.377927 0.013234
vt 0.377341 0.031566
vt 0.382281 0.031635
vt 0.382867 0.013303
vt 0.388394 0.013303
vt 0.383453 0.013234
vt 0.260410 0.058452
vt 0.260422 0.072180
vt 0.265371 0.072180
vt 0.265360 0.058452
vt 0.377341 0.050231
vt 0.382281 0.050299
vt 0.260422 0.008064
vt 0.260410 0.021434
vt 0.265360 0.021434
vt 0.265371 0.008064
vt 0.604080 0.040584
vt 0.604260 0.022050
vt 0.599313 0.022049
vt 0.599133 0.040583
vt 0.967032 0.647704
vt 0.971979 0.647705
vt 0.377927 0.064226
vt 0.382867 0.064294
vt 0.260406 0.039877
vt 0.265355 0.039877
vt 0.604260 0.059071
vt 0.599313 0.059070
vt 0.974330 0.612191
vt 0.974312 0.626052
vt 0.979262 0.626050
vt 0.979280 0.612189
vt 0.399464 0.064292
vt 0.399446 0.045902
vt 0.394497 0.045904
vt 0.394515 0.064294
vt 0.988822 0.187352
vt 0.988810 0.173624
vt 0.983860 0.173624
vt 0.983872 0.187352
vt 0.974312 0.644672
vt 0.979262 0.644670
vt 0.399446 0.027281
vt 0.394497 0.027283
vt 0.988806 0.155049
vt 0.983856 0.155050
vt 0.974330 0.663063
vt 0.979280 0.663061
vt 0.399464 0.013420
vt 0.394515 0.013422
vt 0.988810 0.136606
vt 0.983860 0.136606
vt 0.388394 0.064294
vt 0.383453 0.064226
vt 0.988822 0.123236
vt 0.983872 0.123236
vt 0.802921 0.108058
vt 0.812493 0.091461
vt 0.787539 0.084770
vt 0.784654 0.089772
vt 0.812493 0.072298
vt 0.787539 0.078994
vt 0.802921 0.055703
vt 0.784654 0.073993
vt 0.786344 0.046123
vt 0.779657 0.071105
vt 0.767202 0.046125
vt 0.773888 0.071106
vt 0.750624 0.055708
vt 0.768892 0.073994
vt 0.741053 0.072305
vt 0.766007 0.078996
vt 0.741053 0.091469
vt 0.766007 0.084772
vt 0.750624 0.108064
vt 0.768892 0.089774
vt 0.767202 0.117643
vt 0.773888 0.092661
vt 0.786344 0.117642
vt 0.779657 0.092661
vt 0.906997 0.072309
vt 0.897428 0.055711
vt 0.879164 0.073994
vt 0.882048 0.078996
vt 0.880853 0.046125
vt 0.874168 0.071104
vt 0.861714 0.046120
vt 0.868400 0.071103
vt 0.845140 0.055697
vt 0.863404 0.073989
vt 0.835570 0.072290
vt 0.860520 0.078990
vt 0.835570 0.091452
vt 0.860520 0.084766
vt 0.845140 0.108051
vt 0.863404 0.089768
vt 0.861714 0.117637
vt 0.868400 0.092658
vt 0.880853 0.117642
vt 0.874168 0.092659
vt 0.897428 0.108065
vt 0.879164 0.089773
vt 0.906997 0.091472
vt 0.882048 0.084772
vt 0.416208 0.064294
vt 0.421776 0.064239
vt 0.421776 0.043921
vt 0.416208 0.043976
vt 0.334472 0.043685
vt 0.334472 0.063981
vt 0.918922 0.212270
vt 0.918921 0.232588
vt 0.349793 0.043963
vt 0.345619 0.043955
vt 0.345619 0.064287
vt 0.349793 0.064294
vt 0.313594 0.043685
vt 0.307973 0.043763
vt 0.307973 0.064059
vt 0.313594 0.063981
vt 0.319117 0.043899
vt 0.319117 0.064195
vt 0.267009 0.064294
vt 0.271144 0.064291
vt 0.271144 0.043959
vt 0.267009 0.043962
vt 0.340011 0.043953
vt 0.340011 0.064285
vt 0.319117 0.043785
vt 0.319117 0.064081
vt 0.951903 0.627373
vt 0.947876 0.627370
vt 0.947876 0.647702
vt 0.951903 0.647705
vt 0.276737 0.064290
vt 0.276738 0.043958
vt 0.334472 0.043956
vt 0.334472 0.064288
vt 0.303761 0.043999
vt 0.303761 0.064294
vt 0.942322 0.627369
vt 0.942322 0.647700
vt 0.282292 0.064291
vt 0.282292 0.043959
vt 0.349793 0.064288
vt 0.355332 0.064285
vt 0.355332 0.043953
vt 0.349793 0.043956
vt 0.936728 0.627370
vt 0.936728 0.647702
vt 0.286319 0.064294
vt 0.286319 0.043963
vt 0.360940 0.064287
vt 0.360940 0.043955
vt 0.932593 0.627373
vt 0.932593 0.647705
vt 0.365114 0.064294
vt 0.365114 0.043963
vt 0.410626 0.064241
vt 0.410626 0.043923
vt 0.394213 0.043831
vt 0.388394 0.043819
vt 0.388678 0.064283
vt 0.394497 0.064294
vt 0.962461 0.048871
vt 0.906997 0.048871
vt 0.906997 0.054697
vt 0.962461 0.054697
vt 0.399506 0.064294
vt 0.405328 0.064293
vt 0.405286 0.042971
vt 0.399464 0.042972
vt 0.405328 0.022282
vt 0.399506 0.022283
vt 0.515690 0.015775
vt 0.460215 0.015775
vt 0.481340 0.078719
vt 0.508057 0.078719
vt 0.394497 0.022330
vt 0.388678 0.022318
vt 0.063011 0.072944
vt 0.084015 0.064241
vt 0.079476 0.064240
vt 0.063011 0.069209
vt 0.914633 0.117642
vt 0.941345 0.117642
vt 0.826759 0.290040
vt 0.882234 0.290040
vt 0.861109 0.227096
vt 0.834392 0.227096
vt 0.084015 0.008718
vt 0.063011 0.000013
vt 0.063011 0.003749
vt 0.079476 0.008718
vt 0.042007 0.008717
vt 0.046546 0.008717
vt 0.996965 0.850191
vt 0.992429 0.850134
vt 0.992429 0.912982
vt 0.996965 0.913038
vt 0.652223 0.032331
vt 0.647684 0.032331
vt 0.647684 0.059071
vt 0.042007 0.064239
vt 0.046546 0.064239
vt 0.647684 0.059071
vt 0.647684 0.032331
vt 0.643145 0.032331
vt 0.643145 0.059071
vt 0.239545 0.015440
vt 0.184081 0.015440
vt 0.191718 0.078385
vt 0.218429 0.078385
vt 0.995035 0.222995
vt 0.990499 0.222939
vt 0.990499 0.285786
vt 0.995035 0.285842
vt 0.988822 0.187328
vt 0.993353 0.187352
vt 0.993353 0.124191
vt 0.988822 0.124167
vt 0.989136 0.999976
vt 0.993667 1.000000
vt 0.993667 0.936839
vt 0.989136 0.936815
vt 0.826759 0.295867
vt 0.882234 0.295867
vt 0.842059 0.951127
vt 0.577168 0.874429
vt 0.571423 0.874437
vt 0.577167 0.951492
vt 0.842127 0.941420
vt 0.894369 0.676910
vt 0.842127 0.676324
vt 0.869174 0.941723
vt 0.842127 0.999415
vt 0.869174 0.947473
vt 0.842127 0.947170
vt 0.894369 1.000000
vt 0.460215 0.064294
vt 0.409383 0.128866
vt 0.409383 0.208776
vt 0.400624 0.064295
vt 0.400624 0.128866
vt 0.400624 0.387445
vt 0.460215 0.387445
vt 0.400624 0.208776
vt 0.396375 0.128866
vt 0.396375 0.208776
vt 0.543832 0.638363
vt 0.546325 0.642510
vt 0.538846 0.638370
vt 0.536353 0.642524
vt 0.519290 0.658298
vt 0.066403 0.934888
vt 0.224303 0.898282
vt 0.220153 0.895787
vt 0.228453 0.890795
vt 0.267009 0.999994
vt 0.267009 0.826881
vt 0.228453 0.895786
vt 0.144423 0.974852
vt 0.227835 1.000000
vt 0.064688 0.595920
vt 0.041157 0.467397
vt 0.070399 0.596484
vt 0.074752 0.443511
vt 0.227646 0.759401
vt 0.227646 0.429796
vt 0.265023 0.226903
vt 0.263651 0.198128
vt 0.251607 0.227023
vt 0.265023 0.072180
vt 0.261397 0.160034
vt 0.257318 0.150117
vt 0.252819 0.072980
vt 0.577234 0.961858
vt 0.583794 0.970610
vt 0.583794 0.961849
vt 0.583794 0.980040
vt 0.663628 0.961739
vt 0.842126 0.999551
vt 0.842127 0.961492
vt 0.663628 0.981110
vt 0.577234 0.999919
vt 0.663628 0.970499
vt 0.663628 0.979926
vt 0.583794 0.981193
vt 0.663612 0.959330
vt 0.583778 0.959441
vt 0.941797 0.299607
vt 0.934678 0.328333
vt 0.941797 0.454653
vt 0.922625 0.299440
vt 0.932429 0.366426
vt 0.928350 0.376344
vt 0.923854 0.453481
vt 0.989099 0.615096
vt 0.985036 0.616822
vt 0.984921 0.614334
vt 0.989099 0.708917
vt 0.979585 0.635433
vt 0.983237 0.710539
vt 0.989099 0.612536
vt 0.995743 0.710539
vt 0.995743 0.612085
vt 0.994481 0.706416
vt 0.990015 0.698140
vt 0.519284 0.114393
vt 0.599133 0.089258
vt 0.519284 0.089258
vt 0.558580 0.112933
vt 0.551246 0.114393
vt 0.599133 0.114393
vt 0.565913 0.114393
vt 0.990499 0.187352
vt 0.983856 0.285391
vt 0.990499 0.285842
vt 0.989238 0.191477
vt 0.984772 0.199756
vt 0.540110 0.122221
vt 0.540005 0.140762
vt 0.548389 0.150992
vt 0.558580 0.154000
vt 0.577049 0.122221
vt 0.599133 0.212268
vt 0.577154 0.140762
vt 0.568770 0.150992
vt 0.513481 0.180180
vt 0.509425 0.178452
vt 0.509313 0.180941
vt 0.503965 0.159815
vt 0.513481 0.086355
vt 0.507617 0.084734
vt 0.580363 0.046031
vt 0.562466 0.089258
vt 0.580358 0.071353
vt 0.562478 0.028126
vt 0.537169 0.089258
vt 0.537181 0.028126
vt 0.519284 0.071352
vt 0.519289 0.046031
vt 0.666043 0.073793
vt 0.661152 0.075822
vt 0.664603 0.066447
vt 0.670216 0.080007
vt 0.546324 0.720211
vt 0.543831 0.724365
vt 0.538845 0.724372
vt 0.536352 0.720225
vt 0.519289 0.707113
vt 0.543832 0.646664
vt 0.543831 0.716063
vt 0.538846 0.646671
vt 0.538845 0.716070
vt 0.133238 0.394107
vt 0.267009 0.380926
vt 0.218405 0.380934
vt 0.267009 0.426367
vt 0.073202 0.416128
vt 0.069072 0.442623
vt 0.854357 0.660165
vt 0.842674 0.669351
vt 0.842620 0.665222
vt 0.859090 0.648273
vt 0.854046 0.636510
vt 0.842179 0.631769
vt 0.842127 0.627775
vt 0.368695 0.043379
vt 0.377341 0.064294
vt 0.377341 0.039789
vt 0.365114 0.052043
vt 0.368695 0.060707
vt 0.224303 0.888300
vt 0.000000 0.856780
vt 0.220153 0.890796
vt 0.226857 0.826888
vt 0.519284 0.387445
vt 0.471899 1.000000
vt 0.519284 1.000000
vt 0.389538 0.987144
vt 0.336809 0.966887
vt 0.308797 0.924379
vt 0.267009 0.529116
vt 0.312392 0.454580
vt 0.393051 0.413266
vt 0.478681 0.387445
vt 0.924712 0.647705
vt 0.913946 0.644818
vt 0.918943 0.647705
vt 0.929708 0.644816
vt 0.911061 0.639816
vt 0.932593 0.639814
vt 0.911061 0.634040
vt 0.932593 0.634038
vt 0.913946 0.629038
vt 0.918943 0.626150
vt 0.929708 0.629037
vt 0.924712 0.626149
vt 0.164114 0.070058
vt 0.153351 0.072942
vt 0.159119 0.072944
vt 0.166999 0.065057
vt 0.148355 0.070053
vt 0.166999 0.059281
vt 0.145471 0.065051
vt 0.164114 0.054278
vt 0.145471 0.059275
vt 0.159119 0.051389
vt 0.148355 0.054274
vt 0.153351 0.051388
vt 0.042007 0.064238
vt 0.000000 0.064238
vt 0.021004 0.072944
vt 0.042007 0.008706
vt 0.000000 0.008706
vt 0.021004 0.000000
s 0
usemtl painted_garbage_container
f 1/1/1 2/2/1 3/3/1
s 1
f 4/4/2 5/5/3 6/6/4
f 7/7/5 8/8/6 9/9/7
s 0
f 10/1/1 11/3/1 12/2/1
s 1
f 13/4/8 14/6/9 15/5/10
f 16/7/11 17/9/12 18/8/13
s 0
f 19/1/1 20/3/1 21/2/1
s 1
f 22/4/14 23/6/15 24/5/16
f 25/7/17 26/9/18 27/8/19
s 0
f 28/1/1 29/2/1 30/3/1
s 1
f 31/4/20 32/5/21 33/6/22
f 34/7/23 35/8/24 36/9/25
f 37/10/26 38/11/27 39/12/28
f 37/10/26 39/12/28 40/13/29
f 41/14/30 42/15/31 43/16/32
f 41/14/30 43/16/32 44/17/33
f 42/15/31 45/18/34 46/19/35
f 42/15/31 46/19/35 43/16/32
s 0
f 47/20/36 48/21/36 49/22/36
f 47/20/36 49/22/36 50/23/36
s 1
f 51/24/37 52/25/38 53/26/39
f 51/24/37 53/26/39 54/27/40
f 55/28/41 51/24/37 54/27/40
f 55/28/41 54/27/40 56/29/42
f 57/30/43 55/28/41 56/29/42
f 57/30/43 56/29/42 58/31/43
f 59/32/44 60/33/45 61/34/46
f 59/32/44 61/34/46 62/35/47
s 0
f 63/36/48 64/37/48 65/38/48
f 63/36/48 65/38/48 66/39/48
f 67/40/49 68/41/49 69/42/49
f 67/40/49 69/42/49 70/43/49
f 49/22/36 71/35/36 72/44/36
f 49/22/36 72/44/36 50/23/36
f 71/35/36 73/34/36 74/45/36
f 71/35/36 74/45/36 72/44/36
s 1
f 75/46/1 76/47/50 77/48/50
f 75/46/1 77/48/50 78/49/1
f 79/50/2 80/51/51 81/22/52
f 79/50/2 81/22/52 82/21/3
f 83/52/53 84/53/54 85/54/54
f 83/52/53 85/54/54 86/55/53
f 76/47/50 83/52/53 86/55/53
f 76/47/50 86/55/53 77/48/50
f 87/56/55 88/57/56 89/58/56
f 87/56/55 89/58/56 90/59/55
f 91/37/57 92/60/57 93/61/58
f 91/37/57 93/61/58 94/38/58
f 80/51/51 59/32/44 62/35/47
f 80/51/51 62/35/47 81/22/52
f 5/5/3 95/62/59 96/63/60
f 5/5/3 96/63/60 6/6/4
f 97/64/61 98/65/39 99/66/38
f 97/64/61 99/66/38 100/67/62
s 0
f 101/68/1 102/69/1 103/70/1
f 101/68/1 103/70/1 104/71/1
s 1
f 105/72/63 106/73/64 107/74/65
f 105/72/63 107/74/65 108/75/66
f 109/76/67 110/77/68 111/78/69
f 109/76/67 111/78/69 112/79/70
f 108/75/66 107/74/65 113/80/71
f 108/75/66 113/80/71 114/81/72
f 112/79/70 111/78/69 115/82/73
f 112/79/70 115/82/73 116/83/74
f 111/78/69 108/75/66 114/81/72
f 111/78/69 114/81/72 115/82/73
s 0
f 117/84/36 118/85/36 119/86/36
f 117/84/36 119/86/36 120/87/36
f 121/88/36 122/89/36 123/90/36
f 121/88/36 123/90/36 124/91/36
s 1
f 125/92/75 126/93/75 127/94/76
f 125/92/75 127/94/76 128/95/75
s 0
f 129/96/77 130/97/77 131/98/77
f 129/96/77 131/98/77 132/99/77
s 1
f 133/100/78 134/101/78 135/87/78
f 133/100/78 135/87/78 136/86/78
f 137/102/79 138/103/79 139/104/76
f 137/102/79 139/104/76 140/105/80
s 0
f 141/106/81 142/107/81 143/108/81
f 141/106/81 143/108/81 144/109/81
f 145/110/36 146/111/36 147/112/36
f 145/110/36 147/112/36 148/113/36
f 146/111/36 149/114/36 150/115/36
f 146/111/36 150/115/36 147/112/36
f 151/116/36 152/117/36 153/118/36
f 151/116/36 153/118/36 154/119/36
f 152/117/36 145/110/36 148/113/36
f 152/117/36 148/113/36 153/118/36
f 155/120/82 156/121/82 157/122/82
f 155/120/82 157/122/82 158/123/82
f 159/124/83 160/125/83 161/126/83
f 159/124/83 161/126/83 162/127/83
f 163/128/84 164/129/84 165/130/84
f 163/128/84 165/130/84 166/131/84
f 167/129/85 168/132/85 169/133/85
f 167/129/85 169/133/85 170/130/85
f 171/134/86 172/135/86 173/136/86
f 171/134/86 173/136/86 174/137/86
f 175/138/87 176/139/87 177/140/87
f 175/138/87 177/140/87 178/141/87
f 179/139/88 180/142/88 181/143/88
f 179/139/88 181/143/88 182/140/88
f 183/144/89 184/145/89 185/146/89
f 183/144/89 185/146/89 186/147/89
f 187/148/90 188/149/90 189/150/90
f 187/148/90 189/150/90 190/151/90
f 191/152/36 192/153/36 193/154/36
f 191/152/36 193/154/36 194/155/36
f 195/156/91 196/157/91 197/158/91
f 195/156/91 197/158/91 198/159/91
f 199/160/92 200/161/92 201/162/92
f 199/160/92 201/162/92 202/163/92
f 203/164/92 204/165/92 205/166/92
f 203/164/92 205/166/92 206/167/92
f 207/168/92 208/169/92 209/170/92
f 207/168/92 209/170/92 210/171/92
f 211/172/93 212/173/93 213/174/93
f 211/172/93 213/174/93 214/175/93
f 215/176/93 216/177/93 217/178/93
f 215/176/93 217/178/93 218/179/93
f 219/180/93 220/181/93 221/182/93
f 219/180/93 221/182/93 222/183/93
f 223/184/94 224/185/94 225/186/94
f 223/184/94 225/186/94 226/187/94
f 227/188/95 228/189/95 229/190/95
f 227/188/95 229/190/95 230/191/95
f 231/192/92 232/193/92 233/194/92
f 231/192/92 233/194/92 234/195/92
f 235/196/96 236/197/96 237/198/96
f 235/196/96 237/198/96 238/199/96
f 239/200/93 240/201/93 241/8/93
f 239/200/93 241/8/93 242/202/93
s 1
f 243/203/97 244/204/98 245/205/98
f 243/203/97 245/205/98 246/206/97
s 0
f 247/207/99 248/208/99 249/209/99
f 247/207/99 249/209/99 250/210/99
s 1
f 251/211/100 252/212/100 253/213/101
f 251/211/100 253/213/101 254/214/101
s 0
f 255/215/36 256/216/36 257/217/36
f 255/215/36 257/217/36 258/218/36
s 1
f 243/203/97 246/206/97 252/212/100
f 243/203/97 252/212/100 251/211/100
f 259/219/102 260/220/103 261/221/103
f 259/219/102 261/221/103 262/222/102
f 253/213/101 263/223/104 264/224/104
f 253/213/101 264/224/104 254/214/101
s 0
f 265/225/36 266/226/36 267/227/36
f 265/225/36 267/227/36 268/228/36
f 269/229/36 270/230/36 271/231/36
f 269/229/36 271/231/36 272/232/36
f 273/233/94 274/234/94 275/235/94
f 273/233/94 275/235/94 276/236/94
s 1
f 277/237/105 278/238/105 279/239/106
f 277/237/105 279/239/106 280/240/106
s 0
f 281/241/94 282/242/94 283/243/94
f 281/241/94 283/243/94 284/244/94
s 1
f 280/240/106 279/239/106 285/245/107
f 280/240/106 285/245/107 286/246/107
f 287/247/108 288/248/108 259/219/102
f 287/247/108 259/219/102 262/222/102
s 0
f 289/249/94 290/250/94 291/251/94
f 289/249/94 291/251/94 292/252/94
f 293/253/109 294/254/109 295/255/109
f 293/253/109 295/255/109 296/256/109
f 297/257/110 298/258/110 299/259/110
f 297/257/110 299/259/110 300/260/110
f 301/260/111 302/259/111 303/261/111
f 301/260/111 303/261/111 304/262/111
f 305/263/112 306/264/112 307/265/112
f 305/263/112 307/265/112 308/266/112
f 309/266/113 310/265/113 311/267/113
f 309/266/113 311/267/113 312/268/113
f 313/269/114 314/270/114 315/271/114
f 313/269/114 315/271/114 316/272/114
f 317/273/115 318/274/115 319/275/115
f 317/273/115 319/275/115 320/276/115
f 321/277/116 322/278/116 323/254/116
f 321/277/116 323/254/116 324/253/116
s 1
f 325/279/117 326/280/118 327/281/119
f 325/279/117 327/281/119 328/282/120
f 326/280/118 329/283/121 330/284/122
f 326/280/118 330/284/122 327/281/119
f 329/283/121 331/285/123 332/286/123
f 329/283/121 332/286/123 330/284/122
f 331/285/123 333/287/124 334/288/125
f 331/285/123 334/288/125 332/286/123
f 333/287/124 335/289/126 336/290/127
f 333/287/124 336/290/127 334/288/125
f 335/289/126 337/291/128 338/292/129
f 335/289/126 338/292/129 336/290/127
s 0
f 339/293/36 340/294/36 341/295/36
f 339/293/36 341/295/36 342/296/36
s 1
f 343/296/130 344/295/131 345/297/131
f 343/296/130 345/297/131 346/298/5
f 347/299/132 348/300/133 349/301/134
f 347/299/132 349/301/134 350/302/135
f 351/303/136 352/304/137 353/305/138
f 351/303/136 353/305/138 354/306/139
s 0
f 355/307/140 356/308/140 357/309/140
f 355/307/140 357/309/140 358/310/140
f 359/311/141 360/312/141 361/313/141
f 359/311/141 361/313/141 362/314/141
s 1
f 363/315/142 364/316/143 365/304/144
f 363/315/142 365/304/144 366/317/145
f 367/300/146 368/318/147 369/319/148
f 367/300/146 369/319/148 370/301/149
f 371/316/150 372/320/151 353/305/138
f 371/316/150 353/305/138 352/304/137
f 373/321/152 350/302/135 349/301/134
f 373/321/152 349/301/134 374/322/153
f 375/323/154 376/324/154 377/325/154
f 375/323/154 377/325/154 378/326/154
s 0
f 379/327/155 380/328/155 381/329/155
f 379/327/155 381/329/155 382/330/155
s 1
f 383/322/156 370/301/149 369/319/148
f 383/322/156 369/319/148 384/331/157
f 385/332/158 373/321/152 374/322/153
f 385/332/158 374/322/153 386/333/159
s 0
f 387/334/160 388/323/160 389/326/160
f 387/334/160 389/326/160 390/335/160
f 391/336/161 392/327/161 393/330/161
f 391/336/161 393/330/161 394/337/161
s 1
f 395/338/162 396/339/163 397/303/164
f 395/338/162 397/303/164 398/340/165
f 399/333/166 383/322/156 384/331/157
f 399/333/166 384/331/157 400/341/167
f 401/340/168 351/303/136 354/306/139
f 401/340/168 354/306/139 402/342/169
f 396/339/163 366/317/145 365/304/144
f 396/339/163 365/304/144 397/303/164
f 403/343/170 404/344/170 385/332/158
f 403/343/170 385/332/158 386/333/159
s 0
f 405/345/171 406/346/171 407/312/171
f 405/345/171 407/312/171 408/311/171
f 409/347/171 410/348/171 411/349/171
f 409/347/171 411/349/171 412/350/171
s 1
f 413/351/172 414/352/173 415/353/28
f 413/351/172 415/353/28 416/354/174
f 417/355/170 418/356/170 368/318/147
f 417/355/170 368/318/147 367/300/146
f 419/357/175 420/343/175 399/333/166
f 419/357/175 399/333/166 400/341/167
s 0
f 421/358/176 422/359/176 423/360/176
f 421/358/176 423/360/176 424/194/176
s 1
f 425/361/177 426/362/177 401/340/168
f 425/361/177 401/340/168 402/342/169
f 427/362/178 428/363/178 395/338/162
f 427/362/178 395/338/162 398/340/165
f 429/364/175 430/355/175 348/300/133
f 429/364/175 348/300/133 347/299/132
s 0
f 431/365/176 432/366/176 433/308/176
f 431/365/176 433/308/176 434/307/176
s 1
f 435/367/178 436/368/178 372/320/151
f 435/367/178 372/320/151 371/316/150
f 437/369/177 438/367/177 364/316/143
f 437/369/177 364/316/143 363/315/142
f 45/18/34 439/370/99 440/371/179
f 45/18/34 440/371/179 46/19/35
f 441/372/180 442/373/180 443/374/1
f 441/372/180 443/374/1 444/375/1
f 445/295/181 446/294/182 447/376/182
f 445/295/181 447/376/182 448/297/181
s 0
f 449/377/36 450/378/36 339/293/36
f 449/377/36 339/293/36 342/296/36
f 451/379/183 452/380/183 453/381/183
f 451/379/183 453/381/183 454/382/183
s 1
f 126/93/75 455/383/75 456/384/80
f 126/93/75 456/384/80 127/94/76
f 60/33/45 457/385/184 458/386/184
f 60/33/45 458/386/184 61/34/46
s 0
f 73/34/36 459/386/36 460/387/36
f 73/34/36 460/387/36 74/45/36
s 1
f 461/388/185 462/389/186 463/390/187
f 461/388/185 463/390/187 464/391/188
f 465/392/189 466/393/189 467/394/94
f 465/392/189 467/394/94 468/395/94
s 0
f 469/396/190 470/397/190 471/398/190
f 469/396/190 471/398/190 472/399/190
f 473/400/191 474/401/191 475/402/191
f 473/400/192 475/402/192 476/403/192
s 1
f 477/404/193 478/405/194 479/406/195
f 477/404/193 479/406/195 480/407/196
f 481/389/197 482/408/198 483/409/199
f 481/389/197 483/409/199 484/390/200
f 485/405/201 486/410/202 487/411/203
f 485/405/201 487/411/203 488/406/204
f 484/390/200 483/409/199 489/412/205
f 484/390/200 489/412/205 490/413/206
f 480/407/196 479/406/195 491/414/207
f 480/407/196 491/414/207 492/415/207
f 488/406/204 487/411/203 493/416/208
f 488/406/204 493/416/208 494/414/208
f 464/391/188 463/390/187 495/413/209
f 464/391/188 495/413/209 496/417/209
f 497/418/210 498/394/210 499/419/36
f 497/418/210 499/419/36 500/420/36
f 501/421/211 502/422/211 462/389/186
f 501/421/211 462/389/186 461/388/185
f 503/423/212 504/424/212 478/405/194
f 503/423/212 478/405/194 477/404/193
f 505/422/213 506/425/213 482/408/198
f 505/422/213 482/408/198 481/389/197
s 0
f 507/426/214 508/427/214 509/397/214
f 507/426/214 509/397/214 510/396/214
f 511/428/215 512/429/215 513/401/215
f 511/428/215 513/401/215 514/400/215
s 1
f 515/424/216 516/430/216 486/410/202
f 515/424/216 486/410/202 485/405/201
f 517/431/217 518/432/217 519/433/218
f 517/431/217 519/433/218 520/434/218
f 520/434/218 519/433/218 521/435/219
f 520/434/218 521/435/219 522/436/219
f 523/437/220 524/438/220 525/439/1
f 523/437/220 525/439/1 526/440/1
f 526/440/1 525/439/1 527/441/221
f 526/440/1 527/441/221 528/442/221
s 0
f 529/442/222 530/441/222 531/436/222
f 529/442/222 531/436/222 532/443/222
s 1
f 533/444/223 534/445/223 535/446/224
f 533/444/223 535/446/224 536/447/224
f 536/447/224 535/446/224 537/448/225
f 536/447/224 537/448/225 538/449/225
f 539/450/225 540/451/225 541/452/226
f 539/450/225 541/452/226 542/453/226
f 542/453/226 541/452/226 543/454/227
f 542/453/226 543/454/227 544/455/227
s 0
f 545/455/228 546/454/228 547/456/228
f 545/455/228 547/456/228 548/457/228
s 1
f 549/458/225 550/459/229 551/460/229
f 549/458/225 551/460/229 552/461/225
f 553/457/230 554/456/230 555/462/231
f 553/457/230 555/462/231 556/463/231
f 557/464/231 558/465/231 559/432/232
f 557/464/231 559/432/232 560/431/232
f 561/466/217 562/467/233 563/468/233
f 561/466/217 563/468/233 564/469/217
s 0
f 565/470/234 566/471/234 567/472/234
f 565/470/234 567/472/234 568/473/234
f 566/471/234 569/474/234 570/475/234
f 566/471/234 570/475/234 567/472/234
f 569/474/234 571/476/234 572/477/234
f 569/474/234 572/477/234 570/475/234
f 571/476/234 573/478/234 574/479/234
f 571/476/234 574/479/234 572/477/234
f 573/478/234 575/480/234 576/481/234
f 573/478/234 576/481/234 574/479/234
f 575/480/234 577/482/234 578/483/234
f 575/480/234 578/483/234 576/481/234
f 577/482/234 579/484/234 580/485/234
f 577/482/234 580/485/234 578/483/234
f 579/484/234 581/486/234 582/487/234
f 579/484/234 582/487/234 580/485/234
f 581/486/234 583/488/234 584/489/234
f 581/486/234 584/489/234 582/487/234
f 583/488/234 585/490/234 586/491/234
f 583/488/234 586/491/234 584/489/234
f 585/490/234 587/492/234 588/493/234
f 585/490/234 588/493/234 586/491/234
f 587/492/234 565/470/234 568/473/234
f 587/492/234 568/473/234 588/493/234
f 589/494/235 590/495/235 591/496/235
f 589/494/235 591/496/235 592/497/235
f 590/495/235 593/498/235 594/499/235
f 590/495/235 594/499/235 591/496/235
f 593/498/235 595/500/235 596/501/235
f 593/498/235 596/501/235 594/499/235
f 595/500/235 597/502/235 598/503/235
f 595/500/235 598/503/235 596/501/235
f 597/502/235 599/504/235 600/505/235
f 597/502/235 600/505/235 598/503/235
f 599/504/235 601/506/235 602/507/235
f 599/504/235 602/507/235 600/505/235
f 601/506/235 603/508/235 604/509/235
f 601/506/235 604/509/235 602/507/235
f 603/508/235 605/510/235 606/511/235
f 603/508/235 606/511/235 604/509/235
f 605/510/235 607/512/235 608/513/235
f 605/510/235 608/513/235 606/511/235
f 607/512/235 609/514/235 610/515/235
f 607/512/235 610/515/235 608/513/235
f 609/514/235 611/516/235 612/517/235
f 609/514/235 612/517/235 610/515/235
f 611/516/235 589/494/235 592/497/235
f 611/516/235 592/497/235 612/517/235
s 1
f 613/518/223 614/519/224 615/520/224
f 613/518/223 615/520/224 616/521/223
f 617/522/217 618/523/233 619/524/233
f 617/522/217 619/524/233 620/525/217
f 621/526/231 622/527/232 623/528/232
f 621/526/231 623/528/232 624/529/231
f 562/467/233 625/530/232 626/531/232
f 562/467/233 626/531/232 563/468/233
f 627/532/236 628/533/225 629/534/225
f 627/532/236 629/534/225 630/535/236
f 631/527/217 632/536/218 633/537/218
f 631/527/217 633/537/218 634/528/217
s 0
f 635/538/230 636/539/230 637/540/230
f 635/538/230 637/540/230 638/541/230
f 639/542/229 640/543/229 641/544/229
f 639/542/229 641/544/229 642/545/229
s 1
f 643/459/223 644/546/237 645/547/237
f 643/459/223 645/547/237 646/460/223
f 632/536/218 647/548/219 648/549/219
f 632/536/218 648/549/219 633/537/218
f 649/539/228 650/550/99 651/551/99
f 649/539/228 651/551/99 652/540/228
f 653/552/237 654/542/223 655/545/223
f 653/552/237 655/545/223 656/553/237
f 657/554/237 658/555/222 659/556/222
f 657/554/237 659/556/222 660/557/237
f 661/558/220 662/559/1 663/560/1
f 661/558/220 663/560/1 664/561/220
f 650/550/99 665/532/227 666/535/227
f 650/550/99 666/535/227 651/551/99
f 667/562/236 668/563/226 669/564/226
f 667/562/236 669/564/226 670/565/236
f 671/555/221 672/566/1 673/567/1
f 671/555/221 673/567/1 674/556/221
f 662/559/1 675/568/221 676/569/221
f 662/559/1 676/569/221 663/560/1
f 668/563/226 677/570/99 678/571/99
f 668/563/226 678/571/99 669/564/226
f 672/566/1 679/572/220 680/573/220
f 672/566/1 680/573/220 673/567/1
f 681/568/222 682/574/237 683/575/237
f 681/568/222 683/575/237 684/569/222
f 677/570/99 685/576/228 686/577/228
f 677/570/99 686/577/228 678/571/99
s 0
f 687/578/219 688/466/219 689/469/219
f 687/578/219 689/469/219 690/579/219
s 1
f 691/576/230 692/580/231 693/581/231
f 691/576/230 693/581/231 694/577/230
s 0
f 695/582/234 696/583/234 697/584/234
f 695/582/234 697/584/234 698/585/234
f 696/583/234 699/586/234 700/587/234
f 696/583/234 700/587/234 697/584/234
f 699/586/234 701/588/234 702/589/234
f 699/586/234 702/589/234 700/587/234
f 701/588/234 703/590/234 704/591/234
f 701/588/234 704/591/234 702/589/234
f 703/590/234 705/592/234 706/593/234
f 703/590/234 706/593/234 704/591/234
f 705/592/234 707/594/234 708/595/234
f 705/592/234 708/595/234 706/593/234
f 707/594/234 709/596/234 710/597/234
f 707/594/234 710/597/234 708/595/234
f 709/596/234 711/598/234 712/599/234
f 709/596/234 712/599/234 710/597/234
f 711/598/234 713/600/234 714/601/234
f 711/598/234 714/601/234 712/599/234
f 713/600/234 715/602/234 716/603/234
f 713/600/238 716/603/238 714/601/238
f 715/602/234 717/604/234 718/605/234
f 715/602/234 718/605/234 716/603/234
f 717/604/234 695/582/234 698/585/234
f 717/604/234 698/585/234 718/605/234
f 719/606/235 720/607/235 721/608/235
f 719/606/235 721/608/235 722/609/235
f 720/607/235 723/610/235 724/611/235
f 720/607/235 724/611/235 721/608/235
f 723/610/235 725/612/235 726/613/235
f 723/610/235 726/613/235 724/611/235
f 725/612/235 727/614/235 728/615/235
f 725/612/235 728/615/235 726/613/235
f 727/614/235 729/616/235 730/617/235
f 727/614/239 730/617/239 728/615/239
f 729/616/235 731/618/235 732/619/235
f 729/616/235 732/619/235 730/617/235
f 731/618/235 733/620/235 734/621/235
f 731/618/235 734/621/235 732/619/235
f 733/620/235 735/622/235 736/623/235
f 733/620/235 736/623/235 734/621/235
f 735/622/235 737/624/235 738/625/235
f 735/622/235 738/625/235 736/623/235
f 737/624/235 739/626/235 740/627/235
f 737/624/235 740/627/235 738/625/235
f 739/626/235 741/628/235 742/629/235
f 739/626/235 742/629/235 740/627/235
f 741/628/235 719/606/235 722/609/235
f 741/628/235 722/609/235 742/629/235
s 1
f 743/630/223 744/631/237 745/632/237
f 743/630/223 745/632/237 746/633/223
f 747/634/240 748/522/219 749/525/219
f 747/634/240 749/525/219 750/635/240
f 614/519/224 751/636/229 752/637/229
f 614/519/224 752/637/229 615/520/224
f 753/638/241 754/639/242 755/640/242
f 753/638/241 755/640/242 756/641/237
f 757/642/217 758/643/218 759/644/218
f 757/642/217 759/644/218 760/645/217
f 618/523/233 761/646/232 762/647/232
f 618/523/233 762/647/232 619/524/233
f 763/648/236 764/649/226 765/650/226
f 763/648/236 765/650/226 766/651/236
f 754/639/242 767/652/221 768/653/221
f 754/639/242 768/653/221 755/640/242
f 769/654/231 770/642/232 771/645/232
f 769/654/231 771/645/232 772/655/231
f 773/656/230 774/657/243 775/658/243
f 773/656/230 775/658/243 776/659/230
f 764/649/226 777/660/99 778/661/99
f 764/649/226 778/661/99 765/650/226
f 779/652/220 780/662/240 781/663/244
f 779/652/220 781/663/244 782/653/220
f 758/643/218 783/664/240 784/665/240
f 758/643/218 784/665/240 759/644/218
f 774/657/243 785/666/99 786/667/99
f 774/657/243 786/667/99 775/658/243
f 777/660/99 787/668/228 788/669/228
f 777/660/99 788/669/228 778/661/99
f 789/670/240 790/671/220 791/672/220
f 789/670/240 791/672/220 792/673/240
f 785/666/99 793/674/227 794/675/227
f 785/666/99 794/675/227 786/667/99
f 795/668/230 796/676/231 797/677/231
f 795/668/230 797/677/231 798/669/230
f 799/671/221 800/678/242 801/679/242
f 799/671/221 801/679/242 802/672/221
f 803/674/236 804/680/225 805/681/245
f 803/674/236 805/681/245 806/675/236
f 800/678/242 807/682/222 808/683/222
f 800/678/242 808/683/222 801/679/242
f 809/684/245 810/630/229 811/633/229
f 809/684/245 811/633/229 812/685/225
s 0
f 813/686/246 814/687/246 815/688/246
f 813/686/246 815/688/246 816/689/246
f 817/690/235 818/691/235 819/692/235
f 817/690/235 819/692/235 820/693/235
f 821/694/247 822/695/247 823/696/247
f 821/694/247 823/696/247 824/697/247
f 825/697/248 826/696/248 827/698/248
f 825/697/248 827/698/248 828/699/248
f 829/700/234 830/701/234 831/702/234
f 829/700/234 831/702/234 832/703/234
f 833/704/249 834/705/249 835/687/249
f 833/704/249 835/687/249 836/686/249
f 837/706/1 838/707/1 839/708/1
f 837/706/1 839/708/1 840/709/1
f 820/693/235 819/692/235 841/710/235
f 820/693/235 841/710/235 842/711/235
f 843/712/234 844/713/234 845/714/234
f 843/712/234 845/714/234 846/715/234
f 847/716/1 848/717/1 849/718/1
f 847/716/1 849/718/1 850/719/1
f 848/717/1 851/720/1 852/721/1
f 848/717/1 852/721/1 849/718/1
f 853/722/250 854/723/250 855/724/250
f 853/722/251 855/724/251 856/725/251
f 857/347/1 858/726/1 859/727/1
f 857/347/1 859/727/1 860/728/1
f 861/729/1 837/706/1 840/709/1
f 861/729/1 840/709/1 862/730/1
f 863/731/1 864/732/1 865/733/1
f 863/731/1 865/733/1 866/734/1
f 867/735/235 868/736/235 869/737/235
f 867/735/235 869/737/235 870/738/235
f 871/739/250 872/740/250 873/741/250
f 871/739/250 873/741/250 874/742/250
f 875/743/252 876/744/252 877/745/252
f 875/743/252 877/745/252 878/746/252
f 879/747/252 880/748/252 881/749/252
f 879/747/252 881/749/252 882/750/252
f 883/751/234 884/752/234 844/713/234
f 883/751/234 844/713/234 843/712/234
s 1
f 885/10/253 40/13/29 39/12/28
f 885/10/253 39/12/28 886/11/254
f 41/14/30 887/17/255 888/16/256
f 41/14/30 888/16/256 42/15/31
f 42/15/31 888/16/256 889/19/257
f 42/15/31 889/19/257 45/18/34
s 0
f 890/20/94 891/23/94 892/22/94
f 890/20/94 892/22/94 893/21/94
s 1
f 894/24/258 895/27/259 896/26/260
f 894/24/258 896/26/260 897/25/261
f 898/28/262 899/29/263 895/27/259
f 898/28/262 895/27/259 894/24/258
f 900/30/264 901/31/264 899/29/263
f 900/30/264 899/29/263 898/28/262
f 902/32/265 903/35/266 904/34/267
f 902/32/265 904/34/267 905/33/268
s 0
f 906/36/48 66/39/48 65/38/48
f 906/36/48 65/38/48 907/37/48
f 908/40/49 70/43/49 69/42/49
f 908/40/49 69/42/49 909/41/49
f 892/22/94 891/23/94 910/44/94
f 892/22/94 910/44/94 911/35/94
f 911/35/94 910/44/94 912/45/94
f 911/35/94 912/45/94 913/34/94
s 1
f 914/46/1 915/49/1 916/48/50
f 914/46/1 916/48/50 917/47/50
f 918/50/8 919/21/10 920/22/269
f 918/50/8 920/22/269 921/51/270
f 922/52/53 923/55/53 924/54/54
f 922/52/53 924/54/54 925/53/54
f 917/47/50 916/48/50 923/55/53
f 917/47/50 923/55/53 922/52/53
f 926/56/55 927/59/55 928/58/56
f 926/56/55 928/58/56 929/57/56
f 930/37/271 94/38/58 93/61/58
f 930/37/271 93/61/58 931/60/271
f 921/51/270 920/22/269 903/35/266
f 921/51/270 903/35/266 902/32/265
f 15/5/10 14/6/9 932/63/272
f 15/5/10 932/63/272 933/62/273
f 934/64/274 935/67/275 936/66/261
f 934/64/274 936/66/261 937/65/260
s 0
f 101/68/1 938/71/1 939/70/1
f 101/68/1 939/70/1 102/69/1
s 1
f 940/72/276 941/75/277 942/74/278
f 940/72/276 942/74/278 943/73/64
f 109/76/67 112/79/70 944/78/279
f 109/76/67 944/78/279 945/77/280
f 941/75/277 946/81/281 947/80/282
f 941/75/277 947/80/282 942/74/278
f 112/79/70 116/83/74 948/82/283
f 112/79/70 948/82/283 944/78/279
f 944/78/279 948/82/283 946/81/281
f 944/78/279 946/81/281 941/75/277
s 0
f 949/84/94 950/87/94 951/86/94
f 949/84/94 951/86/94 952/85/94
f 953/88/94 954/91/94 955/90/94
f 953/88/94 955/90/94 956/89/94
s 1
f 957/92/284 958/95/284 959/94/285
f 957/92/284 959/94/285 960/93/284
s 0
f 961/96/286 962/99/286 963/98/286
f 961/96/286 963/98/286 964/97/286
s 1
f 965/100/287 966/86/287 967/87/287
f 965/100/287 967/87/287 968/101/287
f 969/102/288 970/105/289 971/104/285
f 969/102/288 971/104/285 972/103/288
s 0
f 973/106/290 974/109/290 975/108/290
f 973/106/290 975/108/290 976/107/290
f 977/110/94 978/113/94 979/112/94
f 977/110/94 979/112/94 980/111/94
f 980/111/94 979/112/94 981/115/94
f 980/111/94 981/115/94 982/114/94
f 983/116/94 984/119/94 985/118/94
f 983/116/94 985/118/94 986/117/94
f 986/117/94 985/118/94 978/113/94
f 986/117/94 978/113/94 977/110/94
f 987/120/82 988/123/82 989/122/82
f 987/120/82 989/122/82 990/121/82
f 991/124/83 992/127/83 993/126/83
f 991/124/83 993/126/83 994/125/83
f 995/128/84 996/131/84 997/130/84
f 995/128/84 997/130/84 998/129/84
f 999/129/85 1000/130/85 1001/133/85
f 999/129/85 1001/133/85 1002/132/85
f 1003/134/86 1004/137/86 1005/136/86
f 1003/134/86 1005/136/86 1006/135/86
f 1007/138/87 1008/141/87 1009/140/87
f 1007/138/87 1009/140/87 1010/139/87
f 1011/139/88 1012/140/88 1013/143/88
f 1011/139/88 1013/143/88 1014/142/88
f 1015/144/89 1016/147/89 1017/146/89
f 1015/144/89 1017/146/89 1018/145/89
f 1019/148/90 1020/151/90 1021/150/90
f 1019/148/90 1021/150/90 1022/149/90
f 1023/152/94 1024/155/94 1025/154/94
f 1023/152/94 1025/154/94 1026/153/94
f 1027/156/91 1028/159/91 1029/158/91
f 1027/156/91 1029/158/91 1030/157/91
f 1031/160/92 1032/163/92 1033/162/92
f 1031/160/92 1033/162/92 1034/161/92
f 1035/164/92 1036/167/92 1037/166/92
f 1035/164/92 1037/166/92 1038/165/92
f 1039/168/92 1040/171/92 1041/170/92
f 1039/168/92 1041/170/92 1042/169/92
f 1043/172/93 1044/175/93 1045/174/93
f 1043/172/93 1045/174/93 1046/173/93
f 1047/176/93 1048/179/93 1049/178/93
f 1047/176/93 1049/178/93 1050/177/93
f 1051/180/93 1052/183/93 1053/182/93
f 1051/180/93 1053/182/93 1054/181/93
f 1055/184/36 1056/187/36 1057/186/36
f 1055/184/36 1057/186/36 1058/185/36
f 1059/188/95 1060/191/95 1061/190/95
f 1059/188/95 1061/190/95 1062/189/95
f 1063/192/92 1064/195/92 1065/194/92
f 1063/192/92 1065/194/92 1066/193/92
f 1067/196/96 1068/199/96 1069/198/96
f 1067/196/96 1069/198/96 1070/197/96
f 1071/200/93 1072/202/93 1073/8/93
f 1071/200/93 1073/8/93 1074/201/93
s 1
f 1075/203/97 1076/206/97 1077/205/98
f 1075/203/97 1077/205/98 1078/204/98
s 0
f 1079/207/99 1080/210/99 1081/209/99
f 1079/207/99 1081/209/99 1082/208/99
s 1
f 1083/211/100 1084/214/101 1085/213/101
f 1083/211/100 1085/213/101 1086/212/100
s 0
f 1087/215/94 1088/218/94 1089/217/94
f 1087/215/94 1089/217/94 1090/216/94
s 1
f 1075/203/97 1083/211/100 1086/212/100
f 1075/203/97 1086/212/100 1076/206/97
f 1091/219/102 1092/222/102 1093/221/103
f 1091/219/102 1093/221/103 1094/220/103
f 1085/213/101 1084/214/101 1095/224/104
f 1085/213/101 1095/224/104 1096/223/104
s 0
f 1097/225/94 1098/228/94 1099/227/94
f 1097/225/94 1099/227/94 1100/226/94
f 1101/229/94 1102/232/94 1103/231/94
f 1101/229/94 1103/231/94 1104/230/94
f 1105/233/36 1106/236/36 1107/235/36
f 1105/233/36 1107/235/36 1108/234/36
s 1
f 1109/237/105 1110/240/106 1111/239/106
f 1109/237/105 1111/239/106 1112/238/105
s 0
f 1113/241/36 1114/244/36 1115/243/36
f 1113/241/36 1115/243/36 1116/242/36
s 1
f 1110/240/106 1117/246/107 1118/245/107
f 1110/240/106 1118/245/107 1111/239/106
f 1119/247/108 1092/222/102 1091/219/102
f 1119/247/108 1091/219/102 1120/248/108
s 0
f 1121/249/36 1122/252/36 1123/251/36
f 1121/249/36 1123/251/36 1124/250/36
f 1125/253/116 1126/256/116 1127/255/116
f 1125/253/116 1127/255/116 1128/254/116
f 1129/257/115 1130/260/115 1131/259/115
f 1129/257/115 1131/259/115 1132/258/115
f 1133/260/114 1134/262/114 1135/261/114
f 1133/260/114 1135/261/114 1136/259/114
f 1137/263/113 1138/266/113 1139/265/113
f 1137/263/113 1139/265/113 1140/264/113
f 1141/266/112 1142/268/112 1143/267/112
f 1141/266/112 1143/267/112 1144/265/112
f 1145/269/111 1146/272/111 1147/271/111
f 1145/269/111 1147/271/111 1148/270/111
f 1149/273/110 1150/276/110 1151/275/110
f 1149/273/110 1151/275/110 1152/274/110
f 1153/277/109 1154/253/109 1155/254/109
f 1153/277/109 1155/254/109 1156/278/109
s 1
f 1157/279/128 1158/282/129 1159/281/127
f 1157/279/128 1159/281/127 1160/280/126
f 1160/280/126 1159/281/127 1161/284/291
f 1160/280/126 1161/284/291 1162/283/124
f 1162/283/124 1161/284/291 1163/286/123
f 1162/283/124 1163/286/123 1164/285/123
f 1164/285/123 1163/286/123 1165/288/292
f 1164/285/123 1165/288/292 1166/287/121
f 1166/287/121 1165/288/292 1167/290/119
f 1166/287/121 1167/290/119 1168/289/118
f 1168/289/118 1167/290/119 1169/292/120
f 1168/289/118 1169/292/120 1170/291/117
s 0
f 1171/293/94 1172/296/94 1173/295/94
f 1171/293/94 1173/295/94 1174/294/94
s 1
f 1175/296/293 1176/298/11 1177/297/294
f 1175/296/293 1177/297/294 1178/295/294
f 1179/299/295 1180/302/296 1181/301/297
f 1179/299/295 1181/301/297 1182/300/298
f 1183/303/299 1184/306/300 1185/305/301
f 1183/303/299 1185/305/301 1186/304/302
s 0
f 1187/307/140 1188/310/140 1189/309/140
f 1187/307/140 1189/309/140 1190/308/140
f 1191/311/141 1192/314/141 1193/313/141
f 1191/311/141 1193/313/141 1194/312/141
s 1
f 1195/315/303 1196/317/304 1197/304/149
f 1195/315/303 1197/304/149 1198/316/146
f 1199/300/143 1200/301/144 1201/319/305
f 1199/300/143 1201/319/305 1202/318/306
f 1203/316/307 1186/304/302 1185/305/301
f 1203/316/307 1185/305/301 1204/320/308
f 1205/321/309 1206/322/310 1181/301/297
f 1205/321/309 1181/301/297 1180/302/296
f 1207/323/154 1208/326/154 1209/325/154
f 1207/323/154 1209/325/154 1210/324/154
s 0
f 1211/327/155 1212/330/155 1213/329/155
f 1211/327/155 1213/329/155 1214/328/155
s 1
f 1215/322/164 1216/331/163 1201/319/305
f 1215/322/164 1201/319/305 1200/301/144
f 1217/332/311 1218/333/312 1206/322/310
f 1217/332/311 1206/322/310 1205/321/309
s 0
f 1219/334/160 1220/335/160 1221/326/160
f 1219/334/160 1221/326/160 1222/323/160
f 1223/336/161 1224/337/161 1225/330/161
f 1223/336/161 1225/330/161 1226/327/161
s 1
f 1227/338/167 1228/340/313 1229/303/156
f 1227/338/167 1229/303/156 1230/339/157
f 1231/333/314 1232/341/162 1216/331/163
f 1231/333/314 1216/331/163 1215/322/164
f 1233/340/315 1234/342/316 1184/306/300
f 1233/340/315 1184/306/300 1183/303/299
f 1230/339/157 1229/303/156 1197/304/149
f 1230/339/157 1197/304/149 1196/317/304
f 1235/343/177 1218/333/312 1217/332/311
f 1235/343/177 1217/332/311 1236/344/177
s 0
f 1237/345/171 1238/311/171 1239/312/171
f 1237/345/171 1239/312/171 1240/346/171
f 1241/347/171 1242/350/171 1243/349/171
f 1241/347/171 1243/349/171 1244/348/171
s 1
f 1245/351/317 1246/354/318 415/353/28
f 1245/351/317 415/353/28 414/352/173
f 1247/355/177 1199/300/143 1202/318/306
f 1247/355/177 1202/318/306 1248/356/177
f 1249/357/178 1232/341/162 1231/333/314
f 1249/357/178 1231/333/314 1250/343/178
s 0
f 1251/358/176 1252/194/176 1253/360/176
f 1251/358/176 1253/360/176 1254/359/176
s 1
f 1255/361/170 1234/342/316 1233/340/315
f 1255/361/170 1233/340/315 1256/362/170
f 1257/362/175 1228/340/313 1227/338/167
f 1257/362/175 1227/338/167 1258/363/175
f 1259/364/178 1179/299/295 1182/300/298
f 1259/364/178 1182/300/298 1260/355/178
s 0
f 1261/365/176 1262/307/176 1263/308/176
f 1261/365/176 1263/308/176 1264/366/176
s 1
f 1265/367/175 1203/316/307 1204/320/308
f 1265/367/175 1204/320/308 1266/368/175
f 1267/369/170 1195/315/303 1198/316/146
f 1267/369/170 1198/316/146 1268/367/170
f 45/18/34 889/19/257 1269/371/319
f 45/18/34 1269/371/319 439/370/99
f 441/372/180 444/375/1 1270/374/1
f 441/372/180 1270/374/1 1271/373/180
f 1272/295/320 1273/297/320 1274/376/321
f 1272/295/320 1274/376/321 1275/294/321
s 0
f 1276/377/94 1172/296/94 1171/293/94
f 1276/377/94 1171/293/94 1277/378/94
f 1278/379/322 1279/382/322 1280/381/322
f 1278/379/322 1280/381/322 1281/380/322
s 1
f 960/93/284 959/94/285 1282/384/289
f 960/93/284 1282/384/289 1283/383/284
f 905/33/268 904/34/267 1284/386/323
f 905/33/268 1284/386/323 1285/385/323
s 0
f 913/34/94 912/45/94 1286/387/94
f 913/34/94 1286/387/94 1287/386/94
s 1
f 1288/388/324 1289/391/325 1290/390/326
f 1288/388/324 1290/390/326 1291/389/327
f 1292/392/328 1293/395/36 1294/394/36
f 1292/392/328 1294/394/36 1295/393/328
s 0
f 1296/396/329 1297/399/329 1298/398/329
f 1296/396/329 1298/398/329 1299/397/329
f 1300/400/330 1301/403/330 1302/402/330
f 1300/400/331 1302/402/331 1303/401/331
s 1
f 1304/404/332 1305/407/333 1306/406/334
f 1304/404/332 1306/406/334 1307/405/335
f 1308/389/336 1309/390/337 1310/409/338
f 1308/389/336 1310/409/338 1311/408/339
f 1312/405/340 1313/406/341 1314/411/342
f 1312/405/340 1314/411/342 1315/410/343
f 1309/390/337 1316/413/344 1317/412/209
f 1309/390/337 1317/412/209 1310/409/338
f 1305/407/333 1318/415/345 1319/414/345
f 1305/407/333 1319/414/345 1306/406/334
f 1313/406/341 1320/414/346 1321/416/346
f 1313/406/341 1321/416/346 1314/411/342
f 1289/391/325 1322/417/205 1323/413/205
f 1289/391/325 1323/413/205 1290/390/326
f 1324/418/347 1325/420/94 1326/419/94
f 1324/418/347 1326/419/94 1327/394/347
f 1328/421/348 1288/388/324 1291/389/327
f 1328/421/348 1291/389/327 1329/422/348
f 1330/423/349 1304/404/332 1307/405/335
f 1330/423/349 1307/405/335 1331/424/349
f 1332/422/350 1308/389/336 1311/408/339
f 1332/422/350 1311/408/339 1333/425/350
s 0
f 1334/426/351 1335/396/351 1336/397/351
f 1334/426/351 1336/397/351 1337/427/351
f 1338/428/352 1339/400/352 1340/401/352
f 1338/428/352 1340/401/352 1341/429/352
s 1
f 1342/424/353 1312/405/340 1315/410/343
f 1342/424/353 1315/410/343 1343/430/353
f 1344/431/354 1345/434/355 1346/433/355
f 1344/431/354 1346/433/355 1347/432/354
f 1345/434/355 1348/436/356 1349/435/356
f 1345/434/355 1349/435/356 1346/433/355
f 1350/437/357 1351/440/1 1352/439/1
f 1350/437/357 1352/439/1 1353/438/357
f 1351/440/1 1354/442/358 1355/441/358
f 1351/440/1 1355/441/358 1352/439/1
s 0
f 1356/442/359 1357/443/359 1358/436/359
f 1356/442/359 1358/436/359 1359/441/359
s 1
f 1360/444/360 1361/447/361 1362/446/361
f 1360/444/360 1362/446/361 1363/445/360
f 1361/447/361 1364/449/362 1365/448/362
f 1361/447/361 1365/448/362 1362/446/361
f 1366/450/362 1367/453/363 1368/452/363
f 1366/450/362 1368/452/363 1369/451/362
f 1367/453/363 1370/455/364 1371/454/364
f 1367/453/363 1371/454/364 1368/452/363
s 0
f 1372/455/365 1373/457/365 1374/456/365
f 1372/455/365 1374/456/365 1375/454/365
s 1
f 1376/458/362 1377/461/362 1378/460/366
f 1376/458/362 1378/460/366 1379/459/366
f 1380/457/367 1381/463/368 1382/462/369
f 1380/457/367 1382/462/369 1383/456/367
f 1384/464/368 1385/431/370 1386/432/370
f 1384/464/368 1386/432/370 1387/465/368
f 1388/466/354 1389/469/354 1390/468/371
f 1388/466/354 1390/468/371 1391/467/371
s 0
f 1392/470/372 1393/473/372 1394/472/372
f 1392/470/372 1394/472/372 1395/471/372
f 1395/471/372 1394/472/372 1396/475/372
f 1395/471/372 1396/475/372 1397/474/372
f 1397/474/372 1396/475/372 1398/477/372
f 1397/474/372 1398/477/372 1399/476/372
f 1399/476/372 1398/477/372 1400/479/372
f 1399/476/372 1400/479/372 1401/478/372
f 1401/478/372 1400/479/372 1402/481/372
f 1401/478/372 1402/481/372 1403/480/372
f 1403/480/372 1402/481/372 1404/483/372
f 1403/480/372 1404/483/372 1405/482/372
f 1405/482/372 1404/483/372 1406/485/372
f 1405/482/372 1406/485/372 1407/484/372
f 1407/484/372 1406/485/372 1408/487/372
f 1407/484/372 1408/487/372 1409/486/372
f 1409/486/372 1408/487/372 1410/489/372
f 1409/486/372 1410/489/372 1411/488/372
f 1411/488/372 1410/489/372 1412/491/372
f 1411/488/372 1412/491/372 1413/490/372
f 1413/490/372 1412/491/372 1414/493/372
f 1413/490/372 1414/493/372 1415/492/372
f 1415/492/372 1414/493/372 1393/473/372
f 1415/492/372 1393/473/372 1392/470/372
f 1416/494/373 1417/497/373 1418/496/373
f 1416/494/373 1418/496/373 1419/495/373
f 1419/495/373 1418/496/373 1420/499/373
f 1419/495/373 1420/499/373 1421/498/373
f 1421/498/373 1420/499/373 1422/501/373
f 1421/498/373 1422/501/373 1423/500/373
f 1423/500/373 1422/501/373 1424/503/373
f 1423/500/373 1424/503/373 1425/502/373
f 1425/502/373 1424/503/373 1426/505/373
f 1425/502/373 1426/505/373 1427/504/373
f 1427/504/373 1426/505/373 1428/507/373
f 1427/504/373 1428/507/373 1429/506/373
f 1429/506/373 1428/507/373 1430/509/373
f 1429/506/373 1430/509/373 1431/508/373
f 1431/508/373 1430/509/373 1432/511/373
f 1431/508/373 1432/511/373 1433/510/373
f 1433/510/373 1432/511/373 1434/513/373
f 1433/510/373 1434/513/373 1435/512/373
f 1435/512/373 1434/513/373 1436/515/373
f 1435/512/373 1436/515/373 1437/514/373
f 1437/514/373 1436/515/373 1438/517/373
f 1437/514/373 1438/517/373 1439/516/373
f 1439/516/373 1438/517/373 1417/497/373
f 1439/516/373 1417/497/373 1416/494/373
s 1
f 1440/518/360 1441/521/360 1442/520/361
f 1440/518/360 1442/520/361 1443/519/361
f 1444/522/354 1445/525/354 1446/524/371
f 1444/522/354 1446/524/371 1447/523/371
f 1448/526/368 1449/529/368 1450/528/370
f 1448/526/368 1450/528/370 1451/527/370
f 1391/467/371 1390/468/371 1452/531/370
f 1391/467/371 1452/531/370 1453/530/370
f 1454/532/374 1455/535/374 1456/534/362
f 1454/532/374 1456/534/362 1457/533/362
f 1458/527/354 1459/528/354 1460/537/355
f 1458/527/354 1460/537/355 1461/536/355
s 0
f 1462/538/367 1463/541/367 1464/540/367
f 1462/538/367 1464/540/367 1465/539/367
f 1466/542/366 1467/545/366 1468/544/366
f 1466/542/366 1468/544/366 1469/543/366
s 1
f 1470/459/360 1471/460/360 1472/547/375
f 1470/459/360 1472/547/375 1473/546/375
f 1461/536/355 1460/537/355 1474/549/356
f 1461/536/355 1474/549/356 1475/548/356
f 1476/539/365 1477/540/365 1478/551/99
f 1476/539/365 1478/551/99 1479/550/99
f 1480/552/375 1481/553/375 1482/545/360
f 1480/552/375 1482/545/360 1483/542/360
f 1484/554/375 1485/557/375 1486/556/359
f 1484/554/375 1486/556/359 1487/555/359
f 1488/558/357 1489/561/357 1490/560/1
f 1488/558/357 1490/560/1 1491/559/1
f 1479/550/99 1478/551/99 1492/535/364
f 1479/550/99 1492/535/364 1493/532/364
f 1494/562/374 1495/565/374 1496/564/363
f 1494/562/374 1496/564/363 1497/563/363
f 1498/555/358 1499/556/358 1500/567/1
f 1498/555/358 1500/567/1 1501/566/1
f 1491/559/1 1490/560/1 1502/569/358
f 1491/559/1 1502/569/358 1503/568/358
f 1497/563/363 1496/564/363 1504/571/99
f 1497/563/363 1504/571/99 1505/570/99
f 1501/566/1 1500/567/1 1506/573/357
f 1501/566/1 1506/573/357 1507/572/357
f 1508/568/359 1509/569/359 1510/575/375
f 1508/568/359 1510/575/375 1511/574/375
f 1505/570/99 1504/571/99 1512/577/365
f 1505/570/99 1512/577/365 1513/576/365
s 0
f 1514/578/356 1515/579/356 1516/469/356
f 1514/578/356 1516/469/356 1517/466/356
s 1
f 1518/576/367 1519/577/367 1520/581/368
f 1518/576/367 1520/581/368 1521/580/368
s 0
f 1522/582/372 1523/585/372 1524/584/372
f 1522/582/372 1524/584/372 1525/583/372
f 1525/583/372 1524/584/372 1526/587/372
f 1525/583/372 1526/587/372 1527/586/372
f 1527/586/372 1526/587/372 1528/589/372
f 1527/586/372 1528/589/372 1529/588/372
f 1529/588/372 1528/589/372 1530/591/372
f 1529/588/372 1530/591/372 1531/590/372
f 1531/590/372 1530/591/372 1532/593/372
f 1531/590/372 1532/593/372 1533/592/372
f 1533/592/372 1532/593/372 1534/595/372
f 1533/592/372 1534/595/372 1535/594/372
f 1535/594/372 1534/595/372 1536/597/372
f 1535/594/372 1536/597/372 1537/596/372
f 1537/596/372 1536/597/372 1538/599/372
f 1537/596/372 1538/599/372 1539/598/372
f 1539/598/372 1538/599/372 1540/601/372
f 1539/598/372 1540/601/372 1541/600/372
f 1541/600/376 1540/601/376 1542/603/376
f 1541/600/372 1542/603/372 1543/602/372
f 1543/602/372 1542/603/372 1544/605/372
f 1543/602/372 1544/605/372 1545/604/372
f 1545/604/372 1544/605/372 1523/585/372
f 1545/604/372 1523/585/372 1522/582/372
f 1546/606/373 1547/609/373 1548/608/373
f 1546/606/373 1548/608/373 1549/607/373
f 1549/607/373 1548/608/373 1550/611/373
f 1549/607/373 1550/611/373 1551/610/373
f 1551/610/373 1550/611/373 1552/613/373
f 1551/610/373 1552/613/373 1553/612/373
f 1553/612/373 1552/613/373 1554/615/373
f 1553/612/373 1554/615/373 1555/614/373
f 1555/614/377 1554/615/377 1556/617/377
f 1555/614/373 1556/617/373 1557/616/373
f 1557/616/373 1556/617/373 1558/619/373
f 1557/616/373 1558/619/373 1559/618/373
f 1559/618/373 1558/619/373 1560/621/373
f 1559/618/373 1560/621/373 1561/620/373
f 1561/620/373 1560/621/373 1562/623/373
f 1561/620/373 1562/623/373 1563/622/373
f 1563/622/373 1562/623/373 1564/625/373
f 1563/622/373 1564/625/373 1565/624/373
f 1565/624/373 1564/625/373 1566/627/373
f 1565/624/373 1566/627/373 1567/626/373
f 1567/626/373 1566/627/373 1568/629/373
f 1567/626/373 1568/629/373 1569/628/373
f 1569/628/373 1568/629/373 1547/609/373
f 1569/628/373 1547/609/373 1546/606/373
s 1
f 1570/630/360 1571/633/360 1572/632/375
f 1570/630/360 1572/632/375 1573/631/375
f 1574/634/378 1575/635/378 1576/525/356
f 1574/634/378 1576/525/356 1577/522/356
f 1443/519/361 1442/520/361 1578/637/366
f 1443/519/361 1578/637/366 1579/636/366
f 1580/638/375 1581/641/375 1582/640/379
f 1580/638/375 1582/640/379 1583/639/379
f 1584/642/354 1585/645/354 1586/644/355
f 1584/642/354 1586/644/355 1587/643/355
f 1447/523/371 1446/524/371 1588/647/370
f 1447/523/371 1588/647/370 1589/646/370
f 1590/648/374 1591/651/374 1592/650/363
f 1590/648/374 1592/650/363 1593/649/363
f 1583/639/379 1582/640/379 1594/653/358
f 1583/639/379 1594/653/358 1595/652/358
f 1596/654/368 1597/655/368 1598/645/370
f 1596/654/368 1598/645/370 1599/642/370
f 1600/656/367 1601/659/367 1602/658/380
f 1600/656/367 1602/658/380 1603/657/380
f 1593/649/363 1592/650/363 1604/661/99
f 1593/649/363 1604/661/99 1605/660/99
f 1606/652/357 1607/653/357 1608/663/378
f 1606/652/357 1608/663/378 1609/662/378
f 1587/643/355 1586/644/355 1610/665/381
f 1587/643/355 1610/665/381 1611/664/378
f 1603/657/380 1602/658/380 1612/667/99
f 1603/657/380 1612/667/99 1613/666/99
f 1605/660/99 1604/661/99 1614/669/365
f 1605/660/99 1614/669/365 1615/668/365
f 1616/670/378 1617/673/378 1618/672/357
f 1616/670/378 1618/672/357 1619/671/357
f 1613/666/99 1612/667/99 1620/675/364
f 1613/666/99 1620/675/364 1621/674/364
f 1622/668/367 1623/669/367 1624/677/368
f 1622/668/367 1624/677/368 1625/676/368
f 1626/671/358 1627/672/358 1628/679/379
f 1626/671/358 1628/679/379 1629/678/379
f 1630/674/374 1631/675/374 1632/681/362
f 1630/674/374 1632/681/362 1633/680/362
f 1629/678/379 1628/679/379 1634/683/359
f 1629/678/379 1634/683/359 1635/682/359
f 1636/684/362 1637/685/362 1638/633/366
f 1636/684/362 1638/633/366 1639/630/366
s 0
f 1640/686/382 1641/689/382 1642/688/382
f 1640/686/382 1642/688/382 1643/687/382
f 1644/690/373 1645/693/373 1646/692/373
f 1644/690/373 1646/692/373 1647/691/373
f 1648/694/383 1649/697/383 1650/696/383
f 1648/694/383 1650/696/383 1651/695/383
f 1652/697/384 1653/699/384 1654/698/384
f 1652/697/384 1654/698/384 1655/696/384
f 1656/700/372 1657/703/372 1658/702/372
f 1656/700/372 1658/702/372 1659/701/372
f 1660/704/385 1661/686/385 1662/687/385
f 1660/704/385 1662/687/385 1663/705/385
f 1664/706/1 1665/709/1 1666/708/1
f 1664/706/1 1666/708/1 1667/707/1
f 1645/693/373 1668/711/373 1669/710/373
f 1645/693/373 1669/710/373 1646/692/373
f 1670/712/372 1671/715/372 1672/714/372
f 1670/712/372 1672/714/372 1673/713/372
f 1674/716/1 1675/719/1 1676/718/1
f 1674/716/1 1676/718/1 1677/717/1
f 1677/717/1 1676/718/1 1678/721/1
f 1677/717/1 1678/721/1 1679/720/1
f 1680/722/386 1681/725/386 1682/724/386
f 1680/722/387 1682/724/387 1683/723/387
f 1684/347/1 1685/728/1 1686/727/1
f 1684/347/1 1686/727/1 1687/726/1
f 1688/729/1 1689/730/1 1665/709/1
f 1688/729/1 1665/709/1 1664/706/1
f 1690/731/1 1691/734/1 1692/733/1
f 1690/731/1 1692/733/1 1693/732/1
f 1694/735/373 1695/738/373 1696/737/373
f 1694/735/373 1696/737/373 1697/736/373
f 1698/739/387 1699/742/387 1700/741/387
f 1698/739/387 1700/741/387 1701/740/387
f 1702/743/388 1703/746/388 1704/745/388
f 1702/743/388 1704/745/388 1705/744/388
f 1706/747/388 1707/750/388 1708/749/388
f 1706/747/388 1708/749/388 1709/748/388
f 1710/751/372 1670/712/372 1673/713/372
f 1710/751/372 1673/713/372 1711/752/372
s 1
f 1712/10/389 1713/13/390 1714/12/391
f 1712/10/389 1714/12/391 1715/11/392
f 1716/14/393 1717/17/394 1718/16/395
f 1716/14/393 1718/16/395 1719/15/396
f 1719/15/396 1718/16/395 1720/19/397
f 1719/15/396 1720/19/397 1721/18/398
s 0
f 1722/20/36 1723/23/36 1724/22/36
f 1722/20/36 1724/22/36 1725/21/36
s 1
f 1726/24/399 1727/27/400 1728/26/401
f 1726/24/399 1728/26/401 1729/25/402
f 1730/28/403 1731/29/404 1727/27/400
f 1730/28/403 1727/27/400 1726/24/399
f 57/30/43 58/31/43 1731/29/404
f 57/30/43 1731/29/404 1730/28/403
f 1732/32/405 1733/35/406 1734/34/407
f 1732/32/405 1734/34/407 1735/33/408
s 0
f 1736/36/409 1737/39/409 1738/38/409
f 1736/36/409 1738/38/409 1739/37/409
f 1740/40/410 1741/43/410 1742/42/410
f 1740/40/410 1742/42/410 1743/41/410
f 1724/22/36 1723/23/36 1744/44/36
f 1724/22/36 1744/44/36 1745/35/36
f 1745/35/36 1744/44/36 1746/45/36
f 1745/35/36 1746/45/36 1747/34/36
s 1
f 75/46/1 78/49/1 1748/48/411
f 75/46/1 1748/48/411 1749/47/411
f 1750/50/14 1751/21/16 1752/22/412
f 1750/50/14 1752/22/412 1753/51/413
f 1754/52/414 1755/55/414 1756/54/415
f 1754/52/414 1756/54/415 1757/53/415
f 1749/47/411 1748/48/411 1755/55/414
f 1749/47/411 1755/55/414 1754/52/414
f 1758/56/416 1759/59/416 1760/58/417
f 1758/56/416 1760/58/417 1761/57/417
f 1762/37/418 1763/38/419 1764/61/419
f 1762/37/418 1764/61/419 1765/60/418
f 1753/51/413 1752/22/412 1733/35/406
f 1753/51/413 1733/35/406 1732/32/405
f 24/5/16 23/6/15 1766/63/420
f 24/5/16 1766/63/420 1767/62/421
f 1768/64/422 1769/67/423 1770/66/402
f 1768/64/422 1770/66/402 1771/65/401
s 0
f 1772/68/1 1773/71/1 1774/70/1
f 1772/68/1 1774/70/1 1775/69/1
s 1
f 1776/72/424 1777/75/425 1778/74/426
f 1776/72/424 1778/74/426 1779/73/427
f 1780/76/428 1781/79/429 1782/78/430
f 1780/76/428 1782/78/430 1783/77/431
f 1777/75/425 1784/81/432 1785/80/433
f 1777/75/425 1785/80/433 1778/74/426
f 1781/79/429 1786/83/434 1787/82/435
f 1781/79/429 1787/82/435 1782/78/430
f 1782/78/430 1787/82/435 1784/81/432
f 1782/78/430 1784/81/432 1777/75/425
s 0
f 1788/84/36 1789/87/36 1790/86/36
f 1788/84/36 1790/86/36 1791/85/36
f 1792/88/36 1793/91/36 1794/90/36
f 1792/88/36 1794/90/36 1795/89/36
s 1
f 1796/92/75 1797/95/75 1798/94/76
f 1796/92/75 1798/94/76 1799/93/75
s 0
f 1800/96/77 1801/99/77 1802/98/77
f 1800/96/77 1802/98/77 1803/97/77
s 1
f 1804/100/436 1805/86/436 1806/87/436
f 1804/100/436 1806/87/436 1807/101/436
f 137/102/79 140/105/80 1808/104/76
f 137/102/79 1808/104/76 1809/103/79
s 0
f 1810/106/437 1811/109/437 1812/108/437
f 1810/106/437 1812/108/437 1813/107/437
f 1814/110/36 1815/113/36 1816/112/36
f 1814/110/36 1816/112/36 1817/111/36
f 1817/111/36 1816/112/36 150/115/36
f 1817/111/36 150/115/36 149/114/36
f 151/116/36 154/119/36 1818/118/36
f 151/116/36 1818/118/36 1819/117/36
f 1819/117/36 1818/118/36 1815/113/36
f 1819/117/36 1815/113/36 1814/110/36
f 1820/120/86 1821/123/86 1822/122/86
f 1820/120/86 1822/122/86 1823/121/86
f 1824/124/89 1825/127/89 1826/126/89
f 1824/124/89 1826/126/89 1827/125/89
f 1828/128/88 1829/131/88 1830/130/88
f 1828/128/88 1830/130/88 1831/129/88
f 1832/129/87 1833/130/87 1834/133/87
f 1832/129/87 1834/133/87 1835/132/87
f 1836/134/82 1837/137/82 1838/136/82
f 1836/134/82 1838/136/82 1839/135/82
f 1840/138/85 1841/141/85 1842/140/85
f 1840/138/85 1842/140/85 1843/139/85
f 1844/139/84 1845/140/84 1846/143/84
f 1844/139/84 1846/143/84 1847/142/84
f 1848/144/83 1849/147/83 1850/146/83
f 1848/144/83 1850/146/83 1851/145/83
f 1852/148/438 1853/151/438 1854/150/438
f 1852/148/438 1854/150/438 1855/149/438
f 1856/152/36 1857/155/36 1858/154/36
f 1856/152/36 1858/154/36 1859/153/36
f 1860/156/439 1861/159/439 1862/158/439
f 1860/156/439 1862/158/439 1863/157/439
f 1864/160/440 1865/163/440 1866/162/440
f 1864/160/440 1866/162/440 1867/161/440
f 1868/164/440 1869/167/440 1870/166/440
f 1868/164/440 1870/166/440 1871/165/440
f 1872/168/440 1873/171/440 1874/170/440
f 1872/168/440 1874/170/440 1875/169/440
f 1876/172/441 1877/175/441 1878/174/441
f 1876/172/441 1878/174/441 1879/173/441
f 1880/176/441 1881/179/441 1882/178/441
f 1880/176/441 1882/178/441 1883/177/441
f 1884/180/441 1885/183/441 1886/182/441
f 1884/180/441 1886/182/441 1887/181/441
f 1888/184/94 1889/187/94 1890/186/94
f 1888/184/94 1890/186/94 1891/185/94
f 1892/188/442 1893/191/442 1894/190/442
f 1892/188/442 1894/190/442 1895/189/442
f 1896/192/440 1897/195/440 1898/194/440
f 1896/192/440 1898/194/440 1899/193/440
f 1900/196/443 1901/199/443 1902/198/443
f 1900/196/443 1902/198/443 1903/197/443
f 1904/200/441 1905/202/441 1906/8/441
f 1904/200/441 1906/8/441 1907/201/441
s 1
f 1908/203/444 1909/206/444 1910/205/445
f 1908/203/444 1910/205/445 1911/204/445
s 0
f 1912/207/99 1913/210/99 1914/209/99
f 1912/207/99 1914/209/99 1915/208/99
s 1
f 1916/211/446 1917/214/447 1918/213/447
f 1916/211/446 1918/213/447 1919/212/446
s 0
f 1920/215/36 1921/218/36 1922/217/36
f 1920/215/36 1922/217/36 1923/216/36
s 1
f 1908/203/444 1916/211/446 1919/212/446
f 1908/203/444 1919/212/446 1909/206/444
f 1924/219/448 1925/222/448 1926/221/449
f 1924/219/448 1926/221/449 1927/220/449
f 1918/213/447 1917/214/447 1928/224/450
f 1918/213/447 1928/224/450 1929/223/450
s 0
f 1930/225/36 1931/228/36 1932/227/36
f 1930/225/36 1932/227/36 1933/226/36
f 1934/229/36 1935/232/36 1936/231/36
f 1934/229/36 1936/231/36 1937/230/36
f 1938/233/94 1939/236/94 1940/235/94
f 1938/233/94 1940/235/94 1941/234/94
s 1
f 1942/237/451 1943/240/452 1944/239/452
f 1942/237/451 1944/239/452 1945/238/451
s 0
f 1946/241/94 1947/244/94 1948/243/94
f 1946/241/94 1948/243/94 1949/242/94
s 1
f 1943/240/452 1950/246/453 1951/245/453
f 1943/240/452 1951/245/453 1944/239/452
f 1952/247/454 1925/222/448 1924/219/448
f 1952/247/454 1924/219/448 1953/248/454
s 0
f 1954/249/94 1955/252/94 1956/251/94
f 1954/249/94 1956/251/94 1957/250/94
f 1958/253/112 1959/256/112 1960/255/112
f 1958/253/112 1960/255/112 1961/254/112
f 1962/257/111 1963/260/111 1964/259/111
f 1962/257/111 1964/259/111 1965/258/111
f 1966/260/110 1967/262/110 1968/261/110
f 1966/260/110 1968/261/110 1969/259/110
f 1970/263/109 1971/266/109 1972/265/109
f 1970/263/109 1972/265/109 1973/264/109
f 1974/266/116 1975/268/116 1976/267/116
f 1974/266/116 1976/267/116 1977/265/116
f 1978/269/115 1979/272/115 1980/271/115
f 1978/269/115 1980/271/115 1981/270/115
f 1982/273/114 1983/276/114 1984/275/114
f 1982/273/114 1984/275/114 1985/274/114
f 1986/277/113 1987/253/113 1988/254/113
f 1986/277/113 1988/254/113 1989/278/113
s 1
f 1990/279/121 1991/282/455 1992/281/456
f 1990/279/121 1992/281/456 1993/280/118
f 1993/280/118 1992/281/456 1994/284/457
f 1993/280/118 1994/284/457 1995/283/117
f 1995/283/117 1994/284/457 1996/286/458
f 1995/283/117 1996/286/458 1997/285/458
f 1997/285/458 1996/286/458 1998/288/459
f 1997/285/458 1998/288/459 1999/287/128
f 1999/287/128 1998/288/459 2000/290/460
f 1999/287/128 2000/290/460 2001/289/126
f 2001/289/126 2000/290/460 2002/292/461
f 2001/289/126 2002/292/461 2003/291/124
s 0
f 339/293/36 2004/296/36 2005/295/36
f 339/293/36 2005/295/36 340/294/36
s 1
f 2006/296/462 2007/298/17 2008/297/463
f 2006/296/462 2008/297/463 2009/295/463
f 2010/299/464 2011/302/465 2012/301/466
f 2010/299/464 2012/301/466 2013/300/467
f 2014/303/468 2015/306/469 2016/305/470
f 2014/303/468 2016/305/470 2017/304/471
s 0
f 2018/307/472 2019/310/472 2020/309/472
f 2018/307/472 2020/309/472 2021/308/472
f 2022/311/473 2023/314/473 2024/313/473
f 2022/311/473 2024/313/473 2025/312/473
s 1
f 2026/315/474 2027/317/475 2028/304/476
f 2026/315/474 2028/304/476 2029/316/477
f 2030/300/478 2031/301/479 2032/319/480
f 2030/300/478 2032/319/480 2033/318/481
f 2034/316/482 2017/304/471 2016/305/470
f 2034/316/482 2016/305/470 2035/320/483
f 2036/321/484 2037/322/485 2012/301/466
f 2036/321/484 2012/301/466 2011/302/465
f 2038/323/486 2039/326/486 2040/325/486
f 2038/323/486 2040/325/486 2041/324/486
s 0
f 2042/327/487 2043/330/487 2044/329/487
f 2042/327/487 2044/329/487 2045/328/487
s 1
f 2046/322/488 2047/331/489 2032/319/480
f 2046/322/488 2032/319/480 2031/301/479
f 2048/332/490 2049/333/491 2037/322/485
f 2048/332/490 2037/322/485 2036/321/484
s 0
f 2050/334/492 2051/335/492 2052/326/492
f 2050/334/492 2052/326/492 2053/323/492
f 2054/336/493 2055/337/493 2056/330/493
f 2054/336/493 2056/330/493 2057/327/493
s 1
f 2058/338/494 2059/340/495 2060/303/496
f 2058/338/494 2060/303/496 2061/339/497
f 2062/333/498 2063/341/499 2047/331/489
f 2062/333/498 2047/331/489 2046/322/488
f 2064/340/500 2065/342/501 2015/306/469
f 2064/340/500 2015/306/469 2014/303/468
f 2061/339/497 2060/303/496 2028/304/476
f 2061/339/497 2028/304/476 2027/317/475
f 2066/343/502 2049/333/491 2048/332/490
f 2066/343/502 2048/332/490 2067/344/502
s 0
f 2068/345/503 2069/311/503 2070/312/503
f 2068/345/503 2070/312/503 2071/346/503
f 2072/347/503 2073/350/503 2074/349/503
f 2072/347/503 2074/349/503 2075/348/503
s 1
f 2076/351/504 2077/354/505 2078/353/391
f 2076/351/504 2078/353/391 2079/352/506
f 2080/355/502 2030/300/478 2033/318/481
f 2080/355/502 2033/318/481 2081/356/502
f 2082/357/507 2063/341/499 2062/333/498
f 2082/357/507 2062/333/498 2083/343/507
s 0
f 2084/358/508 2085/194/508 2086/360/508
f 2084/358/508 2086/360/508 2087/359/508
s 1
f 2088/361/509 2065/342/501 2064/340/500
f 2088/361/509 2064/340/500 2089/362/509
f 2090/362/510 2059/340/495 2058/338/494
f 2090/362/510 2058/338/494 2091/363/510
f 2092/364/507 2010/299/464 2013/300/467
f 2092/364/507 2013/300/467 2093/355/507
s 0
f 2094/365/508 2095/307/508 2096/308/508
f 2094/365/508 2096/308/508 2097/366/508
s 1
f 2098/367/510 2034/316/482 2035/320/483
f 2098/367/510 2035/320/483 2099/368/510
f 2100/369/509 2026/315/474 2029/316/477
f 2100/369/509 2029/316/477 2101/367/509
f 1721/18/398 1720/19/397 440/371/179
f 1721/18/398 440/371/179 439/370/99
f 2102/372/511 444/375/1 443/374/1
f 2102/372/511 443/374/1 2103/373/511
f 2104/295/512 2105/297/512 447/376/182
f 2104/295/512 447/376/182 446/294/182
s 0
f 2106/377/36 2004/296/36 339/293/36
f 2106/377/36 339/293/36 450/378/36
f 2107/379/183 2108/382/183 453/381/183
f 2107/379/183 453/381/183 452/380/183
s 1
f 1799/93/75 1798/94/76 456/384/80
f 1799/93/75 456/384/80 455/383/75
f 1735/33/408 1734/34/407 458/386/184
f 1735/33/408 458/386/184 457/385/184
s 0
f 1747/34/36 1746/45/36 460/387/36
f 1747/34/36 460/387/36 459/386/36
s 1
f 2109/388/336 2110/391/513 2111/390/338
f 2109/388/336 2111/390/338 2112/389/339
f 2113/392/347 468/395/94 467/394/94
f 2113/392/347 467/394/94 2114/393/347
s 0
f 2115/396/514 2116/399/514 2117/398/514
f 2115/396/514 2117/398/514 2118/397/514
f 2119/400/515 2120/403/515 2121/402/515
f 2119/400/516 2121/402/516 2122/401/516
s 1
f 2123/404/340 2124/407/517 2125/406/342
f 2123/404/340 2125/406/342 2126/405/518
f 2127/389/324 2128/390/519 2129/409/326
f 2127/389/324 2129/409/326 2130/408/327
f 2131/405/332 2132/406/520 2133/411/334
f 2131/405/332 2133/411/334 2134/410/521
f 2128/390/519 490/413/206 489/412/205
f 2128/390/519 489/412/205 2129/409/326
f 2124/407/517 492/415/207 491/414/207
f 2124/407/517 491/414/207 2125/406/342
f 2132/406/520 494/414/208 493/416/208
f 2132/406/520 493/416/208 2133/411/334
f 2110/391/513 496/417/209 495/413/209
f 2110/391/513 495/413/209 2111/390/338
f 2135/418/328 500/420/36 499/419/36
f 2135/418/328 499/419/36 2136/394/328
f 2137/421/350 2109/388/336 2112/389/339
f 2137/421/350 2112/389/339 2138/422/350
f 2139/423/353 2123/404/340 2126/405/518
f 2139/423/353 2126/405/518 2140/424/353
f 2141/422/348 2127/389/324 2130/408/327
f 2141/422/348 2130/408/327 2142/425/348
s 0
f 2143/426/352 2144/396/352 2145/397/352
f 2143/426/352 2145/397/352 2146/427/352
f 2147/428/351 2148/400/351 2149/401/351
f 2147/428/351 2149/401/351 2150/429/351
s 1
f 2151/424/349 2131/405/332 2134/410/521
f 2151/424/349 2134/410/521 2152/430/349
f 2153/431/360 2154/434/375 2155/433/375
f 2153/431/360 2155/433/375 2156/432/360
f 2154/434/375 2157/436/359 2158/435/359
f 2154/434/375 2158/435/359 2155/433/375
f 2159/437/358 2160/440/1 2161/439/1
f 2159/437/358 2161/439/1 2162/438/358
f 2160/440/1 2163/442/357 2164/441/357
f 2160/440/1 2164/441/357 2161/439/1
s 0
f 2165/442/356 2166/443/356 2167/436/356
f 2165/442/356 2167/436/356 2168/441/356
s 1
f 2169/444/354 2170/447/371 2171/446/371
f 2169/444/354 2171/446/371 2172/445/354
f 2170/447/371 2173/449/368 2174/448/368
f 2170/447/371 2174/448/368 2171/446/371
f 2175/450/368 2176/453/380 2177/452/380
f 2175/450/368 2177/452/380 2178/451/368
f 2176/453/380 2179/455/365 2180/454/365
f 2176/453/380 2180/454/365 2177/452/380
s 0
f 2181/455/364 2182/457/364 2183/456/364
f 2181/455/364 2183/456/364 2184/454/364
s 1
f 2185/458/368 2186/461/368 2187/460/370
f 2185/458/368 2187/460/370 2188/459/370
f 2189/457/374 2190/463/362 2191/462/522
f 2189/457/374 2191/462/522 2192/456/374
f 2193/464/362 2194/431/366 2195/432/366
f 2193/464/362 2195/432/366 2196/465/362
f 2197/466/360 2198/469/360 2199/468/361
f 2197/466/360 2199/468/361 2200/467/361
s 0
f 2201/470/373 2202/473/373 2203/472/373
f 2201/470/373 2203/472/373 2204/471/373
f 2204/471/373 2203/472/373 2205/475/373
f 2204/471/373 2205/475/373 2206/474/373
f 2206/474/373 2205/475/373 2207/477/373
f 2206/474/373 2207/477/373 2208/476/373
f 2208/476/373 2207/477/373 2209/479/373
f 2208/476/373 2209/479/373 2210/478/373
f 2210/478/373 2209/479/373 2211/481/373
f 2210/478/373 2211/481/373 2212/480/373
f 2212/480/373 2211/481/373 2213/483/373
f 2212/480/373 2213/483/373 2214/482/373
f 2214/482/373 2213/483/373 2215/485/373
f 2214/482/373 2215/485/373 2216/484/373
f 2216/484/373 2215/485/373 2217/487/373
f 2216/484/373 2217/487/373 2218/486/373
f 2218/486/373 2217/487/373 2219/489/373
f 2218/486/373 2219/489/373 2220/488/373
f 2220/488/373 2219/489/373 2221/491/373
f 2220/488/373 2221/491/373 2222/490/373
f 2222/490/373 2221/491/373 2223/493/373
f 2222/490/373 2223/493/373 2224/492/373
f 2224/492/373 2223/493/373 2202/473/373
f 2224/492/373 2202/473/373 2201/470/373
f 2225/494/372 2226/497/372 2227/496/372
f 2225/494/372 2227/496/372 2228/495/372
f 2228/495/372 2227/496/372 2229/499/372
f 2228/495/372 2229/499/372 2230/498/372
f 2230/498/372 2229/499/372 2231/501/372
f 2230/498/372 2231/501/372 2232/500/372
f 2232/500/372 2231/501/372 2233/503/372
f 2232/500/372 2233/503/372 2234/502/372
f 2234/502/372 2233/503/372 2235/505/372
f 2234/502/372 2235/505/372 2236/504/372
f 2236/504/372 2235/505/372 2237/507/372
f 2236/504/372 2237/507/372 2238/506/372
f 2238/506/372 2237/507/372 2239/509/372
f 2238/506/372 2239/509/372 2240/508/372
f 2240/508/372 2239/509/372 2241/511/372
f 2240/508/372 2241/511/372 2242/510/372
f 2242/510/372 2241/511/372 2243/513/372
f 2242/510/372 2243/513/372 2244/512/372
f 2244/512/372 2243/513/372 2245/515/372
f 2244/512/372 2245/515/372 2246/514/372
f 2246/514/372 2245/515/372 2247/517/372
f 2246/514/372 2247/517/372 2248/516/372
f 2248/516/372 2247/517/372 2226/497/372
f 2248/516/372 2226/497/372 2225/494/372
s 1
f 2249/518/354 2250/521/354 2251/520/371
f 2249/518/354 2251/520/371 2252/519/371
f 2253/522/360 2254/525/360 2255/524/361
f 2253/522/360 2255/524/361 2256/523/361
f 2257/526/362 2258/529/362 2259/528/366
f 2257/526/362 2259/528/366 2260/527/366
f 2200/467/361 2199/468/361 2261/531/366
f 2200/467/361 2261/531/366 2262/530/366
f 2263/532/367 2264/535/367 2265/534/368
f 2263/532/367 2265/534/368 2266/533/368
f 2267/527/360 2268/528/360 2269/537/375
f 2267/527/360 2269/537/375 2270/536/375
s 0
f 2271/538/374 2272/541/374 2273/540/374
f 2271/538/374 2273/540/374 2274/539/374
f 2275/542/370 2276/545/370 2277/544/370
f 2275/542/370 2277/544/370 2278/543/370
s 1
f 2279/459/354 2280/460/354 2281/547/355
f 2279/459/354 2281/547/355 2282/546/355
f 2270/536/375 2269/537/375 2283/549/359
f 2270/536/375 2283/549/359 2284/548/359
f 2285/539/364 2286/540/364 2287/551/99
f 2285/539/364 2287/551/99 2288/550/99
f 2289/552/355 2290/553/355 2291/545/354
f 2289/552/355 2291/545/354 2292/542/354
f 2293/554/355 2294/557/355 2295/556/356
f 2293/554/355 2295/556/356 2296/555/356
f 2297/558/358 2298/561/358 2299/560/1
f 2297/558/358 2299/560/1 2300/559/1
f 2288/550/99 2287/551/99 2301/535/365
f 2288/550/99 2301/535/365 2302/532/365
f 2303/562/367 2304/565/367 2305/564/380
f 2303/562/367 2305/564/380 2306/563/380
f 2307/555/357 2308/556/357 2309/567/1
f 2307/555/357 2309/567/1 2310/566/1
f 2300/559/1 2299/560/1 2311/569/357
f 2300/559/1 2311/569/357 2312/568/357
f 2306/563/380 2305/564/380 2313/571/99
f 2306/563/380 2313/571/99 2314/570/99
f 2310/566/1 2309/567/1 2315/573/358
f 2310/566/1 2315/573/358 2316/572/358
f 2317/568/356 2318/569/356 2319/575/355
f 2317/568/356 2319/575/355 2320/574/355
f 2314/570/99 2313/571/99 2321/577/364
f 2314/570/99 2321/577/364 2322/576/364
s 0
f 2323/578/359 2324/579/359 2325/469/359
f 2323/578/359 2325/469/359 2326/466/359
s 1
f 2327/576/374 2328/577/374 2329/581/362
f 2327/576/374 2329/581/362 2330/580/362
s 0
f 2331/582/373 2332/585/373 2333/584/373
f 2331/582/373 2333/584/373 2334/583/373
f 2334/583/373 2333/584/373 2335/587/373
f 2334/583/373 2335/587/373 2336/586/373
f 2336/586/373 2335/587/373 2337/589/373
f 2336/586/373 2337/589/373 2338/588/373
f 2338/588/373 2337/589/373 2339/591/373
f 2338/588/373 2339/591/373 2340/590/373
f 2340/590/373 2339/591/373 2341/593/373
f 2340/590/373 2341/593/373 2342/592/373
f 2342/592/373 2341/593/373 2343/595/373
f 2342/592/373 2343/595/373 2344/594/373
f 2344/594/373 2343/595/373 2345/597/373
f 2344/594/373 2345/597/373 2346/596/373
f 2346/596/373 2345/597/373 2347/599/373
f 2346/596/373 2347/599/373 2348/598/373
f 2348/598/373 2347/599/373 2349/601/373
f 2348/598/373 2349/601/373 2350/600/373
f 2350/600/377 2349/601/377 2351/603/377
f 2350/600/373 2351/603/373 2352/602/373
f 2352/602/373 2351/603/373 2353/605/373
f 2352/602/373 2353/605/373 2354/604/373
f 2354/604/373 2353/605/373 2332/585/373
f 2354/604/373 2332/585/373 2331/582/373
f 2355/606/372 2356/609/372 2357/608/372
f 2355/606/372 2357/608/372 2358/607/372
f 2358/607/372 2357/608/372 2359/611/372
f 2358/607/372 2359/611/372 2360/610/372
f 2360/610/372 2359/611/372 2361/613/372
f 2360/610/372 2361/613/372 2362/612/372
f 2362/612/372 2361/613/372 2363/615/372
f 2362/612/372 2363/615/372 2364/614/372
f 2364/614/376 2363/615/376 2365/617/376
f 2364/614/372 2365/617/372 2366/616/372
f 2366/616/372 2365/617/372 2367/619/372
f 2366/616/372 2367/619/372 2368/618/372
f 2368/618/372 2367/619/372 2369/621/372
f 2368/618/372 2369/621/372 2370/620/372
f 2370/620/372 2369/621/372 2371/623/372
f 2370/620/372 2371/623/372 2372/622/372
f 2372/622/372 2371/623/372 2373/625/372
f 2372/622/372 2373/625/372 2374/624/372
f 2374/624/372 2373/625/372 2375/627/372
f 2374/624/372 2375/627/372 2376/626/372
f 2376/626/372 2375/627/372 2377/629/372
f 2376/626/372 2377/629/372 2378/628/372
f 2378/628/372 2377/629/372 2356/609/372
f 2378/628/372 2356/609/372 2355/606/372
s 1
f 2379/630/354 2380/633/354 2381/632/355
f 2379/630/354 2381/632/355 2382/631/355
f 2383/634/379 2384/635/379 2385/525/359
f 2383/634/379 2385/525/359 2386/522/359
f 2252/519/371 2251/520/371 2387/637/370
f 2252/519/371 2387/637/370 2388/636/370
f 2389/638/355 2390/641/355 2391/640/378
f 2389/638/355 2391/640/378 2392/639/378
f 2393/642/360 2394/645/360 2395/644/375
f 2393/642/360 2395/644/375 2396/643/375
f 2256/523/361 2255/524/361 2397/647/366
f 2256/523/361 2397/647/366 2398/646/366
f 2399/648/367 2400/651/367 2401/650/380
f 2399/648/367 2401/650/380 2402/649/380
f 2392/639/378 2391/640/378 2403/653/357
f 2392/639/378 2403/653/357 2404/652/357
f 2405/654/362 2406/655/362 2407/645/366
f 2405/654/362 2407/645/366 2408/642/366
f 2409/656/374 2410/659/374 2411/658/363
f 2409/656/374 2411/658/363 2412/657/363
f 2402/649/380 2401/650/380 2413/661/99
f 2402/649/380 2413/661/99 2414/660/99
f 2415/652/358 2416/653/358 2417/663/379
f 2415/652/358 2417/663/379 2418/662/379
f 2396/643/375 2395/644/375 2419/665/523
f 2396/643/375 2419/665/523 2420/664/379
f 2412/657/363 2411/658/363 2421/667/99
f 2412/657/363 2421/667/99 2422/666/99
f 2414/660/99 2413/661/99 2423/669/364
f 2414/660/99 2423/669/364 2424/668/364
f 2425/670/379 2426/673/379 2427/672/358
f 2425/670/379 2427/672/358 2428/671/358
f 2422/666/99 2421/667/99 2429/675/365
f 2422/666/99 2429/675/365 2430/674/365
f 2431/668/374 2432/669/374 2433/677/362
f 2431/668/374 2433/677/362 2434/676/362
f 2435/671/357 2436/672/357 2437/679/378
f 2435/671/357 2437/679/378 2438/678/378
f 2439/674/367 2440/675/367 2441/681/368
f 2439/674/367 2441/681/368 2442/680/368
f 2438/678/378 2437/679/378 2443/683/356
f 2438/678/378 2443/683/356 2444/682/356
f 2445/684/368 2446/685/368 2447/633/370
f 2445/684/368 2447/633/370 2448/630/370
s 0
f 2449/686/384 2450/689/384 2451/688/384
f 2449/686/384 2451/688/384 2452/687/384
f 2453/690/372 2454/693/372 2455/692/372
f 2453/690/372 2455/692/372 2456/691/372
f 2457/694/385 2458/697/385 2459/696/385
f 2457/694/385 2459/696/385 2460/695/385
f 2461/697/382 2462/699/382 2463/698/382
f 2461/697/382 2463/698/382 2464/696/382
f 2465/700/373 2466/703/373 2467/702/373
f 2465/700/373 2467/702/373 2468/701/373
f 2469/704/383 2470/686/383 2471/687/383
f 2469/704/383 2471/687/383 2472/705/383
f 2473/706/1 2474/709/1 2475/708/1
f 2473/706/1 2475/708/1 2476/707/1
f 2454/693/372 2477/711/372 2478/710/372
f 2454/693/372 2478/710/372 2455/692/372
f 2479/712/373 2480/715/373 2481/714/373
f 2479/712/373 2481/714/373 2482/713/373
f 2483/716/1 2484/719/1 2485/718/1
f 2483/716/1 2485/718/1 2486/717/1
f 2486/717/1 2485/718/1 2487/721/1
f 2486/717/1 2487/721/1 2488/720/1
f 2489/722/524 2490/725/524 2491/724/524
f 2489/722/525 2491/724/525 2492/723/525
f 2493/347/1 2494/728/1 2495/727/1
f 2493/347/1 2495/727/1 2496/726/1
f 2497/729/1 2498/730/1 2474/709/1
f 2497/729/1 2474/709/1 2473/706/1
f 2499/731/1 2500/734/1 2501/733/1
f 2499/731/1 2501/733/1 2502/732/1
f 2503/735/372 2504/738/372 2505/737/372
f 2503/735/372 2505/737/372 2506/736/372
f 2507/739/525 2508/742/525 2509/741/525
f 2507/739/525 2509/741/525 2510/740/525
f 2511/743/526 2512/746/526 2513/745/526
f 2511/743/526 2513/745/526 2514/744/526
f 2515/747/526 2516/750/526 2517/749/526
f 2515/747/526 2517/749/526 2518/748/526
f 2519/751/373 2479/712/373 2482/713/373
f 2519/751/373 2482/713/373 2520/752/373
s 1
f 2521/10/527 2522/11/528 1714/12/391
f 2521/10/527 1714/12/391 1713/13/390
f 1716/14/393 1719/15/396 2523/16/529
f 1716/14/393 2523/16/529 2524/17/530
f 1719/15/396 1721/18/398 2525/19/531
f 1719/15/396 2525/19/531 2523/16/529
s 0
f 2526/20/94 2527/21/94 2528/22/94
f 2526/20/94 2528/22/94 2529/23/94
s 1
f 2530/24/532 2531/25/533 2532/26/534
f 2530/24/532 2532/26/534 2533/27/535
f 2534/28/536 2530/24/532 2533/27/535
f 2534/28/536 2533/27/535 2535/29/537
f 900/30/264 2534/28/536 2535/29/537
f 900/30/264 2535/29/537 901/31/264
f 2536/32/538 2537/33/539 2538/34/540
f 2536/32/538 2538/34/540 2539/35/541
s 0
f 2540/36/409 2541/37/409 1738/38/409
f 2540/36/409 1738/38/409 1737/39/409
f 2542/40/410 2543/41/410 1742/42/410
f 2542/40/410 1742/42/410 1741/43/410
f 2528/22/94 2544/35/94 2545/44/94
f 2528/22/94 2545/44/94 2529/23/94
f 2544/35/94 2546/34/94 2547/45/94
f 2544/35/94 2547/45/94 2545/44/94
s 1
f 914/46/1 2548/47/411 2549/48/411
f 914/46/1 2549/48/411 915/49/1
f 2550/50/20 2551/51/542 2552/22/543
f 2550/50/20 2552/22/543 2553/21/21
f 2554/52/414 2555/53/415 2556/54/415
f 2554/52/414 2556/54/415 2557/55/414
f 2548/47/411 2554/52/414 2557/55/414
f 2548/47/411 2557/55/414 2549/48/411
f 2558/56/416 2559/57/417 2560/58/417
f 2558/56/416 2560/58/417 2561/59/416
f 2562/37/544 2563/60/544 1764/61/419
f 2562/37/544 1764/61/419 1763/38/419
f 2551/51/542 2536/32/538 2539/35/541
f 2551/51/542 2539/35/541 2552/22/543
f 32/5/21 2564/62/545 2565/63/546
f 32/5/21 2565/63/546 33/6/22
f 2566/64/547 2567/65/534 2568/66/533
f 2566/64/547 2568/66/533 2569/67/548
s 0
f 1772/68/1 1775/69/1 2570/70/1
f 1772/68/1 2570/70/1 2571/71/1
s 1
f 2572/72/549 2573/73/427 2574/74/550
f 2572/72/549 2574/74/550 2575/75/551
f 1780/76/428 2576/77/552 2577/78/553
f 1780/76/428 2577/78/553 1781/79/429
f 2575/75/551 2574/74/550 2578/80/554
f 2575/75/551 2578/80/554 2579/81/555
f 1781/79/429 2577/78/553 2580/82/556
f 1781/79/429 2580/82/556 1786/83/434
f 2577/78/553 2575/75/551 2579/81/555
f 2577/78/553 2579/81/555 2580/82/556
s 0
f 2581/84/94 2582/85/94 2583/86/94
f 2581/84/94 2583/86/94 2584/87/94
f 2585/88/94 2586/89/94 2587/90/94
f 2585/88/94 2587/90/94 2588/91/94
s 1
f 2589/92/284 2590/93/284 2591/94/285
f 2589/92/284 2591/94/285 2592/95/284
s 0
f 2593/96/286 2594/97/286 2595/98/286
f 2593/96/286 2595/98/286 2596/99/286
s 1
f 2597/100/557 2598/101/557 2599/87/557
f 2597/100/557 2599/87/557 2600/86/557
f 969/102/288 2601/103/288 2602/104/285
f 969/102/288 2602/104/285 970/105/289
s 0
f 2603/106/558 2604/107/558 2605/108/558
f 2603/106/558 2605/108/558 2606/109/558
f 2607/110/94 2608/111/94 2609/112/94
f 2607/110/94 2609/112/94 2610/113/94
f 2608/111/94 982/114/94 981/115/94
f 2608/111/94 981/115/94 2609/112/94
f 983/116/94 2611/117/94 2612/118/94
f 983/116/94 2612/118/94 984/119/94
f 2611/117/94 2607/110/94 2610/113/94
f 2611/117/94 2610/113/94 2612/118/94
f 2613/120/86 2614/121/86 2615/122/86
f 2613/120/86 2615/122/86 2616/123/86
f 2617/124/89 2618/125/89 2619/126/89
f 2617/124/89 2619/126/89 2620/127/89
f 2621/128/88 2622/129/88 2623/130/88
f 2621/128/88 2623/130/88 2624/131/88
f 2625/129/87 2626/132/87 2627/133/87
f 2625/129/87 2627/133/87 2628/130/87
f 2629/134/82 2630/135/82 2631/136/82
f 2629/134/82 2631/136/82 2632/137/82
f 2633/138/85 2634/139/85 2635/140/85
f 2633/138/85 2635/140/85 2636/141/85
f 2637/139/84 2638/142/84 2639/143/84
f 2637/139/84 2639/143/84 2640/140/84
f 2641/144/83 2642/145/83 2643/146/83
f 2641/144/83 2643/146/83 2644/147/83
f 2645/148/438 2646/149/438 2647/150/438
f 2645/148/438 2647/150/438 2648/151/438
f 2649/152/94 2650/153/94 2651/154/94
f 2649/152/94 2651/154/94 2652/155/94
f 2653/156/439 2654/157/439 2655/158/439
f 2653/156/439 2655/158/439 2656/159/439
f 2657/160/440 2658/161/440 2659/162/440
f 2657/160/440 2659/162/440 2660/163/440
f 2661/164/440 2662/165/440 2663/166/440
f 2661/164/440 2663/166/440 2664/167/440
f 2665/168/440 2666/169/440 2667/170/440
f 2665/168/440 2667/170/440 2668/171/440
f 2669/172/441 2670/173/441 2671/174/441
f 2669/172/441 2671/174/441 2672/175/441
f 2673/176/441 2674/177/441 2675/178/441
f 2673/176/441 2675/178/441 2676/179/441
f 2677/180/441 2678/181/441 2679/182/441
f 2677/180/441 2679/182/441 2680/183/441
f 2681/184/36 2682/185/36 2683/186/36
f 2681/184/36 2683/186/36 2684/187/36
f 2685/188/442 2686/189/442 2687/190/442
f 2685/188/442 2687/190/442 2688/191/442
f 2689/192/440 2690/193/440 2691/194/440
f 2689/192/440 2691/194/440 2692/195/440
f 2693/196/443 2694/197/443 2695/198/443
f 2693/196/443 2695/198/443 2696/199/443
f 2697/200/441 2698/201/441 2699/8/441
f 2697/200/441 2699/8/441 2700/202/441
s 1
f 2701/203/444 2702/204/445 2703/205/445
f 2701/203/444 2703/205/445 2704/206/444
s 0
f 2705/207/99 2706/208/99 2707/209/99
f 2705/207/99 2707/209/99 2708/210/99
s 1
f 2709/211/446 2710/212/446 2711/213/447
f 2709/211/446 2711/213/447 2712/214/447
s 0
f 2713/215/94 2714/216/94 2715/217/94
f 2713/215/94 2715/217/94 2716/218/94
s 1
f 2701/203/444 2704/206/444 2710/212/446
f 2701/203/444 2710/212/446 2709/211/446
f 2717/219/448 2718/220/449 2719/221/449
f 2717/219/448 2719/221/449 2720/222/448
f 2711/213/447 2721/223/450 2722/224/450
f 2711/213/447 2722/224/450 2712/214/447
s 0
f 2723/225/94 2724/226/94 2725/227/94
f 2723/225/94 2725/227/94 2726/228/94
f 2727/229/94 2728/230/94 2729/231/94
f 2727/229/94 2729/231/94 2730/232/94
f 2731/233/36 2732/234/36 2733/235/36
f 2731/233/36 2733/235/36 2734/236/36
s 1
f 2735/237/451 2736/238/451 2737/239/452
f 2735/237/451 2737/239/452 2738/240/452
s 0
f 2739/241/36 2740/242/36 2741/243/36
f 2739/241/36 2741/243/36 2742/244/36
s 1
f 2738/240/452 2737/239/452 2743/245/453
f 2738/240/452 2743/245/453 2744/246/453
f 2745/247/454 2746/248/454 2717/219/448
f 2745/247/454 2717/219/448 2720/222/448
s 0
f 2747/249/36 2748/250/36 2749/251/36
f 2747/249/36 2749/251/36 2750/252/36
f 2751/253/113 2752/254/113 2753/255/113
f 2751/253/113 2753/255/113 2754/256/113
f 2755/257/114 2756/258/114 2757/259/114
f 2755/257/114 2757/259/114 2758/260/114
f 2759/260/115 2760/259/115 2761/261/115
f 2759/260/115 2761/261/115 2762/262/115
f 2763/263/116 2764/264/116 2765/265/116
f 2763/263/116 2765/265/116 2766/266/116
f 2767/266/109 2768/265/109 2769/267/109
f 2767/266/109 2769/267/109 2770/268/109
f 2771/269/110 2772/270/110 2773/271/110
f 2771/269/110 2773/271/110 2774/272/110
f 2775/273/111 2776/274/111 2777/275/111
f 2775/273/111 2777/275/111 2778/276/111
f 2779/277/112 2780/278/112 2781/254/112
f 2779/277/112 2781/254/112 2782/253/112
s 1
f 2783/279/124 2784/280/126 2785/281/460
f 2783/279/124 2785/281/460 2786/282/461
f 2784/280/126 2787/283/128 2788/284/559
f 2784/280/126 2788/284/559 2785/281/460
f 2787/283/128 2789/285/458 2790/286/458
f 2787/283/128 2790/286/458 2788/284/559
f 2789/285/458 2791/287/117 2792/288/560
f 2789/285/458 2792/288/560 2790/286/458
f 2791/287/117 2793/289/118 2794/290/456
f 2791/287/117 2794/290/456 2792/288/560
f 2793/289/118 2795/291/121 2796/292/455
f 2793/289/118 2796/292/455 2794/290/456
s 0
f 1171/293/94 1174/294/94 2797/295/94
f 1171/293/94 2797/295/94 2798/296/94
s 1
f 2799/296/561 2800/295/562 2801/297/562
f 2799/296/561 2801/297/562 2802/298/23
f 2803/299/563 2804/300/564 2805/301/565
f 2803/299/563 2805/301/565 2806/302/566
f 2807/303/567 2808/304/568 2809/305/569
f 2807/303/567 2809/305/569 2810/306/570
s 0
f 2811/307/472 2812/308/472 2813/309/472
f 2811/307/472 2813/309/472 2814/310/472
f 2815/311/473 2816/312/473 2817/313/473
f 2815/311/473 2817/313/473 2818/314/473
s 1
f 2819/315/571 2820/316/478 2821/304/479
f 2819/315/571 2821/304/479 2822/317/572
f 2823/300/477 2824/318/573 2825/319/574
f 2823/300/477 2825/319/574 2826/301/476
f 2827/316/575 2828/320/576 2809/305/569
f 2827/316/575 2809/305/569 2808/304/568
f 2829/321/577 2806/302/566 2805/301/565
f 2829/321/577 2805/301/565 2830/322/578
f 2831/323/486 2832/324/486 2833/325/486
f 2831/323/486 2833/325/486 2834/326/486
s 0
f 2835/327/487 2836/328/487 2837/329/487
f 2835/327/487 2837/329/487 2838/330/487
s 1
f 2839/322/496 2826/301/476 2825/319/574
f 2839/322/496 2825/319/574 2840/331/497
f 2841/332/579 2829/321/577 2830/322/578
f 2841/332/579 2830/322/578 2842/333/580
s 0
f 2843/334/492 2844/323/492 2845/326/492
f 2843/334/492 2845/326/492 2846/335/492
f 2847/336/493 2848/327/493 2849/330/493
f 2847/336/493 2849/330/493 2850/337/493
s 1
f 2851/338/499 2852/339/489 2853/303/488
f 2851/338/499 2853/303/488 2854/340/581
f 2855/333/582 2839/322/496 2840/331/497
f 2855/333/582 2840/331/497 2856/341/494
f 2857/340/583 2807/303/567 2810/306/570
f 2857/340/583 2810/306/570 2858/342/584
f 2852/339/489 2822/317/572 2821/304/479
f 2852/339/489 2821/304/479 2853/303/488
f 2859/343/509 2860/344/509 2841/332/579
f 2859/343/509 2841/332/579 2842/333/580
s 0
f 2861/345/503 2862/346/503 2863/312/503
f 2861/345/503 2863/312/503 2864/311/503
f 2865/347/503 2866/348/503 2867/349/503
f 2865/347/503 2867/349/503 2868/350/503
s 1
f 2869/351/585 2079/352/506 2078/353/391
f 2869/351/585 2078/353/391 2870/354/586
f 2871/355/509 2872/356/509 2824/318/573
f 2871/355/509 2824/318/573 2823/300/477
f 2873/357/510 2874/343/510 2855/333/582
f 2873/357/510 2855/333/582 2856/341/494
s 0
f 2875/358/508 2876/359/508 2877/360/508
f 2875/358/508 2877/360/508 2878/194/508
s 1
f 2879/361/502 2880/362/502 2857/340/583
f 2879/361/502 2857/340/583 2858/342/584
f 2881/362/507 2882/363/507 2851/338/499
f 2881/362/507 2851/338/499 2854/340/581
f 2883/364/510 2884/355/510 2804/300/564
f 2883/364/510 2804/300/564 2803/299/563
s 0
f 2885/365/508 2886/366/508 2887/308/508
f 2885/365/508 2887/308/508 2888/307/508
s 1
f 2889/367/507 2890/368/507 2828/320/576
f 2889/367/507 2828/320/576 2827/316/575
f 2891/369/502 2892/367/502 2820/316/478
f 2891/369/502 2820/316/478 2819/315/571
f 1721/18/398 439/370/99 1269/371/319
f 1721/18/398 1269/371/319 2525/19/531
f 2102/372/511 2893/373/511 1270/374/1
f 2102/372/511 1270/374/1 444/375/1
f 2894/295/587 1275/294/321 1274/376/321
f 2894/295/587 1274/376/321 2895/297/587
s 0
f 2896/377/94 1277/378/94 1171/293/94
f 2896/377/94 1171/293/94 2798/296/94
f 2897/379/322 1281/380/322 1280/381/322
f 2897/379/322 1280/381/322 2898/382/322
s 1
f 2590/93/284 1283/383/284 1282/384/289
f 2590/93/284 1282/384/289 2591/94/285
f 2537/33/539 1285/385/323 1284/386/323
f 2537/33/539 1284/386/323 2538/34/540
s 0
f 2546/34/94 1287/386/94 1286/387/94
f 2546/34/94 1286/387/94 2547/45/94
s 1
f 2899/388/197 2900/389/198 2901/390/199
f 2899/388/197 2901/390/199 2902/391/588
f 2903/392/210 2904/393/210 1294/394/36
f 2903/392/210 1294/394/36 1293/395/36
s 0
f 2905/396/589 2906/397/589 2907/398/589
f 2905/396/589 2907/398/589 2908/399/589
f 2909/400/590 2910/401/590 2911/402/590
f 2909/400/591 2911/402/591 2912/403/591
s 1
f 2913/404/201 2914/405/592 2915/406/203
f 2913/404/201 2915/406/203 2916/407/593
f 2917/389/185 2918/408/186 2919/409/187
f 2917/389/185 2919/409/187 2920/390/594
f 2921/405/193 2922/410/595 2923/411/195
f 2921/405/193 2923/411/195 2924/406/596
f 2920/390/594 2919/409/187 1317/412/209
f 2920/390/594 1317/412/209 1316/413/344
f 2916/407/593 2915/406/203 1319/414/345
f 2916/407/593 1319/414/345 1318/415/345
f 2924/406/596 2923/411/195 1321/416/346
f 2924/406/596 1321/416/346 1320/414/346
f 2902/391/588 2901/390/199 1323/413/205
f 2902/391/588 1323/413/205 1322/417/205
f 2925/418/189 2926/394/189 1326/419/94
f 2925/418/189 1326/419/94 1325/420/94
f 2927/421/213 2928/422/213 2900/389/198
f 2927/421/213 2900/389/198 2899/388/197
f 2929/423/216 2930/424/216 2914/405/592
f 2929/423/216 2914/405/592 2913/404/201
f 2931/422/211 2932/425/211 2918/408/186
f 2931/422/211 2918/408/186 2917/389/185
s 0
f 2933/426/215 2934/427/215 2935/397/215
f 2933/426/215 2935/397/215 2936/396/215
f 2937/428/214 2938/429/214 2939/401/214
f 2937/428/214 2939/401/214 2940/400/214
s 1
f 2941/424/212 2942/430/212 2922/410/595
f 2941/424/212 2922/410/595 2921/405/193
f 2943/431/223 2944/432/223 2945/433/237
f 2943/431/223 2945/433/237 2946/434/237
f 2946/434/237 2945/433/237 2947/435/222
f 2946/434/237 2947/435/222 2948/436/222
f 2949/437/221 2950/438/221 2951/439/1
f 2949/437/221 2951/439/1 2952/440/1
f 2952/440/1 2951/439/1 2953/441/220
f 2952/440/1 2953/441/220 2954/442/220
s 0
f 2955/442/219 2956/441/219 2957/436/219
f 2955/442/219 2957/436/219 2958/443/219
s 1
f 2959/444/217 2960/445/217 2961/446/233
f 2959/444/217 2961/446/233 2962/447/233
f 2962/447/233 2961/446/233 2963/448/231
f 2962/447/233 2963/448/231 2964/449/231
f 2965/450/231 2966/451/231 2967/452/243
f 2965/450/231 2967/452/243 2968/453/243
f 2968/453/243 2967/452/243 2969/454/228
f 2968/453/243 2969/454/228 2970/455/228
s 0
f 2971/455/227 2972/454/227 2973/456/227
f 2971/455/227 2973/456/227 2974/457/227
s 1
f 2975/458/231 2976/459/232 2977/460/232
f 2975/458/231 2977/460/232 2978/461/231
f 2979/457/236 2980/456/236 2981/462/225
f 2979/457/236 2981/462/225 2982/463/225
f 2983/464/225 2984/465/225 2985/432/229
f 2983/464/225 2985/432/229 2986/431/229
f 2987/466/223 2988/467/224 2989/468/224
f 2987/466/223 2989/468/224 2990/469/223
s 0
f 2991/470/235 2992/471/235 2993/472/235
f 2991/470/235 2993/472/235 2994/473/235
f 2992/471/235 2995/474/235 2996/475/235
f 2992/471/235 2996/475/235 2993/472/235
f 2995/474/235 2997/476/235 2998/477/235
f 2995/474/235 2998/477/235 2996/475/235
f 2997/476/235 2999/478/235 3000/479/235
f 2997/476/235 3000/479/235 2998/477/235
f 2999/478/235 3001/480/235 3002/481/235
f 2999/478/235 3002/481/235 3000/479/235
f 3001/480/235 3003/482/235 3004/483/235
f 3001/480/235 3004/483/235 3002/481/235
f 3003/482/235 3005/484/235 3006/485/235
f 3003/482/235 3006/485/235 3004/483/235
f 3005/484/235 3007/486/235 3008/487/235
f 3005/484/235 3008/487/235 3006/485/235
f 3007/486/235 3009/488/235 3010/489/235
f 3007/486/235 3010/489/235 3008/487/235
f 3009/488/235 3011/490/235 3012/491/235
f 3009/488/235 3012/491/235 3010/489/235
f 3011/490/235 3013/492/235 3014/493/235
f 3011/490/235 3014/493/235 3012/491/235
f 3013/492/235 2991/470/235 2994/473/235
f 3013/492/235 2994/473/235 3014/493/235
f 3015/494/234 3016/495/234 3017/496/234
f 3015/494/234 3017/496/234 3018/497/234
f 3016/495/234 3019/498/234 3020/499/234
f 3016/495/234 3020/499/234 3017/496/234
f 3019/498/234 3021/500/234 3022/501/234
f 3019/498/234 3022/501/234 3020/499/234
f 3021/500/234 3023/502/234 3024/503/234
f 3021/500/234 3024/503/234 3022/501/234
f 3023/502/234 3025/504/234 3026/505/234
f 3023/502/234 3026/505/234 3024/503/234
f 3025/504/234 3027/506/234 3028/507/234
f 3025/504/234 3028/507/234 3026/505/234
f 3027/506/234 3029/508/234 3030/509/234
f 3027/506/234 3030/509/234 3028/507/234
f 3029/508/234 3031/510/234 3032/511/234
f 3029/508/234 3032/511/234 3030/509/234
f 3031/510/234 3033/512/234 3034/513/234
f 3031/510/234 3034/513/234 3032/511/234
f 3033/512/234 3035/514/234 3036/515/234
f 3033/512/234 3036/515/234 3034/513/234
f 3035/514/234 3037/516/234 3038/517/234
f 3035/514/234 3038/517/234 3036/515/234
f 3037/516/234 3015/494/234 3018/497/234
f 3037/516/234 3018/497/234 3038/517/234
s 1
f 3039/518/217 3040/519/233 3041/520/233
f 3039/518/217 3041/520/233 3042/521/217
f 3043/522/223 3044/523/224 3045/524/224
f 3043/522/223 3045/524/224 3046/525/223
f 3047/526/225 3048/527/229 3049/528/229
f 3047/526/225 3049/528/229 3050/529/225
f 2988/467/224 3051/530/229 3052/531/229
f 2988/467/224 3052/531/229 2989/468/224
f 3053/532/230 3054/533/231 3055/534/231
f 3053/532/230 3055/534/231 3056/535/230
f 3057/527/223 3058/536/237 3059/537/237
f 3057/527/223 3059/537/237 3060/528/223
s 0
f 3061/538/236 3062/539/236 3063/540/236
f 3061/538/236 3063/540/236 3064/541/236
f 3065/542/232 3066/543/232 3067/544/232
f 3065/542/232 3067/544/232 3068/545/232
s 1
f 3069/459/217 3070/546/218 3071/547/218
f 3069/459/217 3071/547/218 3072/460/217
f 3058/536/237 3073/548/222 3074/549/222
f 3058/536/237 3074/549/222 3059/537/237
f 3075/539/227 3076/550/99 3077/551/99
f 3075/539/227 3077/551/99 3078/540/227
f 3079/552/218 3080/542/217 3081/545/217
f 3079/552/218 3081/545/217 3082/553/218
f 3083/554/218 3084/555/219 3085/556/219
f 3083/554/218 3085/556/219 3086/557/218
f 3087/558/221 3088/559/1 3089/560/1
f 3087/558/221 3089/560/1 3090/561/221
f 3076/550/99 3091/532/228 3092/535/228
f 3076/550/99 3092/535/228 3077/551/99
f 3093/562/230 3094/563/243 3095/564/243
f 3093/562/230 3095/564/243 3096/565/230
f 3097/555/220 3098/566/1 3099/567/1
f 3097/555/220 3099/567/1 3100/556/220
f 3088/559/1 3101/568/220 3102/569/220
f 3088/559/1 3102/569/220 3089/560/1
f 3094/563/243 3103/570/99 3104/571/99
f 3094/563/243 3104/571/99 3095/564/243
f 3098/566/1 3105/572/221 3106/573/221
f 3098/566/1 3106/573/221 3099/567/1
f 3107/568/219 3108/574/218 3109/575/218
f 3107/568/219 3109/575/218 3110/569/219
f 3103/570/99 3111/576/227 3112/577/227
f 3103/570/99 3112/577/227 3104/571/99
s 0
f 3113/578/222 3114/466/222 3115/469/222
f 3113/578/222 3115/469/222 3116/579/222
s 1
f 3117/576/236 3118/580/225 3119/581/225
f 3117/576/236 3119/581/225 3120/577/236
s 0
f 3121/582/235 3122/583/235 3123/584/235
f 3121/582/235 3123/584/235 3124/585/235
f 3122/583/235 3125/586/235 3126/587/235
f 3122/583/235 3126/587/235 3123/584/235
f 3125/586/235 3127/588/235 3128/589/235
f 3125/586/235 3128/589/235 3126/587/235
f 3127/588/235 3129/590/235 3130/591/235
f 3127/588/235 3130/591/235 3128/589/235
f 3129/590/235 3131/592/235 3132/593/235
f 3129/590/235 3132/593/235 3130/591/235
f 3131/592/235 3133/594/235 3134/595/235
f 3131/592/235 3134/595/235 3132/593/235
f 3133/594/235 3135/596/235 3136/597/235
f 3133/594/235 3136/597/235 3134/595/235
f 3135/596/235 3137/598/235 3138/599/235
f 3135/596/235 3138/599/235 3136/597/235
f 3137/598/235 3139/600/235 3140/601/235
f 3137/598/235 3140/601/235 3138/599/235
f 3139/600/235 3141/602/235 3142/603/235
f 3139/600/239 3142/603/239 3140/601/239
f 3141/602/235 3143/604/235 3144/605/235
f 3141/602/235 3144/605/235 3142/603/235
f 3143/604/235 3121/582/235 3124/585/235
f 3143/604/235 3124/585/235 3144/605/235
f 3145/606/234 3146/607/234 3147/608/234
f 3145/606/234 3147/608/234 3148/609/234
f 3146/607/234 3149/610/234 3150/611/234
f 3146/607/234 3150/611/234 3147/608/234
f 3149/610/234 3151/612/234 3152/613/234
f 3149/610/234 3152/613/234 3150/611/234
f 3151/612/234 3153/614/234 3154/615/234
f 3151/612/234 3154/615/234 3152/613/234
f 3153/614/234 3155/616/234 3156/617/234
f 3153/614/238 3156/617/238 3154/615/238
f 3155/616/234 3157/618/234 3158/619/234
f 3155/616/234 3158/619/234 3156/617/234
f 3157/618/234 3159/620/234 3160/621/234
f 3157/618/234 3160/621/234 3158/619/234
f 3159/620/234 3161/622/234 3162/623/234
f 3159/620/234 3162/623/234 3160/621/234
f 3161/622/234 3163/624/234 3164/625/234
f 3161/622/234 3164/625/234 3162/623/234
f 3163/624/234 3165/626/234 3166/627/234
f 3163/624/234 3166/627/234 3164/625/234
f 3165/626/234 3167/628/234 3168/629/234
f 3165/626/234 3168/629/234 3166/627/234
f 3167/628/234 3145/606/234 3148/609/234
f 3167/628/234 3148/609/234 3168/629/234
s 1
f 3169/630/217 3170/631/218 3171/632/218
f 3169/630/217 3171/632/218 3172/633/217
f 3173/634/242 3174/522/222 3175/525/222
f 3173/634/242 3175/525/222 3176/635/242
f 3040/519/233 3177/636/232 3178/637/232
f 3040/519/233 3178/637/232 3041/520/233
f 3179/638/597 3180/639/240 3181/640/240
f 3179/638/597 3181/640/240 3182/641/218
f 3183/642/223 3184/643/237 3185/644/237
f 3183/642/223 3185/644/237 3186/645/223
f 3044/523/224 3187/646/229 3188/647/229
f 3044/523/224 3188/647/229 3045/524/224
f 3189/648/230 3190/649/243 3191/650/243
f 3189/648/230 3191/650/243 3192/651/230
f 3180/639/240 3193/652/220 3194/653/220
f 3180/639/240 3194/653/220 3181/640/240
f 3195/654/225 3196/642/229 3197/645/229
f 3195/654/225 3197/645/229 3198/655/225
f 3199/656/236 3200/657/226 3201/658/226
f 3199/656/236 3201/658/226 3202/659/236
f 3190/649/243 3203/660/99 3204/661/99
f 3190/649/243 3204/661/99 3191/650/243
f 3205/652/221 3206/662/242 3207/663/598
f 3205/652/221 3207/663/598 3208/653/221
f 3184/643/237 3209/664/242 3210/665/242
f 3184/643/237 3210/665/242 3185/644/237
f 3200/657/226 3211/666/99 3212/667/99
f 3200/657/226 3212/667/99 3201/658/226
f 3203/660/99 3213/668/227 3214/669/227
f 3203/660/99 3214/669/227 3204/661/99
f 3215/670/242 3216/671/221 3217/672/221
f 3215/670/242 3217/672/221 3218/673/242
f 3211/666/99 3219/674/228 3220/675/228
f 3211/666/99 3220/675/228 3212/667/99
f 3221/668/236 3222/676/225 3223/677/225
f 3221/668/236 3223/677/225 3224/669/236
f 3225/671/220 3226/678/240 3227/679/240
f 3225/671/220 3227/679/240 3228/672/220
f 3229/674/230 3230/680/231 3231/681/599
f 3229/674/230 3231/681/599 3232/675/230
f 3226/678/240 3233/682/219 3234/683/219
f 3226/678/240 3234/683/219 3227/679/240
f 3235/684/599 3236/630/232 3237/633/232
f 3235/684/599 3237/633/232 3238/685/231
s 0
f 3239/686/248 3240/687/248 3241/688/248
f 3239/686/248 3241/688/248 3242/689/248
f 3243/690/234 3244/691/234 3245/692/234
f 3243/690/234 3245/692/234 3246/693/234
f 3247/694/249 3248/695/249 3249/696/249
f 3247/694/249 3249/696/249 3250/697/249
f 3251/697/246 3252/696/246 3253/698/246
f 3251/697/246 3253/698/246 3254/699/246
f 3255/700/235 3256/701/235 3257/702/235
f 3255/700/235 3257/702/235 3258/703/235
f 3259/704/247 3260/705/247 3261/687/247
f 3259/704/247 3261/687/247 3262/686/247
f 3263/706/1 3264/707/1 3265/708/1
f 3263/706/1 3265/708/1 3266/709/1
f 3246/693/234 3245/692/234 3267/710/234
f 3246/693/234 3267/710/234 3268/711/234
f 3269/712/235 3270/713/235 3271/714/235
f 3269/712/235 3271/714/235 3272/715/235
f 3273/716/1 3274/717/1 3275/718/1
f 3273/716/1 3275/718/1 3276/719/1
f 3274/717/1 3277/720/1 3278/721/1
f 3274/717/1 3278/721/1 3275/718/1
f 3279/722/600 3280/723/600 3281/724/600
f 3279/722/601 3281/724/601 3282/725/601
f 3283/347/1 3284/726/1 3285/727/1
f 3283/347/1 3285/727/1 3286/728/1
f 3287/729/1 3263/706/1 3266/709/1
f 3287/729/1 3266/709/1 3288/730/1
f 3289/731/1 3290/732/1 3291/733/1
f 3289/731/1 3291/733/1 3292/734/1
f 3293/735/234 3294/736/234 3295/737/234
f 3293/735/234 3295/737/234 3296/738/234
f 3297/739/600 3298/740/600 3299/741/600
f 3297/739/600 3299/741/600 3300/742/600
f 3301/743/602 3302/744/602 3303/745/602
f 3301/743/602 3303/745/602 3304/746/602
f 3305/747/602 3306/748/602 3307/749/602
f 3305/747/602 3307/749/602 3308/750/602
f 3309/751/235 3310/752/235 3270/713/235
f 3309/751/235 3270/713/235 3269/712/235
s 1
f 115/82/73 3311/753/603 116/83/74
f 3311/753/603 115/82/73 3312/754/604
f 3312/754/604 115/82/73 3313/755/605
f 3313/755/605 115/82/73 113/80/71
f 113/80/71 115/82/73 114/81/72
f 3314/756/606 3311/753/603 3312/754/604
f 3315/757/607 3316/758/608 3317/759/607
f 3316/758/608 3315/757/607 3318/760/608
f 3319/761/63 3320/762/608 3321/763/64
s 0
f 3318/760/608 3322/764/608 3316/758/608
f 3322/764/608 3318/760/608 3320/762/608
s 1
f 3322/764/608 3320/762/608 3319/761/63
s 0
f 3323/765/609 3324/766/609 3325/767/609
s 1
f 3324/766/609 3323/765/609 3326/768/610
f 3324/766/609 3326/768/610 3327/769/610
f 3323/765/609 3328/770/610 3329/771/609
f 3328/770/610 3323/765/609 3325/767/609
f 3328/770/610 3325/767/609 3330/772/610
f 442/373/180 3327/769/610 3326/768/610
f 3327/769/610 442/373/180 3331/773/611
f 3331/773/611 442/373/180 3332/774/611
f 3332/774/611 3328/770/610 3330/772/610
f 3328/770/610 3332/774/611 441/372/180
f 441/372/180 3332/774/611 442/373/180
f 111/78/69 3333/775/612 3334/776/612
f 3333/775/612 111/78/69 110/77/68
s 0
f 3333/775/612 110/77/604 3335/777/612
f 3335/777/612 110/77/604 3336/778/612
f 3336/778/612 110/77/612 3337/779/612
f 3338/780/36 3339/781/36 3340/782/36
f 3341/783/36 3342/784/36 3343/785/36
f 3342/784/36 3341/783/36 3344/786/36
f 3342/784/36 3344/786/36 3339/781/36
f 3342/784/36 3339/781/36 3338/780/36
f 3342/784/36 3338/780/36 3345/787/36
f 3342/784/36 3345/787/36 3346/788/36
f 123/90/36 3347/789/36 3348/790/36
f 3347/789/36 123/90/36 3349/791/36
f 3350/792/36 3351/793/36 3352/794/36
f 3351/793/36 3350/792/36 3349/791/36
f 3351/793/36 3349/791/36 123/90/36
f 3353/795/36 3354/796/36 3355/797/36
f 3354/796/36 3353/795/36 3356/798/36
f 3354/796/36 3356/798/36 3357/799/36
f 3357/799/36 3356/798/36 3358/800/36
f 3358/800/36 3356/798/36 3359/801/36
s 1
f 3360/802/613 3361/803/614 3362/804/613
f 3361/803/614 3360/802/613 3363/805/614
f 3364/806/615 3365/807/607 3366/808/616
f 3365/807/607 3364/806/615 3367/809/617
f 3365/807/607 3367/809/617 3368/810/607
f 3367/809/617 3364/806/615 3369/811/618
f 3367/809/617 3369/811/618 3370/812/619
f 3368/810/607 3367/809/617 3371/813/614
f 3368/810/607 3371/813/614 3363/805/614
f 3368/810/607 3363/805/614 3360/802/613
f 3314/756/606 3366/808/616 3311/753/603
f 3366/808/616 3314/756/606 3372/814/620
f 3372/814/620 3314/756/606 3373/815/621
f 3373/815/621 3314/756/606 3362/804/613
f 3362/804/613 3314/756/606 3360/802/613
f 3364/806/615 3366/808/616 3372/814/620
s 0
f 3374/816/94 3375/817/94 3376/818/94
f 3375/817/94 3374/816/94 3377/819/94
f 3376/818/94 3375/817/94 3378/820/94
f 3376/818/94 3378/820/94 3379/821/94
f 3376/818/94 3379/821/94 3380/822/94
f 3381/823/36 256/216/36 255/215/36
f 256/216/36 3381/823/36 3382/824/36
f 3382/824/36 3381/823/36 3383/825/36
f 3384/826/36 3385/827/36 3386/828/36
f 3385/827/36 3384/826/36 258/218/36
f 3385/827/36 258/218/36 257/217/36
f 3387/829/36 3388/830/36 3389/831/36
f 3388/830/36 3387/829/36 3390/832/36
f 3390/832/36 3387/829/36 3391/833/36
s 1
f 3392/834/622 3393/835/623 3394/836/623
f 3393/835/623 3392/834/622 3395/837/623
f 3395/837/623 3392/834/622 3396/838/624
f 3395/837/623 3397/839/622 3393/835/623
f 3397/839/622 3395/837/623 3398/840/625
s 0
f 3399/841/94 3400/842/94 3401/843/94
f 3400/842/94 3399/841/94 3402/844/94
f 3400/842/94 3402/844/94 3403/845/94
s 1
f 3392/834/622 3404/846/626 3396/838/624
f 3404/846/626 3392/834/622 3405/354/611
f 3404/846/626 3405/354/611 3406/847/626
f 3406/847/626 3405/354/611 3407/848/626
f 3407/848/626 3405/354/611 3408/849/626
f 3409/850/626 3397/839/622 3398/840/625
f 3397/839/622 3409/850/626 3410/851/611
f 3410/851/611 3409/850/626 3411/852/626
f 3410/851/611 3411/852/626 3412/853/626
f 3410/851/611 3412/853/626 3408/849/626
f 3410/851/611 3408/849/626 3405/354/611
s 0
f 290/250/94 3413/854/94 291/251/94
f 3413/854/94 290/250/94 3414/855/94
f 3413/854/94 3414/855/94 3415/856/94
f 3416/857/94 3417/858/94 3418/859/94
f 3417/858/94 3416/857/94 292/252/94
f 292/252/94 3416/857/94 289/249/94
f 3419/860/1 3420/861/1 3421/862/1
f 3420/861/1 3419/860/1 3422/863/1
f 3420/861/1 3422/863/1 3423/864/1
f 3423/864/1 3422/863/1 3424/865/1
f 3423/864/1 3424/865/1 3425/866/1
f 3425/866/1 3424/865/1 3426/867/1
s 1
f 3427/868/627 337/291/128 3428/869/627
f 337/291/128 3427/868/627 3429/870/628
f 337/291/128 3429/870/628 338/292/129
f 325/279/117 3427/868/627 3428/869/627
f 3427/868/627 325/279/117 3430/871/629
f 3430/871/629 325/279/117 328/282/120
f 3431/872/630 108/75/66 111/78/69
f 108/75/66 3431/872/630 105/72/63
f 105/72/63 3431/872/630 3432/873/631
f 105/72/63 3432/873/631 3433/874/631
f 105/72/63 3433/874/631 3434/875/632
f 105/72/63 3434/875/632 3435/876/632
f 3334/776/612 3431/872/630 111/78/69
s 0
f 3431/872/630 3334/776/633 3436/877/633
f 3431/872/634 3436/877/634 3437/878/634
f 3437/878/635 3436/877/635 3438/879/635
f 3437/878/633 3438/879/633 3439/880/633
f 3439/880/636 3438/879/636 3336/778/636
f 3439/880/633 3336/778/633 3434/875/633
f 3434/875/635 3336/778/635 3337/779/635
f 3434/875/632 3337/779/632 3435/876/632
f 3440/881/36 3441/882/36 3442/883/36
f 3441/882/36 3440/881/36 3443/884/36
f 3443/884/36 3440/881/36 3444/885/36
f 3443/884/36 3444/885/36 3445/886/36
f 3445/886/36 3444/885/36 3348/790/36
f 3443/884/36 3445/886/36 3352/794/36
f 3445/886/36 3348/790/36 3347/789/36
f 3350/792/36 3352/794/36 3445/886/36
f 3446/107/36 3447/887/36 3448/888/36
f 3447/887/36 3446/107/36 3449/106/36
f 3448/888/36 3447/887/36 3450/889/36
f 3447/887/36 3449/106/36 3451/890/36
f 3451/890/36 3449/106/36 3452/891/36
f 3452/891/36 3449/106/36 3453/892/36
f 3453/892/36 3449/106/36 3454/893/36
f 3455/894/36 3456/895/36 3457/896/36
f 3456/895/36 3455/894/36 3458/897/36
f 3456/895/36 3458/897/36 3459/898/36
f 3338/780/36 3460/899/36 3461/900/36
f 3460/899/36 3338/780/36 3462/901/36
f 3462/901/36 3338/780/36 3340/782/36
f 3461/900/36 121/88/36 124/91/36
f 121/88/36 3461/900/36 3463/902/36
f 3463/902/36 3461/900/36 3343/785/36
f 3343/785/36 3461/900/36 3460/899/36
f 3343/785/36 3460/899/36 3341/783/36
f 3464/903/94 3465/904/94 3466/905/94
f 3465/904/94 3464/903/94 3467/906/94
f 3467/906/94 3464/903/94 3468/907/94
f 3468/907/94 3464/903/94 3469/908/94
f 3469/908/94 3464/903/94 3470/909/94
f 3470/909/94 3464/903/94 3471/910/94
f 3471/910/94 3464/903/94 3472/911/94
f 3472/911/94 3464/903/94 3473/912/94
f 3474/913/234 3475/914/234 3476/915/234
f 3475/914/234 3474/913/234 3477/916/234
f 3475/914/234 3477/916/234 3478/917/234
f 3478/917/234 3477/916/234 3479/918/234
f 3478/917/234 3479/918/234 3480/919/234
f 3480/919/234 3479/918/234 3481/920/234
f 3480/919/234 3481/920/234 3482/921/234
f 3482/921/234 3481/920/234 3483/922/234
f 3483/922/234 3481/920/234 3484/923/234
f 3483/922/234 3484/923/234 3485/924/234
f 3486/925/235 3487/926/235 3488/927/235
f 3487/926/235 3486/925/235 3489/928/235
f 3487/926/235 3489/928/235 3490/929/235
f 3490/929/235 3489/928/235 3491/930/235
f 3490/929/235 3491/930/235 3492/931/235
f 3492/931/235 3491/930/235 3493/932/235
f 3492/931/235 3493/932/235 3494/933/235
f 3494/933/235 3493/932/235 3495/934/235
f 3494/933/235 3495/934/235 3496/935/235
f 3496/935/235 3495/934/235 3497/936/235
f 839/708/1 862/730/1 840/709/1
f 862/730/1 839/708/1 852/721/1
f 852/721/1 839/708/1 850/719/1
f 852/721/1 850/719/1 849/718/1
f 3498/937/99 3499/938/99 3500/939/99
f 3499/938/99 3498/937/99 3501/940/99
f 3499/938/99 3501/940/99 3502/941/99
f 3502/941/99 3501/940/99 3503/942/99
s 1
f 948/82/283 947/80/282 946/81/281
f 947/80/282 948/82/283 3504/755/637
f 3504/755/637 948/82/283 116/83/74
f 3504/755/637 116/83/74 3505/754/638
f 3505/754/638 3311/753/603 3506/756/639
f 3311/753/603 3505/754/638 116/83/74
f 3317/759/607 3507/760/608 3508/757/607
s 0
f 3509/764/608 3510/762/608 3316/758/608
s 1
f 3510/762/608 3509/764/608 3511/761/276
f 3510/762/608 3511/761/276 3512/763/64
s 0
f 3316/758/640 3510/762/640 3507/760/640
s 1
f 3316/758/608 3507/760/608 3317/759/607
f 3328/770/610 3513/765/609 3329/771/609
f 3513/765/609 3328/770/610 3514/767/609
f 3514/767/609 3328/770/610 3515/772/610
f 3513/765/609 3516/766/609 3517/768/610
s 0
f 3516/766/609 3513/765/609 3514/767/609
s 1
f 3517/768/610 3516/766/609 3518/769/610
f 441/372/180 3515/772/610 3328/770/610
f 3515/772/610 441/372/180 3519/774/611
f 3519/774/611 441/372/180 3520/773/611
f 3520/773/611 3517/768/610 3518/769/610
f 3517/768/610 3520/773/611 1271/373/180
f 1271/373/180 3520/773/611 441/372/180
s 0
f 945/77/641 3521/778/642 3522/779/642
f 3521/778/642 945/77/641 3523/777/642
f 3523/777/642 945/77/641 3524/775/642
s 1
f 3524/775/642 945/77/280 944/78/279
f 3524/775/642 944/78/279 3525/776/642
s 0
f 3526/784/94 3527/783/94 3528/785/94
f 3527/783/94 3526/784/94 3529/786/94
f 3529/786/94 3526/784/94 3530/781/94
f 3530/781/94 3526/784/94 3531/780/94
f 3531/780/94 3526/784/94 3532/787/94
f 3532/787/94 3526/784/94 3533/788/94
f 3531/780/94 3534/782/94 3530/781/94
f 3535/793/94 3536/792/94 3537/794/94
f 3536/792/94 3535/793/94 3538/791/94
f 3539/789/94 955/90/94 3540/790/94
f 955/90/94 3539/789/94 3538/791/94
f 955/90/94 3538/791/94 3535/793/94
f 3541/795/94 3542/796/94 3543/798/94
f 3542/796/94 3541/795/94 3544/797/94
f 3543/798/94 3542/796/94 3545/799/94
f 3543/798/94 3545/799/94 3546/800/94
f 3543/798/94 3546/800/94 3547/801/94
s 1
f 3366/808/616 3548/811/643 3549/806/644
f 3548/811/643 3366/808/616 3550/812/645
f 3550/812/645 3366/808/616 3551/809/612
f 3552/804/639 3553/810/646 3554/802/278
f 3553/810/646 3552/804/639 3555/805/647
f 3553/810/646 3555/805/647 3556/813/617
f 3553/810/646 3556/813/617 3365/807/607
f 3555/805/647 3552/804/639 3557/803/618
f 3365/807/607 3556/813/617 3551/809/612
f 3365/807/607 3551/809/612 3366/808/616
f 3506/756/639 3558/815/648 3554/802/278
f 3558/815/648 3506/756/639 3311/753/603
f 3558/815/648 3311/753/603 3559/814/649
f 3559/814/649 3311/753/603 3549/806/644
f 3549/806/644 3311/753/603 3366/808/616
f 3552/804/639 3554/802/278 3558/815/648
s 0
f 3560/816/36 3561/817/36 3562/819/36
f 3561/817/36 3560/816/36 3563/818/36
f 3561/817/36 3563/818/36 3564/820/36
f 3564/820/36 3563/818/36 3565/821/36
f 3565/821/36 3563/818/36 3566/822/36
f 3567/824/94 1087/215/94 1090/216/94
f 1087/215/94 3567/824/94 3568/823/94
f 3568/823/94 3567/824/94 3569/825/94
f 3570/827/94 3571/826/94 3572/828/94
f 3571/826/94 3570/827/94 1088/218/94
f 1088/218/94 3570/827/94 1089/217/94
f 3573/830/94 3574/829/94 3575/831/94
f 3574/829/94 3573/830/94 3576/832/94
f 3574/829/94 3576/832/94 3577/833/94
s 1
f 3578/839/622 3579/836/623 3580/835/623
f 3579/836/623 3578/839/622 3581/837/623
f 3581/837/623 3578/839/622 3582/840/625
f 3581/837/623 3583/834/622 3579/836/623
f 3583/834/622 3581/837/623 3584/838/624
s 0
f 3585/842/36 3586/841/36 3587/843/36
f 3586/841/36 3585/842/36 3588/844/36
f 3588/844/36 3585/842/36 3589/845/36
s 1
f 3578/839/622 3590/850/626 3582/840/625
f 3590/850/626 3578/839/622 3591/851/611
f 3590/850/626 3591/851/611 3592/852/626
f 3592/852/626 3591/851/611 3593/853/626
f 3593/853/626 3591/851/611 3594/849/626
f 3595/846/626 3583/834/622 3584/838/624
f 3583/834/622 3595/846/626 3596/354/611
f 3596/354/611 3595/846/626 3597/847/626
f 3596/354/611 3597/847/626 3598/848/626
f 3596/354/611 3598/848/626 3594/849/626
f 3596/354/611 3594/849/626 3591/851/611
s 0
f 3599/854/36 1124/250/36 1123/251/36
f 1124/250/36 3599/854/36 3600/855/36
f 3600/855/36 3599/854/36 3601/856/36
f 3602/858/36 3603/857/36 3604/859/36
f 3603/857/36 3602/858/36 1122/252/36
f 3603/857/36 1122/252/36 1121/249/36
f 3605/861/1 3606/860/1 3607/862/1
f 3606/860/1 3605/861/1 3608/864/1
f 3606/860/1 3608/864/1 3609/863/1
f 3609/863/1 3608/864/1 3610/866/1
f 3609/863/1 3610/866/1 3611/865/1
f 3611/865/1 3610/866/1 3612/867/1
s 1
f 1170/291/117 3613/868/627 3614/869/627
f 3613/868/627 1170/291/117 3615/870/629
f 3615/870/629 1170/291/117 1169/292/120
f 3613/868/627 1157/279/128 3614/869/627
f 1157/279/128 3613/868/627 3616/871/628
f 1157/279/128 3616/871/628 1158/282/129
f 3617/875/650 940/72/276 3618/876/651
f 940/72/276 3617/875/650 941/75/277
f 941/75/277 3617/875/650 3619/874/652
f 941/75/277 3619/874/652 3620/873/653
f 941/75/277 3620/873/653 3621/872/653
f 941/75/277 3621/872/653 944/78/279
s 0
f 3521/778/642 3618/876/642 3522/779/642
f 3618/876/650 3521/778/650 3617/875/650
f 3617/875/636 3521/778/636 3622/879/636
f 3617/875/653 3622/879/653 3623/880/653
f 3623/880/654 3622/879/654 3624/877/654
f 3623/880/653 3624/877/653 3625/878/653
f 3625/878/653 3624/877/653 3525/776/653
f 3625/878/635 3525/776/612 3621/872/652
s 1
f 3621/872/653 3525/776/642 944/78/279
s 0
f 3536/792/94 3626/886/94 3537/794/94
f 3627/884/94 3628/883/94 3629/882/94
f 3628/883/94 3627/884/94 3630/881/94
f 3630/881/94 3627/884/94 3631/885/94
f 3631/885/94 3627/884/94 3626/886/94
f 3631/885/94 3626/886/94 3540/790/94
f 3626/886/94 3627/884/94 3537/794/94
f 3540/790/94 3626/886/94 3539/789/94
f 3632/889/94 3633/107/94 3634/888/94
f 3633/107/94 3632/889/94 3635/887/94
f 3633/107/94 3635/887/94 3636/106/94
f 3636/106/94 3635/887/94 3637/890/94
f 3636/106/94 3637/890/94 3638/891/94
f 3636/106/94 3638/891/94 3639/892/94
f 3636/106/94 3639/892/94 3640/893/94
f 3641/895/94 3642/894/94 3643/896/94
f 3642/894/94 3641/895/94 3644/897/94
f 3644/897/94 3641/895/94 3645/898/94
f 3646/900/94 954/91/94 953/88/94
f 3527/783/94 3647/902/94 3528/785/94
f 3647/902/94 3527/783/94 3648/899/94
f 3647/902/94 3648/899/94 953/88/94
f 953/88/94 3648/899/94 3646/900/94
f 3648/899/94 3531/780/94 3646/900/94
f 3531/780/94 3648/899/94 3649/901/94
f 3531/780/94 3649/901/94 3534/782/94
f 3650/906/36 3651/905/36 3652/904/36
f 3651/905/36 3650/906/36 3653/903/36
f 3653/903/36 3650/906/36 3654/907/36
f 3653/903/36 3654/907/36 3655/908/36
f 3653/903/36 3655/908/36 3656/909/36
f 3653/903/36 3656/909/36 3657/910/36
f 3653/903/36 3657/910/36 3658/911/36
f 3653/903/36 3658/911/36 3659/912/36
f 3660/914/372 3661/913/372 3662/915/372
f 3661/913/372 3660/914/372 3663/917/372
f 3661/913/372 3663/917/372 3664/916/372
f 3664/916/372 3663/917/372 3665/919/372
f 3664/916/372 3665/919/372 3666/918/372
f 3666/918/372 3665/919/372 3667/921/372
f 3666/918/372 3667/921/372 3668/920/372
f 3668/920/372 3667/921/372 3669/922/372
f 3668/920/372 3669/922/372 3670/923/372
f 3670/923/372 3669/922/372 3671/924/372
f 3672/926/373 3673/925/373 3674/927/373
f 3673/925/373 3672/926/373 3675/929/373
f 3673/925/373 3675/929/373 3676/928/373
f 3676/928/373 3675/929/373 3677/931/373
f 3676/928/373 3677/931/373 3678/930/373
f 3678/930/373 3677/931/373 3679/933/373
f 3678/930/373 3679/933/373 3680/932/373
f 3680/932/373 3679/933/373 3681/935/373
f 3680/932/373 3681/935/373 3682/934/373
f 3682/934/373 3681/935/373 3683/936/373
f 1689/730/1 1666/708/1 1665/709/1
f 1666/708/1 1689/730/1 1678/721/1
f 1666/708/1 1678/721/1 1675/719/1
f 1675/719/1 1678/721/1 1676/718/1
f 3684/938/99 3685/937/99 3686/939/99
f 3685/937/99 3684/938/99 3687/940/99
f 3687/940/99 3684/938/99 3688/941/99
f 3687/940/99 3688/941/99 3689/942/99
s 1
f 3690/756/655 1786/83/434 3691/753/656
f 1786/83/434 3690/756/655 3692/754/657
f 3692/754/657 1787/82/435 1786/83/434
f 1787/82/435 3692/754/657 3693/755/657
f 1787/82/435 3693/755/657 1785/80/433
f 1787/82/435 1785/80/433 1784/81/432
f 3694/764/658 3695/759/659 3696/758/658
f 3695/759/659 3694/764/658 3697/760/658
s 0
f 3697/760/658 3694/764/658 3698/762/658
s 1
f 3698/762/658 3694/764/658 3699/763/427
f 3699/763/427 3694/764/658 3700/761/424
f 3701/757/659 3695/759/659 3697/760/658
f 3702/765/660 3703/769/661 3704/768/661
f 3703/769/661 3702/765/660 3705/766/660
s 0
f 3705/766/660 3702/765/660 3706/767/660
s 1
f 3706/767/660 3707/770/661 3708/772/661
f 3707/770/661 3706/767/660 3709/771/660
s 0
f 3709/771/660 3706/767/660 3702/765/660
s 1
f 3704/768/661 2102/372/511 2103/373/511
f 2102/372/511 3704/768/661 3710/773/662
f 3710/773/662 3704/768/661 3703/769/661
f 2102/372/511 3711/774/662 3707/770/661
f 3711/774/662 2102/372/511 3710/773/662
f 3707/770/661 3711/774/662 3708/772/661
f 1782/78/430 3712/775/663 1783/77/431
f 3712/775/663 1782/78/430 3713/776/663
s 0
f 1783/77/657 3712/775/663 3714/777/663
s 1
f 1783/77/664 3714/777/663 3715/778/663
s 0
f 1783/77/665 3715/778/663 3716/779/663
f 3342/784/36 3717/783/36 3343/785/36
f 3717/783/36 3342/784/36 3718/786/36
f 3718/786/36 3342/784/36 3719/781/36
f 3719/781/36 3342/784/36 3720/780/36
f 3720/780/36 3342/784/36 3721/787/36
f 3721/787/36 3342/784/36 3722/788/36
f 3720/780/36 3723/782/36 3719/781/36
f 3724/793/36 3725/792/36 3726/794/36
f 3725/792/36 3724/793/36 3727/791/36
f 3728/789/36 1794/90/36 3729/790/36
f 1794/90/36 3728/789/36 3727/791/36
f 1794/90/36 3727/791/36 3724/793/36
f 3730/795/36 3731/796/36 3732/798/36
f 3731/796/36 3730/795/36 3733/797/36
f 3732/798/36 3731/796/36 3734/799/36
f 3732/798/36 3734/799/36 3735/800/36
f 3732/798/36 3735/800/36 3736/801/36
s 1
f 3737/810/659 3738/808/666 3739/807/659
f 3738/808/666 3737/810/659 3740/809/667
f 3740/809/667 3737/810/659 3741/813/668
f 3741/813/668 3737/810/659 3742/805/669
f 3742/805/669 3737/810/659 3743/803/669
f 3743/803/669 3737/810/659 3744/804/670
f 3744/804/670 3737/810/659 3745/802/426
f 3740/809/667 3746/806/656 3738/808/666
f 3746/806/656 3740/809/667 3747/812/671
f 3746/806/656 3747/812/671 3748/811/671
f 3745/802/426 3749/815/672 3744/804/670
f 3746/806/656 3691/753/656 3738/808/666
f 3691/753/656 3746/806/656 3750/814/672
f 3691/753/656 3750/814/672 3690/756/655
f 3690/756/655 3750/814/672 3749/815/672
f 3690/756/655 3749/815/672 3745/802/426
s 0
f 3751/816/94 3752/817/94 3753/819/94
f 3752/817/94 3751/816/94 3754/818/94
f 3752/817/94 3754/818/94 3755/820/94
f 3755/820/94 3754/818/94 3756/821/94
f 3756/821/94 3754/818/94 3757/822/94
f 3758/824/36 1920/215/36 1923/216/36
f 1920/215/36 3758/824/36 3759/823/36
f 3759/823/36 3758/824/36 3760/825/36
f 3761/827/36 3762/826/36 3763/828/36
f 3762/826/36 3761/827/36 1921/218/36
f 1921/218/36 3761/827/36 1922/217/36
f 3764/830/36 3765/829/36 3766/831/36
f 3765/829/36 3764/830/36 3767/832/36
f 3765/829/36 3767/832/36 3768/833/36
s 1
f 3769/836/673 3770/838/674 3771/834/675
f 3770/838/674 3769/836/673 3772/837/673
f 3772/837/673 3773/839/675 3774/840/676
f 3773/839/675 3772/837/673 3775/835/673
s 0
f 3775/835/673 3772/837/673 3769/836/673
f 3776/842/94 3777/841/94 3778/843/94
f 3777/841/94 3776/842/94 3779/844/94
f 3779/844/94 3776/842/94 3780/845/94
s 1
f 3781/354/662 3782/848/677 3783/851/662
f 3782/848/677 3781/354/662 3784/847/677
f 3784/847/677 3781/354/662 3771/834/675
f 3783/851/662 3782/848/677 3785/849/677
f 3784/847/677 3771/834/675 3786/846/677
f 3786/846/677 3771/834/675 3770/838/674
f 3783/851/662 3787/853/677 3773/839/675
f 3787/853/677 3783/851/662 3785/849/677
f 3773/839/675 3787/853/677 3788/852/678
f 3773/839/675 3788/852/678 3789/850/677
f 3773/839/675 3789/850/677 3774/840/676
s 0
f 3790/854/94 1957/250/94 1956/251/94
f 1957/250/94 3790/854/94 3791/855/94
f 3791/855/94 3790/854/94 3792/856/94
f 3793/858/94 3794/857/94 3795/859/94
f 3794/857/94 3793/858/94 1955/252/94
f 3794/857/94 1955/252/94 1954/249/94
f 3796/865/1 3797/866/1 3798/867/1
f 3797/866/1 3796/865/1 3799/863/1
f 3797/866/1 3799/863/1 3800/864/1
f 3800/864/1 3799/863/1 3801/860/1
f 3800/864/1 3801/860/1 3802/861/1
f 3802/861/1 3801/860/1 3803/862/1
s 1
f 3804/870/679 2003/291/124 2002/292/461
f 2003/291/124 3804/870/679 3805/869/680
f 3805/869/680 3804/870/679 3806/868/680
f 1990/279/121 3807/871/681 1991/282/455
f 3807/871/681 1990/279/121 3805/869/680
f 3807/871/681 3805/869/680 3806/868/680
f 1776/72/424 1782/78/430 1777/75/425
f 1782/78/430 1776/72/424 3808/872/682
f 3808/872/682 1776/72/424 3809/873/682
f 3809/873/682 1776/72/424 3810/874/683
f 3810/874/683 1776/72/424 3811/875/684
f 3811/875/684 1776/72/424 3812/876/684
f 3808/872/682 3713/776/663 1782/78/430
s 0
f 3713/776/685 3808/872/686 3813/878/687
f 3713/776/688 3813/878/688 3814/877/688
f 3814/877/688 3813/878/688 3815/880/688
f 3814/877/689 3815/880/689 3816/879/689
f 3816/879/688 3815/880/688 3811/875/688
f 3816/879/687 3811/875/687 3715/778/684
f 3715/778/687 3811/875/687 3812/876/687
f 3715/778/663 3812/876/663 3716/779/663
f 3725/792/36 3817/886/36 3726/794/36
f 3443/884/36 3818/883/36 3441/882/36
f 3818/883/36 3443/884/36 3819/881/36
f 3819/881/36 3443/884/36 3820/885/36
f 3820/885/36 3443/884/36 3817/886/36
f 3820/885/36 3817/886/36 3729/790/36
f 3817/886/36 3443/884/36 3726/794/36
f 3729/790/36 3817/886/36 3728/789/36
f 3450/889/36 3821/107/36 3448/888/36
f 3821/107/36 3450/889/36 3822/887/36
f 3821/107/36 3822/887/36 3823/106/36
f 3823/106/36 3822/887/36 3824/890/36
f 3823/106/36 3824/890/36 3825/891/36
f 3823/106/36 3825/891/36 3453/892/36
f 3823/106/36 3453/892/36 3454/893/36
f 3456/895/36 3826/894/36 3457/896/36
f 3826/894/36 3456/895/36 3827/897/36
f 3827/897/36 3456/895/36 3828/898/36
f 3829/900/36 1793/91/36 1792/88/36
f 3717/783/36 3830/902/36 3343/785/36
f 3830/902/36 3717/783/36 3831/899/36
f 3830/902/36 3831/899/36 1792/88/36
f 1792/88/36 3831/899/36 3829/900/36
f 3831/899/36 3720/780/36 3829/900/36
f 3720/780/36 3831/899/36 3832/901/36
f 3720/780/36 3832/901/36 3723/782/36
f 3833/906/94 3466/905/94 3834/904/94
f 3466/905/94 3833/906/94 3464/903/94
f 3464/903/94 3833/906/94 3835/907/94
f 3464/903/94 3835/907/94 3836/908/94
f 3464/903/94 3836/908/94 3837/909/94
f 3464/903/94 3837/909/94 3838/910/94
f 3464/903/94 3838/910/94 3839/911/94
f 3464/903/94 3839/911/94 3840/912/94
f 3841/914/373 3842/913/373 3843/915/373
f 3842/913/373 3841/914/373 3844/917/373
f 3842/913/373 3844/917/373 3845/916/373
f 3845/916/373 3844/917/373 3846/919/373
f 3845/916/373 3846/919/373 3847/918/373
f 3847/918/373 3846/919/373 3848/921/373
f 3847/918/373 3848/921/373 3849/920/373
f 3849/920/373 3848/921/373 3850/922/373
f 3849/920/373 3850/922/373 3851/923/373
f 3851/923/373 3850/922/373 3852/924/373
f 3853/926/372 3854/925/372 3855/927/372
f 3854/925/372 3853/926/372 3856/929/372
f 3854/925/372 3856/929/372 3857/928/372
f 3857/928/372 3856/929/372 3858/931/372
f 3857/928/372 3858/931/372 3859/930/372
f 3859/930/372 3858/931/372 3860/933/372
f 3859/930/372 3860/933/372 3861/932/372
f 3861/932/372 3860/933/372 3862/935/372
f 3861/932/372 3862/935/372 3863/934/372
f 3863/934/372 3862/935/372 3864/936/372
f 2484/719/1 2487/721/1 2485/718/1
f 2487/721/1 2484/719/1 2475/708/1
f 2487/721/1 2475/708/1 2498/730/1
f 2498/730/1 2475/708/1 2474/709/1
f 3865/940/99 3866/941/99 3867/942/99
f 3866/941/99 3865/940/99 3868/938/99
f 3868/938/99 3865/940/99 3869/937/99
f 3868/938/99 3869/937/99 3870/939/99
s 1
f 3691/753/656 3871/754/690 3872/756/691
f 2578/80/554 2580/82/556 2579/81/555
f 2580/82/556 2578/80/554 3873/755/692
f 2580/82/556 3873/755/692 1786/83/434
f 1786/83/434 3873/755/692 3871/754/690
f 1786/83/434 3871/754/690 3691/753/656
f 3874/764/658 3875/762/658 3876/761/549
s 0
f 3875/762/658 3874/764/658 3696/758/658
f 3875/762/693 3696/758/693 3877/760/693
s 1
f 3877/760/658 3695/759/659 3878/757/659
f 3695/759/659 3877/760/658 3696/758/658
f 3879/763/427 3876/761/549 3875/762/658
f 3709/771/660 3880/772/661 3707/770/661
f 3880/772/661 3709/771/660 3881/767/660
s 0
f 3881/767/660 3709/771/660 3882/765/660
s 1
f 3883/766/660 3884/768/661 3885/769/661
f 3884/768/661 3883/766/660 3882/765/660
s 0
f 3882/765/660 3883/766/660 3881/767/660
s 1
f 3707/770/661 2893/373/511 2102/372/511
f 2893/373/511 3707/770/661 3886/774/662
f 3886/774/662 3707/770/661 3880/772/661
f 2893/373/511 3887/773/662 3884/768/661
f 3887/773/662 2893/373/511 3886/774/662
f 3884/768/661 3887/773/662 3885/769/661
s 0
f 3888/778/685 2576/77/685 3889/779/685
s 1
f 2576/77/694 3888/778/685 3890/777/685
s 0
f 2576/77/692 3890/777/685 3891/775/685
s 1
f 2576/77/552 3891/775/685 2577/78/553
f 2577/78/553 3891/775/685 3892/776/685
s 0
f 3893/780/94 3894/781/94 3895/782/94
f 3896/783/94 3526/784/94 3528/785/94
f 3526/784/94 3896/783/94 3897/786/94
f 3526/784/94 3897/786/94 3894/781/94
f 3526/784/94 3894/781/94 3893/780/94
f 3526/784/94 3893/780/94 3898/787/94
f 3526/784/94 3898/787/94 3899/788/94
f 2587/90/94 3900/789/94 3901/790/94
f 3900/789/94 2587/90/94 3902/791/94
f 3903/792/94 3904/793/94 3905/794/94
f 3904/793/94 3903/792/94 3902/791/94
f 3904/793/94 3902/791/94 2587/90/94
f 3906/795/94 3907/796/94 3908/797/94
f 3907/796/94 3906/795/94 3909/798/94
f 3907/796/94 3909/798/94 3910/799/94
f 3910/799/94 3909/798/94 3911/800/94
f 3911/800/94 3909/798/94 3912/801/94
s 1
f 3913/810/695 3914/813/696 3915/802/697
f 3914/813/696 3913/810/695 3739/807/659
f 3915/802/697 3914/813/696 3916/805/698
f 3914/813/696 3739/807/659 3917/809/699
f 3917/809/699 3739/807/659 3918/812/668
f 3918/812/668 3739/807/659 3919/811/668
f 3919/811/668 3739/807/659 3920/806/700
f 3920/806/700 3739/807/659 3738/808/666
f 3916/805/698 3921/804/697 3915/802/697
f 3921/804/697 3916/805/698 3922/803/671
f 3738/808/666 3923/814/701 3920/806/700
f 3921/804/697 3872/756/691 3915/802/697
f 3872/756/691 3921/804/697 3924/815/701
f 3872/756/691 3924/815/701 3691/753/656
f 3691/753/656 3924/815/701 3923/814/701
f 3691/753/656 3923/814/701 3738/808/666
s 0
f 3925/816/36 3926/817/36 3927/818/36
f 3926/817/36 3925/816/36 3928/819/36
f 3927/818/36 3926/817/36 3929/820/36
f 3927/818/36 3929/820/36 3930/821/36
f 3927/818/36 3930/821/36 3931/822/36
f 3932/823/94 2714/216/94 2713/215/94
f 2714/216/94 3932/823/94 3933/824/94
f 3933/824/94 3932/823/94 3934/825/94
f 3935/826/94 3936/827/94 3937/828/94
f 3936/827/94 3935/826/94 2716/218/94
f 3936/827/94 2716/218/94 2715/217/94
f 3938/829/94 3939/830/94 3940/831/94
f 3939/830/94 3938/829/94 3941/832/94
f 3941/832/94 3938/829/94 3942/833/94
s 1
f 3943/835/673 3944/840/674 3945/839/675
f 3944/840/674 3943/835/673 3946/837/673
f 3946/837/673 3947/834/675 3948/838/674
f 3947/834/675 3946/837/673 3949/836/673
s 0
f 3949/836/673 3946/837/673 3943/835/673
f 3950/841/36 3951/842/36 3952/843/36
f 3951/842/36 3950/841/36 3953/844/36
f 3951/842/36 3953/844/36 3954/845/36
s 1
f 3945/839/675 3955/354/662 3956/851/662
f 3955/354/662 3945/839/675 3957/853/702
f 3955/354/662 3957/853/702 3958/849/677
f 3957/853/702 3945/839/675 3959/852/677
f 3959/852/677 3945/839/675 3960/850/677
f 3960/850/677 3945/839/675 3944/840/674
f 3955/354/662 3961/847/677 3947/834/675
f 3961/847/677 3955/354/662 3962/848/677
f 3962/848/677 3955/354/662 3958/849/677
f 3947/834/675 3961/847/677 3963/846/677
f 3947/834/675 3963/846/677 3948/838/674
s 0
f 2748/250/36 3964/854/36 2749/251/36
f 3964/854/36 2748/250/36 3965/855/36
f 3964/854/36 3965/855/36 3966/856/36
f 3967/857/36 3968/858/36 3969/859/36
f 3968/858/36 3967/857/36 2750/252/36
f 2750/252/36 3967/857/36 2747/249/36
f 3970/866/1 3971/865/1 3972/867/1
f 3971/865/1 3970/866/1 3973/864/1
f 3971/865/1 3973/864/1 3974/863/1
f 3974/863/1 3973/864/1 3975/861/1
f 3974/863/1 3975/861/1 3976/860/1
f 3976/860/1 3975/861/1 3977/862/1
s 1
f 2795/291/121 3978/870/681 2796/292/455
f 3978/870/681 2795/291/121 3979/869/680
f 3978/870/681 3979/869/680 3980/868/680
f 3981/871/679 2783/279/124 2786/282/461
f 2783/279/124 3981/871/679 3979/869/680
f 3979/869/680 3981/871/679 3980/868/680
f 2572/72/549 3982/875/703 3983/876/704
f 3982/875/703 2572/72/549 2575/75/551
f 3982/875/703 2575/75/551 3984/874/705
f 3984/874/705 2575/75/551 3985/873/706
f 3985/873/706 2575/75/551 3986/872/707
f 3986/872/707 2575/75/551 2577/78/553
s 0
f 3982/875/704 3889/779/704 3983/876/704
f 3889/779/708 3982/875/708 3888/778/708
f 3888/778/707 3982/875/707 3987/880/707
f 3888/778/699 3987/880/699 3988/879/699
f 3988/879/707 3987/880/707 3989/878/707
f 3988/879/708 3989/878/708 3990/877/708
f 3990/877/703 3989/878/703 3986/872/703
f 3990/877/707 3986/872/706 3892/776/663
s 1
f 3892/776/685 3986/872/707 2577/78/553
s 0
f 3991/881/94 3629/882/94 3992/883/94
f 3629/882/94 3991/881/94 3627/884/94
f 3627/884/94 3991/881/94 3993/885/94
f 3627/884/94 3993/885/94 3994/886/94
f 3994/886/94 3993/885/94 3901/790/94
f 3627/884/94 3994/886/94 3905/794/94
f 3994/886/94 3901/790/94 3900/789/94
f 3903/792/94 3905/794/94 3994/886/94
f 3995/107/94 3996/887/94 3634/888/94
f 3996/887/94 3995/107/94 3997/106/94
f 3634/888/94 3996/887/94 3632/889/94
f 3996/887/94 3997/106/94 3998/890/94
f 3998/890/94 3997/106/94 3999/891/94
f 3999/891/94 3997/106/94 3639/892/94
f 3639/892/94 3997/106/94 3640/893/94
f 4000/894/94 3641/895/94 3643/896/94
f 3641/895/94 4000/894/94 4001/897/94
f 3641/895/94 4001/897/94 4002/898/94
f 3893/780/94 4003/899/94 4004/900/94
f 4003/899/94 3893/780/94 4005/901/94
f 4005/901/94 3893/780/94 3895/782/94
f 4004/900/94 2585/88/94 2588/91/94
f 2585/88/94 4004/900/94 4006/902/94
f 4006/902/94 4004/900/94 3528/785/94
f 3528/785/94 4004/900/94 4003/899/94
f 3528/785/94 4003/899/94 3896/783/94
f 3653/903/36 4007/904/36 3651/905/36
f 4007/904/36 3653/903/36 4008/906/36
f 4008/906/36 3653/903/36 4009/907/36
f 4009/907/36 3653/903/36 4010/908/36
f 4010/908/36 3653/903/36 4011/909/36
f 4011/909/36 3653/903/36 4012/910/36
f 4012/910/36 3653/903/36 4013/911/36
f 4013/911/36 3653/903/36 4014/912/36
f 4015/913/235 4016/914/235 4017/915/235
f 4016/914/235 4015/913/235 4018/916/235
f 4016/914/235 4018/916/235 4019/917/235
f 4019/917/235 4018/916/235 4020/918/235
f 4019/917/235 4020/918/235 4021/919/235
f 4021/919/235 4020/918/235 4022/920/235
f 4021/919/235 4022/920/235 4023/921/235
f 4023/921/235 4022/920/235 4024/922/235
f 4024/922/235 4022/920/235 4025/923/235
f 4024/922/235 4025/923/235 4026/924/235
f 4027/925/234 4028/926/234 4029/927/234
f 4028/926/234 4027/925/234 4030/928/234
f 4028/926/234 4030/928/234 4031/929/234
f 4031/929/234 4030/928/234 4032/930/234
f 4031/929/234 4032/930/234 4033/931/234
f 4033/931/234 4032/930/234 4034/932/234
f 4033/931/234 4034/932/234 4035/933/234
f 4035/933/234 4034/932/234 4036/934/234
f 4035/933/234 4036/934/234 4037/935/234
f 4037/935/234 4036/934/234 4038/936/234
f 3278/721/1 3276/719/1 3275/718/1
f 3276/719/1 3278/721/1 3265/708/1
f 3265/708/1 3278/721/1 3288/730/1
f 3265/708/1 3288/730/1 3266/709/1
f 4039/941/99 4040/940/99 4041/942/99
f 4040/940/99 4039/941/99 4042/938/99
f 4040/940/99 4042/938/99 4043/937/99
f 4043/937/99 4042/938/99 4044/939/99
o Object_5
v 0.726546 0.731659 -0.037106
v 0.761778 -0.190091 0.573482
v 0.761778 0.571657 0.246919
v 0.761778 0.493032 0.382349
v 0.761778 0.392670 0.499547
v 0.761778 0.392670 0.499547
v 0.761778 0.274561 0.574611
v 0.761778 0.125839 0.615719
v 0.761778 -0.030160 0.629404
v 0.761779 0.584610 0.120512
v 0.744106 -0.315237 0.642499
v 0.722487 0.722592 -0.036440
v 0.744106 0.696215 0.219358
v 0.744106 0.595956 0.402221
v 0.744106 0.464507 0.559765
v 0.744106 0.464507 0.559765
v 0.744106 0.309588 0.658224
v 0.744106 0.111138 0.710348
v 0.744106 -0.096992 0.723482
v 0.744106 -0.190091 0.573482
v 0.744106 0.571657 0.246919
v 0.744106 0.493032 0.382349
v 0.744106 0.392670 0.499547
v 0.744106 0.392670 0.499547
v 0.744106 0.274561 0.574611
v 0.744106 0.125839 0.615719
v 0.744106 -0.030160 0.629404
v 0.744106 0.710980 0.046444
v 0.744106 0.584610 0.120512
v 0.761778 -0.044108 0.652131
v 0.761778 0.409582 0.514482
v 0.761778 0.409582 0.514482
v 0.761778 0.283104 0.594866
v 0.761778 0.600356 0.242541
v 0.761778 0.516712 0.388437
v 0.761778 -0.216389 0.590644
v 0.761779 0.613464 0.105976
v 0.773042 0.586007 0.244730
v 0.773042 0.401126 0.507015
v 0.773042 0.401126 0.507015
v 0.773043 0.599037 0.113244
v 0.773042 -0.203240 0.582063
v 0.773042 0.504872 0.385393
v 0.773042 0.278832 0.584738
v 0.773042 -0.037134 0.640768
v 0.773042 -0.037134 0.640768
v 0.761778 -0.306343 0.649350
v 0.747478 -0.321582 0.659295
v 0.751747 -0.317980 0.649761
v 0.761778 0.699096 0.227480
v 0.747478 0.715154 0.225031
v 0.747478 0.611431 0.412788
v 0.761778 0.598555 0.409478
v 0.747478 0.477233 0.574225
v 0.747478 0.477233 0.574225
v 0.761778 0.468221 0.566266
v 0.761778 0.468221 0.566266
v 0.747478 0.317276 0.675886
v 0.761778 0.312724 0.665093
v 0.747478 0.114135 0.728845
v 0.747478 0.114135 0.728845
v 0.761778 0.115409 0.716533
v 0.761778 -0.092075 0.730291
v 0.747478 -0.099897 0.743038
v 0.747478 0.728881 0.047831
v 0.761779 0.715008 0.054820
v 0.761779 0.715008 0.054820
v 0.761779 0.718273 0.104619
v 0.747478 0.733002 0.110685
v 0.751027 0.056833 -0.036120
v 0.792475 0.084071 -0.053431
v 0.751027 0.014646 -0.065728
v 0.792475 0.021665 -0.097229
v 0.751027 -0.036120 -0.056833
v 0.792475 -0.053431 -0.084071
v 0.751027 -0.065728 -0.014646
v 0.792475 -0.097229 -0.021666
v 0.751027 -0.057144 0.034344
v 0.792475 -0.084071 0.053431
v 0.751027 -0.013395 0.061973
v 0.792475 -0.021665 0.097229
v 0.751027 0.037994 0.059462
v 0.792475 0.053431 0.084071
v 0.751027 0.065975 0.016057
v 0.792475 0.097229 0.021666
v 0.792475 0.029389 -0.131891
v 0.792475 0.114042 -0.072480
v 0.792475 -0.072480 -0.114042
v 0.792475 -0.131891 -0.029389
v 0.792475 -0.114042 0.072480
v 0.792475 -0.030103 0.125490
v 0.792475 0.073194 0.120443
v 0.792475 0.073194 0.120443
v 0.792475 0.131891 0.029389
v 0.819352 0.018100 -0.081227
v 0.819352 0.070234 -0.044638
v 0.819352 -0.044638 -0.070234
v 0.819352 -0.081227 -0.018100
v 0.819352 -0.070234 0.044638
v 0.819352 -0.018100 0.081227
v 0.819352 0.044638 0.070234
v 0.819352 0.081227 0.018100
v 0.805061 -0.055363 0.298432
v 0.805061 -0.055363 0.298432
v 0.779861 -0.055363 0.298432
v 0.779861 0.041808 0.294519
v 0.779861 0.041808 0.294519
v 0.805061 0.041808 0.294519
v 0.805061 0.041808 0.294519
v 0.794259 0.012817 0.499486
v 0.769060 0.012817 0.499486
v 0.769060 0.097577 0.456869
v 0.769060 0.097577 0.456869
v 0.794259 0.097577 0.456869
v 0.794259 0.097577 0.456869
v 0.784605 0.154698 0.700242
v 0.784605 0.244447 0.677740
v 0.886271 0.204046 0.628058
v 0.886271 0.180692 0.611667
v 0.886271 0.152589 0.616591
v 0.886271 0.136199 0.639945
v 0.886271 0.141123 0.668049
v 0.886271 0.164477 0.684439
v 0.886271 0.192580 0.679515
v 0.886271 0.208970 0.656161
v 0.886271 0.178694 0.620637
v 0.886271 0.196291 0.632987
v 0.886271 0.200001 0.654162
v 0.886271 0.187651 0.671760
v 0.886271 0.166475 0.675470
v 0.886271 0.148878 0.663120
v 0.886271 0.145168 0.641944
v 0.886271 0.157518 0.624347
v 0.806305 0.178694 0.620637
v 0.806305 0.196291 0.632987
v 0.806305 0.157518 0.624347
v 0.806305 0.200001 0.654162
v 0.806305 0.187651 0.671760
v 0.806305 0.166475 0.675470
v 0.806305 0.148878 0.663120
v 0.806305 0.145168 0.641944
v 0.784605 0.136199 0.639945
v 0.784605 0.141123 0.668049
v 0.784605 0.180692 0.611667
v 0.784605 0.204046 0.628058
v 0.784605 0.192580 0.679515
v 0.784605 0.152589 0.616591
v 0.784605 0.164477 0.684439
v 0.784605 0.208970 0.656161
v 0.751027 0.114042 -0.072480
v 0.751027 0.029389 -0.131891
v 0.751027 -0.072480 -0.114042
v 0.751027 -0.131891 -0.029389
v 0.751027 -0.114042 0.072480
v 0.751027 -0.030103 0.125490
v 0.751027 0.073194 0.120443
v 0.751027 0.073194 0.120443
v 0.751027 0.131891 0.029389
v 0.700761 0.056833 -0.036120
v 0.700761 0.014646 -0.065728
v 0.700761 -0.036120 -0.056833
v 0.700761 -0.065728 -0.014646
v 0.700761 -0.057144 0.034344
v 0.700761 -0.013395 0.061973
v 0.700761 0.037994 0.059462
v 0.700761 0.065975 0.016057
v 0.761778 0.154698 0.700242
v 0.761778 0.244447 0.677740
v 0.762882 0.125724 0.616827
v 0.773042 0.197451 0.607064
v 0.762094 0.203545 0.616230
v 0.762866 0.191807 0.598577
v 0.773042 0.104187 0.628770
v 0.762361 0.111269 0.638792
v 0.763280 0.097760 0.619676
v 0.077155 0.786266 0.108055
v 0.086376 0.789505 0.113839
v 0.086376 0.788701 0.124874
v 0.077155 0.784656 0.130126
v 0.067935 0.781416 0.124343
v 0.067935 0.782221 0.113307
v 0.054080 0.821925 0.116204
v 0.050398 0.813137 0.110016
v 0.054080 0.821120 0.127239
v 0.050398 0.811527 0.132087
v 0.046716 0.802739 0.125898
v 0.046716 0.803544 0.114863
v 0.086376 0.733002 0.110685
v 0.086376 0.732939 0.109712
v 0.077155 0.732573 0.104139
v 0.067935 0.732939 0.109712
v 0.067935 0.733002 0.110685
v 0.086376 0.731440 0.120697
v 0.077155 0.730583 0.126182
v 0.067935 0.731440 0.120697
v 0.747478 0.730032 0.065378
v 0.747478 0.730032 0.065378
v 0.761779 0.715919 0.068723
v 0.761779 0.715919 0.068723
v 0.761779 0.715464 0.061771
v 0.750233 0.731860 0.055077
v -0.726546 0.731659 -0.037106
v -0.761778 -0.190091 0.573482
v -0.761778 0.571657 0.246919
v -0.761778 0.493032 0.382349
v -0.761778 0.392670 0.499547
v -0.761778 0.392670 0.499547
v -0.761778 0.274561 0.574611
v -0.761778 0.125839 0.615719
v -0.761778 -0.030160 0.629404
v -0.761779 0.584610 0.120512
v -0.744106 -0.315237 0.642499
v -0.722487 0.722592 -0.036440
v -0.744106 0.696215 0.219358
v -0.744106 0.595956 0.402221
v -0.744106 0.464507 0.559765
v -0.744106 0.464507 0.559765
v -0.744106 0.309588 0.658224
v -0.744106 0.111138 0.710348
v -0.744106 -0.096992 0.723482
v -0.744106 -0.190091 0.573482
v -0.744106 0.571657 0.246919
v -0.744106 0.493032 0.382349
v -0.744106 0.392670 0.499547
v -0.744106 0.392670 0.499547
v -0.744106 0.274561 0.574611
v -0.744106 0.125839 0.615719
v -0.744106 -0.030160 0.629404
v -0.744106 0.710980 0.046444
v -0.744106 0.584610 0.120512
v -0.761778 -0.044108 0.652131
v -0.761778 0.409582 0.514482
v -0.761778 0.409582 0.514482
v -0.761778 0.283104 0.594866
v -0.761778 0.600356 0.242541
v -0.761778 0.516712 0.388437
v -0.761778 -0.216389 0.590644
v -0.761779 0.613464 0.105976
v -0.773042 0.586007 0.244730
v -0.773042 0.401126 0.507015
v -0.773042 0.401126 0.507015
v -0.773043 0.599037 0.113244
v -0.773042 -0.203240 0.582063
v -0.773042 0.504872 0.385393
v -0.773042 0.278832 0.584738
v -0.773042 -0.037134 0.640768
v -0.773042 -0.037134 0.640768
v -0.761778 -0.306343 0.649350
v -0.747478 -0.321582 0.659295
v -0.751747 -0.317980 0.649761
v -0.761778 0.699096 0.227480
v -0.747478 0.715154 0.225031
v -0.747478 0.611431 0.412788
v -0.761778 0.598555 0.409478
v -0.747478 0.477233 0.574225
v -0.747478 0.477233 0.574225
v -0.761778 0.468221 0.566266
v -0.761778 0.468221 0.566266
v -0.747478 0.317276 0.675886
v -0.761778 0.312724 0.665093
v -0.747478 0.114135 0.728845
v -0.747478 0.114135 0.728845
v -0.761778 0.115409 0.716533
v -0.761778 -0.092075 0.730291
v -0.747478 -0.099897 0.743038
v -0.747478 0.728881 0.047831
v -0.761779 0.715008 0.054820
v -0.761779 0.715008 0.054820
v -0.761779 0.718273 0.104619
v -0.747478 0.733002 0.110685
v -0.000000 -0.321582 0.659295
v 0.000000 0.731659 -0.037106
v 0.000000 0.715154 0.225031
v 0.000000 0.611431 0.412788
v 0.000000 0.477233 0.574225
v 0.000000 0.477233 0.574225
v 0.000000 0.317276 0.675886
v 0.000000 0.114135 0.728845
v 0.000000 -0.099897 0.743038
v 0.000000 0.728881 0.047831
v 0.000000 0.728881 0.047831
v -0.000000 -0.315237 0.642498
v 0.000000 0.722592 -0.036440
v 0.000000 0.697554 0.219759
v 0.000000 0.596537 0.402618
v 0.000000 0.465226 0.560582
v 0.000000 0.465226 0.560582
v 0.000000 0.310022 0.659222
v 0.000000 0.111250 0.711042
v 0.000000 -0.097198 0.724864
v 0.000000 0.710980 0.046444
v 0.000000 0.733002 0.110685
v -0.751027 0.056833 -0.036120
v -0.792475 0.084071 -0.053431
v -0.751027 0.014646 -0.065728
v -0.792475 0.021665 -0.097229
v -0.751027 -0.036120 -0.056833
v -0.792475 -0.053431 -0.084071
v -0.751027 -0.065728 -0.014646
v -0.792475 -0.097229 -0.021666
v -0.751027 -0.057144 0.034344
v -0.792475 -0.084071 0.053431
v -0.751027 -0.013395 0.061973
v -0.792475 -0.021665 0.097229
v -0.751027 0.037994 0.059462
v -0.792475 0.053431 0.084071
v -0.751027 0.065975 0.016057
v -0.792475 0.097229 0.021666
v -0.792475 0.029389 -0.131891
v -0.792475 0.114042 -0.072480
v -0.792475 -0.072480 -0.114042
v -0.792475 -0.131891 -0.029389
v -0.792475 -0.114042 0.072480
v -0.792475 -0.030103 0.125490
v -0.792475 0.073194 0.120443
v -0.792475 0.073194 0.120443
v -0.792475 0.131891 0.029389
v -0.819352 0.018100 -0.081227
v -0.819352 0.070234 -0.044638
v -0.819352 -0.044638 -0.070234
v -0.819352 -0.081227 -0.018100
v -0.819352 -0.070234 0.044638
v -0.819352 -0.018100 0.081227
v -0.819352 0.044638 0.070234
v -0.819352 0.081227 0.018100
v -0.805061 -0.055363 0.298432
v -0.805061 -0.055363 0.298432
v -0.779861 -0.055363 0.298432
v -0.779861 0.041808 0.294519
v -0.779861 0.041808 0.294519
v -0.805061 0.041808 0.294519
v -0.805061 0.041808 0.294519
v -0.794259 0.012817 0.499486
v -0.769060 0.012817 0.499486
v -0.769060 0.097577 0.456869
v -0.769060 0.097577 0.456869
v -0.794259 0.097577 0.456869
v -0.794259 0.097577 0.456869
v -0.784605 0.154698 0.700242
v -0.784605 0.244447 0.677740
v -0.886271 0.204046 0.628058
v -0.886271 0.180692 0.611667
v -0.886271 0.152589 0.616591
v -0.886271 0.136199 0.639945
v -0.886271 0.141123 0.668049
v -0.886271 0.164477 0.684439
v -0.886271 0.192580 0.679515
v -0.886271 0.208970 0.656161
v -0.886271 0.178694 0.620637
v -0.886271 0.196291 0.632987
v -0.886271 0.200001 0.654162
v -0.886271 0.187651 0.671760
v -0.886271 0.166475 0.675470
v -0.886271 0.148878 0.663120
v -0.886271 0.145168 0.641944
v -0.886271 0.157518 0.624347
v -0.806305 0.178694 0.620637
v -0.806305 0.196291 0.632987
v -0.806305 0.157518 0.624347
v -0.806305 0.200001 0.654162
v -0.806305 0.187651 0.671760
v -0.806305 0.166475 0.675470
v -0.806305 0.148878 0.663120
v -0.806305 0.145168 0.641944
v -0.784605 0.136199 0.639945
v -0.784605 0.141123 0.668049
v -0.784605 0.180692 0.611667
v -0.784605 0.204046 0.628058
v -0.784605 0.192580 0.679515
v -0.784605 0.152589 0.616591
v -0.784605 0.164477 0.684439
v -0.784605 0.208970 0.656161
v -0.751027 0.114042 -0.072480
v -0.751027 0.029389 -0.131891
v -0.751027 -0.072480 -0.114042
v -0.751027 -0.131891 -0.029389
v -0.751027 -0.114042 0.072480
v -0.751027 -0.030103 0.125490
v -0.751027 0.073194 0.120443
v -0.751027 0.073194 0.120443
v -0.751027 0.131891 0.029389
v -0.700761 0.056833 -0.036120
v -0.700761 0.014646 -0.065728
v -0.700761 -0.036120 -0.056833
v -0.700761 -0.065728 -0.014646
v -0.700761 -0.057144 0.034344
v -0.700761 -0.013395 0.061973
v -0.700761 0.037994 0.059462
v -0.700761 0.065975 0.016057
v -0.761778 0.154698 0.700242
v -0.761778 0.244447 0.677740
v -0.762882 0.125724 0.616827
v -0.773042 0.197451 0.607064
v -0.762094 0.203545 0.616230
v -0.762866 0.191807 0.598577
v -0.773042 0.104187 0.628770
v -0.762361 0.111269 0.638792
v -0.763280 0.097760 0.619676
v -0.077155 0.786266 0.108055
v -0.086376 0.789505 0.113839
v -0.086376 0.788701 0.124874
v -0.077155 0.784656 0.130126
v -0.067935 0.781416 0.124343
v -0.067935 0.782221 0.113307
v -0.054080 0.821925 0.116204
v -0.050398 0.813137 0.110016
v -0.054080 0.821120 0.127239
v -0.050398 0.811527 0.132087
v -0.046716 0.802739 0.125898
v -0.046716 0.803544 0.114863
v 0.000000 0.821925 0.116204
v 0.000000 0.813137 0.110016
v 0.000000 0.821120 0.127239
v 0.000000 0.811527 0.132087
v 0.000000 0.802739 0.125898
v 0.000000 0.803544 0.114863
v -0.086376 0.733002 0.110685
v -0.086376 0.732939 0.109712
v -0.077155 0.732573 0.104139
v -0.067935 0.732939 0.109712
v -0.067935 0.733002 0.110685
v -0.086376 0.731440 0.120697
v -0.077155 0.730583 0.126182
v -0.067935 0.731440 0.120697
v -0.747478 0.730032 0.065378
v -0.747478 0.730032 0.065378
v -0.761779 0.715919 0.068723
v -0.761779 0.715919 0.068723
v 0.000000 0.730032 0.065378
v 0.000000 0.730032 0.065378
v -0.761779 0.715464 0.061771
v -0.750233 0.731860 0.055077
v 0.000000 0.731860 0.055077
v 0.726546 0.731659 -0.037106
v 0.726546 0.731659 -0.037106
v 0.000000 0.731659 -0.037106
v 0.761778 -0.030160 0.629404
v 0.761778 -0.190091 0.573482
v 0.761778 -0.190091 0.573482
v 0.761778 0.571657 0.246919
v 0.761778 0.493032 0.382349
v 0.761778 0.392670 0.499547
v 0.761778 0.392670 0.499547
v 0.761778 0.274561 0.574611
v 0.761778 0.125839 0.615719
v 0.761778 0.125839 0.615719
v 0.761779 0.584610 0.120512
v 0.761779 0.584610 0.120512
v 0.773042 -0.203240 0.582063
v 0.773042 -0.203240 0.582063
v 0.773043 0.599037 0.113244
v 0.773043 0.599037 0.113244
v 0.744106 -0.096992 0.723482
v 0.744106 -0.315237 0.642499
v 0.744106 -0.315237 0.642499
v 0.744106 -0.315237 0.642499
v 0.744106 0.696215 0.219358
v 0.744106 0.595956 0.402221
v 0.744106 0.464507 0.559765
v 0.744106 0.464507 0.559765
v 0.744106 0.309588 0.658224
v 0.744106 0.111138 0.710348
v -0.000000 -0.315237 0.642498
v 0.722487 0.722592 -0.036440
v 0.722487 0.722592 -0.036440
v 0.000000 0.722592 -0.036440
v 0.744106 0.710980 0.046444
v 0.744106 0.710980 0.046444
v 0.744106 0.710980 0.046444
v 0.744106 0.710980 0.046444
v 0.744106 -0.030160 0.629404
v 0.744106 -0.190091 0.573482
v 0.744106 -0.190091 0.573482
v 0.744106 0.571657 0.246919
v 0.744106 0.493032 0.382349
v 0.744106 0.392670 0.499547
v 0.744106 0.392670 0.499547
v 0.744106 0.274561 0.574611
v 0.744106 0.125839 0.615719
v 0.744106 0.584610 0.120512
v 0.744106 0.584610 0.120512
v 0.761779 0.613464 0.105976
v 0.761779 0.613464 0.105976
v 0.761778 -0.216389 0.590644
v 0.761778 -0.216389 0.590644
v 0.773042 0.278832 0.584738
v 0.773042 0.401126 0.507015
v 0.773042 0.401126 0.507015
v 0.773042 0.504872 0.385393
v 0.773042 0.586007 0.244730
v 0.773042 -0.037134 0.640768
v 0.773042 0.197451 0.607064
v 0.773042 0.197451 0.607064
v 0.761778 0.409582 0.514482
v 0.761778 0.409582 0.514482
v 0.761778 0.516712 0.388437
v 0.761778 -0.044108 0.652131
v 0.761778 -0.044108 0.652131
v 0.761778 0.600356 0.242541
v 0.761778 0.283104 0.594866
v 0.751747 -0.317980 0.649761
v 0.751747 -0.317980 0.649761
v 0.761778 -0.306343 0.649350
v 0.761778 -0.306343 0.649350
v 0.761778 -0.306343 0.649350
v 0.747478 -0.321582 0.659295
v 0.747478 -0.321582 0.659295
v 0.747478 -0.321582 0.659295
v 0.747478 0.728881 0.047831
v 0.747478 0.728881 0.047831
v 0.747478 0.728881 0.047831
v 0.747478 0.728881 0.047831
v 0.761779 0.715008 0.054820
v 0.761779 0.715008 0.054820
v 0.747478 -0.099897 0.743038
v 0.761778 -0.092075 0.730291
v 0.747478 0.715154 0.225031
v 0.747478 0.611431 0.412788
v 0.761778 0.598555 0.409478
v 0.761778 0.699096 0.227480
v 0.747478 0.477233 0.574225
v 0.747478 0.477233 0.574225
v 0.761778 0.468221 0.566266
v 0.761778 0.468221 0.566266
v 0.747478 0.317276 0.675886
v 0.761778 0.312724 0.665093
v 0.747478 0.114135 0.728845
v 0.761778 0.115409 0.716533
v 0.761778 0.115409 0.716533
v 0.747478 0.733002 0.110685
v 0.761779 0.718273 0.104619
v 0.747478 0.730032 0.065378
v 0.747478 0.730032 0.065378
v 0.761779 0.715464 0.061771
v -0.000000 -0.321582 0.659295
v 0.751027 0.114042 -0.072480
v 0.751027 0.114042 -0.072480
v 0.751027 0.029389 -0.131891
v 0.751027 0.029389 -0.131891
v 0.792475 0.029389 -0.131891
v 0.792475 0.029389 -0.131891
v 0.792475 0.114042 -0.072480
v 0.792475 0.114042 -0.072480
v 0.751027 -0.072480 -0.114042
v 0.751027 -0.072480 -0.114042
v 0.792475 -0.072480 -0.114042
v 0.792475 -0.072480 -0.114042
v 0.751027 -0.131891 -0.029389
v 0.751027 -0.131891 -0.029389
v 0.792475 -0.131891 -0.029389
v 0.792475 -0.131891 -0.029389
v 0.751027 -0.114042 0.072480
v 0.751027 -0.114042 0.072480
v 0.792475 -0.114042 0.072480
v 0.792475 -0.114042 0.072480
v 0.751027 -0.030103 0.125490
v 0.751027 -0.030103 0.125490
v 0.751027 -0.030103 0.125490
v 0.792475 -0.030103 0.125490
v 0.792475 -0.030103 0.125490
v 0.792475 -0.030103 0.125490
v 0.751027 0.073194 0.120443
v 0.751027 0.073194 0.120443
v 0.751027 0.131891 0.029389
v 0.751027 0.131891 0.029389
v 0.792475 0.131891 0.029389
v 0.792475 0.131891 0.029389
v 0.792475 0.073194 0.120443
v 0.792475 0.073194 0.120443
v 0.792475 0.021665 -0.097229
v 0.792475 0.021665 -0.097229
v 0.792475 0.084071 -0.053431
v 0.792475 0.084071 -0.053431
v 0.792475 -0.053431 -0.084071
v 0.792475 -0.053431 -0.084071
v 0.792475 -0.097229 -0.021666
v 0.792475 -0.097229 -0.021666
v 0.792475 -0.084071 0.053431
v 0.792475 -0.084071 0.053431
v 0.792475 -0.021665 0.097229
v 0.792475 -0.021665 0.097229
v 0.792475 0.053431 0.084071
v 0.792475 0.053431 0.084071
v 0.792475 0.097229 0.021666
v 0.792475 0.097229 0.021666
v 0.819352 0.018100 -0.081227
v 0.819352 0.018100 -0.081227
v 0.819352 0.070234 -0.044638
v 0.819352 0.070234 -0.044638
v 0.819352 -0.044638 -0.070234
v 0.819352 -0.044638 -0.070234
v 0.819352 -0.081227 -0.018100
v 0.819352 -0.081227 -0.018100
v 0.819352 -0.070234 0.044638
v 0.819352 -0.070234 0.044638
v 0.819352 -0.018100 0.081227
v 0.819352 -0.018100 0.081227
v 0.819352 0.044638 0.070234
v 0.819352 0.044638 0.070234
v 0.819352 0.081227 0.018100
v 0.819352 0.081227 0.018100
v 0.805061 0.041808 0.294519
v 0.805061 0.041808 0.294519
v 0.805061 -0.055363 0.298432
v 0.805061 -0.055363 0.298432
v 0.779861 -0.055363 0.298432
v 0.779861 -0.055363 0.298432
v 0.779861 0.041808 0.294519
v 0.769060 0.097577 0.456869
v 0.794259 0.097577 0.456869
v 0.794259 0.097577 0.456869
v 0.769060 0.012817 0.499486
v 0.769060 0.012817 0.499486
v 0.794259 0.012817 0.499486
v 0.794259 0.012817 0.499486
v 0.784605 0.244447 0.677740
v 0.784605 0.244447 0.677740
v 0.784605 0.244447 0.677740
v 0.784605 0.154698 0.700242
v 0.784605 0.154698 0.700242
v 0.763280 0.097760 0.619676
v 0.763280 0.097760 0.619676
v 0.886271 0.180692 0.611667
v 0.886271 0.180692 0.611667
v 0.886271 0.204046 0.628058
v 0.886271 0.204046 0.628058
v 0.784605 0.204046 0.628058
v 0.784605 0.204046 0.628058
v 0.886271 0.152589 0.616591
v 0.886271 0.152589 0.616591
v 0.886271 0.136199 0.639945
v 0.886271 0.136199 0.639945
v 0.886271 0.141123 0.668049
v 0.886271 0.141123 0.668049
v 0.886271 0.164477 0.684439
v 0.886271 0.164477 0.684439
v 0.886271 0.192580 0.679515
v 0.886271 0.192580 0.679515
v 0.886271 0.208970 0.656161
v 0.886271 0.208970 0.656161
v 0.886271 0.178694 0.620637
v 0.886271 0.178694 0.620637
v 0.886271 0.196291 0.632987
v 0.886271 0.196291 0.632987
v 0.886271 0.157518 0.624347
v 0.886271 0.157518 0.624347
v 0.886271 0.200001 0.654162
v 0.886271 0.200001 0.654162
v 0.886271 0.187651 0.671760
v 0.886271 0.187651 0.671760
v 0.886271 0.166475 0.675470
v 0.886271 0.166475 0.675470
v 0.886271 0.148878 0.663120
v 0.886271 0.148878 0.663120
v 0.886271 0.145168 0.641944
v 0.886271 0.145168 0.641944
v 0.806305 0.178694 0.620637
v 0.806305 0.178694 0.620637
v 0.806305 0.196291 0.632987
v 0.806305 0.196291 0.632987
v 0.806305 0.157518 0.624347
v 0.806305 0.157518 0.624347
v 0.806305 0.200001 0.654162
v 0.806305 0.200001 0.654162
v 0.806305 0.187651 0.671760
v 0.806305 0.187651 0.671760
v 0.806305 0.166475 0.675470
v 0.806305 0.166475 0.675470
v 0.806305 0.148878 0.663120
v 0.806305 0.148878 0.663120
v 0.806305 0.145168 0.641944
v 0.806305 0.145168 0.641944
v 0.784605 0.136199 0.639945
v 0.784605 0.136199 0.639945
v 0.784605 0.141123 0.668049
v 0.784605 0.141123 0.668049
v 0.784605 0.164477 0.684439
v 0.784605 0.164477 0.684439
v 0.784605 0.152589 0.616591
v 0.784605 0.152589 0.616591
v 0.784605 0.152589 0.616591
v 0.784605 0.180692 0.611667
v 0.784605 0.180692 0.611667
v 0.784605 0.192580 0.679515
v 0.784605 0.192580 0.679515
v 0.784605 0.192580 0.679515
v 0.784605 0.208970 0.656161
v 0.784605 0.208970 0.656161
v 0.751027 0.056833 -0.036120
v 0.751027 0.056833 -0.036120
v 0.751027 0.014646 -0.065728
v 0.751027 0.014646 -0.065728
v 0.751027 -0.036120 -0.056833
v 0.751027 -0.036120 -0.056833
v 0.751027 -0.065728 -0.014646
v 0.751027 -0.065728 -0.014646
v 0.751027 -0.057144 0.034344
v 0.751027 -0.057144 0.034344
v 0.751027 -0.013395 0.061973
v 0.751027 -0.013395 0.061973
v 0.751027 0.037994 0.059462
v 0.751027 0.037994 0.059462
v 0.751027 0.065975 0.016057
v 0.751027 0.065975 0.016057
v 0.700761 0.065975 0.016057
v 0.700761 0.037994 0.059462
v 0.700761 -0.013395 0.061973
v 0.700761 -0.057144 0.034344
v 0.700761 -0.065728 -0.014646
v 0.700761 -0.036120 -0.056833
v 0.700761 0.014646 -0.065728
v 0.700761 0.056833 -0.036120
v 0.761778 0.244447 0.677740
v 0.761778 0.244447 0.677740
v 0.761778 0.154698 0.700242
v 0.761778 0.154698 0.700242
v 0.762094 0.203545 0.616230
v 0.762094 0.203545 0.616230
v 0.762882 0.125724 0.616827
v 0.762882 0.125724 0.616827
v 0.762866 0.191807 0.598577
v 0.762866 0.191807 0.598577
v 0.762361 0.111269 0.638792
v 0.762361 0.111269 0.638792
v 0.773042 0.104187 0.628770
v 0.773042 0.104187 0.628770
v 0.077155 0.732573 0.104139
v 0.077155 0.732573 0.104139
v 0.077155 0.786266 0.108055
v 0.086376 0.788701 0.124874
v 0.086376 0.788701 0.124874
v 0.086376 0.789505 0.113839
v 0.086376 0.789505 0.113839
v 0.067935 0.782221 0.113307
v 0.067935 0.782221 0.113307
v 0.067935 0.781416 0.124343
v 0.067935 0.781416 0.124343
v 0.054080 0.821120 0.127239
v 0.054080 0.821120 0.127239
v 0.054080 0.821925 0.116204
v 0.054080 0.821925 0.116204
v 0.046716 0.803544 0.114863
v 0.046716 0.803544 0.114863
v 0.046716 0.802739 0.125898
v 0.046716 0.802739 0.125898
v 0.077155 0.784656 0.130126
v 0.050398 0.811527 0.132087
v 0.050398 0.813137 0.110016
v 0.000000 0.802739 0.125898
v 0.000000 0.803544 0.114863
v 0.000000 0.821120 0.127239
v 0.000000 0.811527 0.132087
v 0.000000 0.813137 0.110016
v 0.000000 0.821925 0.116204
v 0.086376 0.733002 0.110685
v 0.086376 0.732939 0.109712
v 0.086376 0.732939 0.109712
v 0.067935 0.732939 0.109712
v 0.067935 0.732939 0.109712
v 0.067935 0.733002 0.110685
v 0.086376 0.731440 0.120697
v 0.086376 0.731440 0.120697
v 0.077155 0.730583 0.126182
v 0.077155 0.730583 0.126182
v 0.067935 0.731440 0.120697
v 0.067935 0.731440 0.120697
v 0.750233 0.731860 0.055077
v 0.750233 0.731860 0.055077
v 0.761779 0.715919 0.068723
v 0.000000 0.731860 0.055077
v -0.726546 0.731659 -0.037106
v -0.726546 0.731659 -0.037106
v -0.761778 -0.030160 0.629404
v -0.761778 -0.190091 0.573482
v -0.761778 -0.190091 0.573482
v -0.761778 0.571657 0.246919
v -0.761778 0.493032 0.382349
v -0.761778 0.392670 0.499547
v -0.761778 0.392670 0.499547
v -0.761778 0.274561 0.574611
v -0.761778 0.125839 0.615719
v -0.761778 0.125839 0.615719
v -0.761779 0.584610 0.120512
v -0.761779 0.584610 0.120512
v -0.773042 -0.203240 0.582063
v -0.773042 -0.203240 0.582063
v -0.773043 0.599037 0.113244
v -0.773043 0.599037 0.113244
v -0.744106 -0.096992 0.723482
v -0.744106 -0.315237 0.642499
v -0.744106 -0.315237 0.642499
v -0.744106 -0.315237 0.642499
v -0.744106 0.696215 0.219358
v -0.744106 0.595956 0.402221
v -0.744106 0.464507 0.559765
v -0.744106 0.464507 0.559765
v -0.744106 0.309588 0.658224
v -0.744106 0.111138 0.710348
v -0.722487 0.722592 -0.036440
v -0.722487 0.722592 -0.036440
v -0.744106 0.710980 0.046444
v -0.744106 0.710980 0.046444
v -0.744106 0.710980 0.046444
v -0.744106 0.710980 0.046444
v -0.744106 -0.030160 0.629404
v -0.744106 -0.190091 0.573482
v -0.744106 -0.190091 0.573482
v -0.744106 0.571657 0.246919
v -0.744106 0.493032 0.382349
v -0.744106 0.392670 0.499547
v -0.744106 0.392670 0.499547
v -0.744106 0.274561 0.574611
v -0.744106 0.125839 0.615719
v -0.744106 0.584610 0.120512
v -0.744106 0.584610 0.120512
v -0.761779 0.613464 0.105976
v -0.761779 0.613464 0.105976
v -0.761778 -0.216389 0.590644
v -0.761778 -0.216389 0.590644
v -0.773042 0.278832 0.584738
v -0.773042 0.401126 0.507015
v -0.773042 0.401126 0.507015
v -0.773042 0.504872 0.385393
v -0.773042 0.586007 0.244730
v -0.773042 -0.037134 0.640768
v -0.773042 0.197451 0.607064
v -0.773042 0.197451 0.607064
v -0.761778 0.409582 0.514482
v -0.761778 0.409582 0.514482
v -0.761778 0.516712 0.388437
v -0.761778 -0.044108 0.652131
v -0.761778 -0.044108 0.652131
v -0.761778 0.600356 0.242541
v -0.761778 0.283104 0.594866
v -0.751747 -0.317980 0.649761
v -0.751747 -0.317980 0.649761
v -0.761778 -0.306343 0.649350
v -0.761778 -0.306343 0.649350
v -0.761778 -0.306343 0.649350
v -0.747478 -0.321582 0.659295
v -0.747478 -0.321582 0.659295
v -0.747478 -0.321582 0.659295
v -0.747478 0.728881 0.047831
v -0.747478 0.728881 0.047831
v -0.747478 0.728881 0.047831
v -0.747478 0.728881 0.047831
v -0.761779 0.715008 0.054820
v -0.761779 0.715008 0.054820
v -0.747478 -0.099897 0.743038
v -0.761778 -0.092075 0.730291
v -0.747478 0.715154 0.225031
v -0.747478 0.611431 0.412788
v -0.761778 0.598555 0.409478
v -0.761778 0.699096 0.227480
v -0.747478 0.477233 0.574225
v -0.747478 0.477233 0.574225
v -0.761778 0.468221 0.566266
v -0.761778 0.468221 0.566266
v -0.747478 0.317276 0.675886
v -0.761778 0.312724 0.665093
v -0.747478 0.114135 0.728845
v -0.761778 0.115409 0.716533
v -0.761778 0.115409 0.716533
v -0.747478 0.733002 0.110685
v -0.761779 0.718273 0.104619
v -0.747478 0.730032 0.065378
v -0.747478 0.730032 0.065378
v -0.761779 0.715464 0.061771
v -0.751027 0.114042 -0.072480
v -0.751027 0.114042 -0.072480
v -0.751027 0.029389 -0.131891
v -0.751027 0.029389 -0.131891
v -0.792475 0.029389 -0.131891
v -0.792475 0.029389 -0.131891
v -0.792475 0.114042 -0.072480
v -0.792475 0.114042 -0.072480
v -0.751027 -0.072480 -0.114042
v -0.751027 -0.072480 -0.114042
v -0.792475 -0.072480 -0.114042
v -0.792475 -0.072480 -0.114042
v -0.751027 -0.131891 -0.029389
v -0.751027 -0.131891 -0.029389
v -0.792475 -0.131891 -0.029389
v -0.792475 -0.131891 -0.029389
v -0.751027 -0.114042 0.072480
v -0.751027 -0.114042 0.072480
v -0.792475 -0.114042 0.072480
v -0.792475 -0.114042 0.072480
v -0.751027 -0.030103 0.125490
v -0.751027 -0.030103 0.125490
v -0.751027 -0.030103 0.125490
v -0.792475 -0.030103 0.125490
v -0.792475 -0.030103 0.125490
v -0.792475 -0.030103 0.125490
v -0.751027 0.073194 0.120443
v -0.751027 0.073194 0.120443
v -0.751027 0.131891 0.029389
v -0.751027 0.131891 0.029389
v -0.792475 0.131891 0.029389
v -0.792475 0.131891 0.029389
v -0.792475 0.073194 0.120443
v -0.792475 0.073194 0.120443
v -0.792475 0.021665 -0.097229
v -0.792475 0.021665 -0.097229
v -0.792475 0.084071 -0.053431
v -0.792475 0.084071 -0.053431
v -0.792475 -0.053431 -0.084071
v -0.792475 -0.053431 -0.084071
v -0.792475 -0.097229 -0.021666
v -0.792475 -0.097229 -0.021666
v -0.792475 -0.084071 0.053431
v -0.792475 -0.084071 0.053431
v -0.792475 -0.021665 0.097229
v -0.792475 -0.021665 0.097229
v -0.792475 0.053431 0.084071
v -0.792475 0.053431 0.084071
v -0.792475 0.097229 0.021666
v -0.792475 0.097229 0.021666
v -0.819352 0.018100 -0.081227
v -0.819352 0.018100 -0.081227
v -0.819352 0.070234 -0.044638
v -0.819352 0.070234 -0.044638
v -0.819352 -0.044638 -0.070234
v -0.819352 -0.044638 -0.070234
v -0.819352 -0.081227 -0.018100
v -0.819352 -0.081227 -0.018100
v -0.819352 -0.070234 0.044638
v -0.819352 -0.070234 0.044638
v -0.819352 -0.018100 0.081227
v -0.819352 -0.018100 0.081227
v -0.819352 0.044638 0.070234
v -0.819352 0.044638 0.070234
v -0.819352 0.081227 0.018100
v -0.819352 0.081227 0.018100
v -0.805061 0.041808 0.294519
v -0.805061 0.041808 0.294519
v -0.805061 -0.055363 0.298432
v -0.805061 -0.055363 0.298432
v -0.779861 -0.055363 0.298432
v -0.779861 -0.055363 0.298432
v -0.779861 0.041808 0.294519
v -0.769060 0.097577 0.456869
v -0.794259 0.097577 0.456869
v -0.794259 0.097577 0.456869
v -0.769060 0.012817 0.499486
v -0.769060 0.012817 0.499486
v -0.794259 0.012817 0.499486
v -0.794259 0.012817 0.499486
v -0.784605 0.244447 0.677740
v -0.784605 0.244447 0.677740
v -0.784605 0.244447 0.677740
v -0.784605 0.154698 0.700242
v -0.784605 0.154698 0.700242
v -0.763280 0.097760 0.619676
v -0.763280 0.097760 0.619676
v -0.886271 0.180692 0.611667
v -0.886271 0.180692 0.611667
v -0.886271 0.204046 0.628058
v -0.886271 0.204046 0.628058
v -0.784605 0.204046 0.628058
v -0.784605 0.204046 0.628058
v -0.886271 0.152589 0.616591
v -0.886271 0.152589 0.616591
v -0.886271 0.136199 0.639945
v -0.886271 0.136199 0.639945
v -0.886271 0.141123 0.668049
v -0.886271 0.141123 0.668049
v -0.886271 0.164477 0.684439
v -0.886271 0.164477 0.684439
v -0.886271 0.192580 0.679515
v -0.886271 0.192580 0.679515
v -0.886271 0.208970 0.656161
v -0.886271 0.208970 0.656161
v -0.886271 0.178694 0.620637
v -0.886271 0.178694 0.620637
v -0.886271 0.196291 0.632987
v -0.886271 0.196291 0.632987
v -0.886271 0.157518 0.624347
v -0.886271 0.157518 0.624347
v -0.886271 0.200001 0.654162
v -0.886271 0.200001 0.654162
v -0.886271 0.187651 0.671760
v -0.886271 0.187651 0.671760
v -0.886271 0.166475 0.675470
v -0.886271 0.166475 0.675470
v -0.886271 0.148878 0.663120
v -0.886271 0.148878 0.663120
v -0.886271 0.145168 0.641944
v -0.886271 0.145168 0.641944
v -0.806305 0.178694 0.620637
v -0.806305 0.178694 0.620637
v -0.806305 0.196291 0.632987
v -0.806305 0.196291 0.632987
v -0.806305 0.157518 0.624347
v -0.806305 0.157518 0.624347
v -0.806305 0.200001 0.654162
v -0.806305 0.200001 0.654162
v -0.806305 0.187651 0.671760
v -0.806305 0.187651 0.671760
v -0.806305 0.166475 0.675470
v -0.806305 0.166475 0.675470
v -0.806305 0.148878 0.663120
v -0.806305 0.148878 0.663120
v -0.806305 0.145168 0.641944
v -0.806305 0.145168 0.641944
v -0.784605 0.136199 0.639945
v -0.784605 0.136199 0.639945
v -0.784605 0.141123 0.668049
v -0.784605 0.141123 0.668049
v -0.784605 0.164477 0.684439
v -0.784605 0.164477 0.684439
v -0.784605 0.152589 0.616591
v -0.784605 0.152589 0.616591
v -0.784605 0.152589 0.616591
v -0.784605 0.180692 0.611667
v -0.784605 0.180692 0.611667
v -0.784605 0.192580 0.679515
v -0.784605 0.192580 0.679515
v -0.784605 0.192580 0.679515
v -0.784605 0.208970 0.656161
v -0.784605 0.208970 0.656161
v -0.751027 0.056833 -0.036120
v -0.751027 0.056833 -0.036120
v -0.751027 0.014646 -0.065728
v -0.751027 0.014646 -0.065728
v -0.751027 -0.036120 -0.056833
v -0.751027 -0.036120 -0.056833
v -0.751027 -0.065728 -0.014646
v -0.751027 -0.065728 -0.014646
v -0.751027 -0.057144 0.034344
v -0.751027 -0.057144 0.034344
v -0.751027 -0.013395 0.061973
v -0.751027 -0.013395 0.061973
v -0.751027 0.037994 0.059462
v -0.751027 0.037994 0.059462
v -0.751027 0.065975 0.016057
v -0.751027 0.065975 0.016057
v -0.700761 0.065975 0.016057
v -0.700761 0.037994 0.059462
v -0.700761 -0.013395 0.061973
v -0.700761 -0.057144 0.034344
v -0.700761 -0.065728 -0.014646
v -0.700761 -0.036120 -0.056833
v -0.700761 0.014646 -0.065728
v -0.700761 0.056833 -0.036120
v -0.761778 0.244447 0.677740
v -0.761778 0.244447 0.677740
v -0.761778 0.154698 0.700242
v -0.761778 0.154698 0.700242
v -0.762094 0.203545 0.616230
v -0.762094 0.203545 0.616230
v -0.762882 0.125724 0.616827
v -0.762882 0.125724 0.616827
v -0.762866 0.191807 0.598577
v -0.762866 0.191807 0.598577
v -0.762361 0.111269 0.638792
v -0.762361 0.111269 0.638792
v -0.773042 0.104187 0.628770
v -0.773042 0.104187 0.628770
v -0.077155 0.732573 0.104139
v -0.077155 0.732573 0.104139
v -0.077155 0.786266 0.108055
v -0.086376 0.788701 0.124874
v -0.086376 0.788701 0.124874
v -0.086376 0.789505 0.113839
v -0.086376 0.789505 0.113839
v -0.067935 0.782221 0.113307
v -0.067935 0.782221 0.113307
v -0.067935 0.781416 0.124343
v -0.067935 0.781416 0.124343
v -0.054080 0.821120 0.127239
v -0.054080 0.821120 0.127239
v -0.054080 0.821925 0.116204
v -0.054080 0.821925 0.116204
v -0.046716 0.803544 0.114863
v -0.046716 0.803544 0.114863
v -0.046716 0.802739 0.125898
v -0.046716 0.802739 0.125898
v -0.077155 0.784656 0.130126
v -0.050398 0.811527 0.132087
v -0.050398 0.813137 0.110016
v -0.086376 0.733002 0.110685
v -0.086376 0.732939 0.109712
v -0.086376 0.732939 0.109712
v -0.067935 0.732939 0.109712
v -0.067935 0.732939 0.109712
v -0.067935 0.733002 0.110685
v -0.086376 0.731440 0.120697
v -0.086376 0.731440 0.120697
v -0.077155 0.730583 0.126182
v -0.077155 0.730583 0.126182
v -0.067935 0.731440 0.120697
v -0.067935 0.731440 0.120697
v -0.750233 0.731860 0.055077
v -0.750233 0.731860 0.055077
v -0.761779 0.715919 0.068723
vn 0.7557 -0.6482 0.0935
vn 0.4303 -0.0111 -0.9026
vn 0.3181 -0.3051 -0.8976
vn 0.3313 -0.2757 -0.9023
vn -0.7557 -0.6482 0.0935
vn -0.4303 -0.0111 -0.9026
vn -0.3313 -0.2757 -0.9023
vn -0.3181 -0.3051 -0.8976
vn 1.0000 -0.0000 -0.0000
vn 1.0000 0.0011 0.0011
vn 1.0000 0.0011 0.0010
vn -0.0000 0.9249 -0.3803
vn -0.0000 0.9765 -0.2154
vn -0.0000 0.9841 -0.1778
vn 0.7757 -0.6280 -0.0633
vn 0.7610 -0.6255 -0.1720
vn 0.7473 -0.6202 -0.2387
vn 0.7024 -0.4712 -0.5335
vn 0.6969 -0.2899 -0.6559
vn 0.6970 -0.2915 -0.6552
vn 0.7018 -0.4619 -0.5423
vn 0.7120 -0.5793 -0.3969
vn 0.7097 -0.5686 -0.4160
vn -0.0005 -0.9942 -0.1074
vn -0.0011 -0.9576 -0.2880
vn -0.0000 -0.9577 -0.2878
vn -0.0000 -0.9939 -0.1100
vn 0.7365 0.1115 -0.6672
vn 0.7493 0.2197 -0.6247
vn 0.7257 0.0536 -0.6860
vn 0.7026 -0.4613 -0.5418
vn -0.0012 0.1462 -0.9893
vn -0.0000 0.1464 -0.9892
vn -0.0000 -0.1597 -0.9872
vn -0.0012 -0.1594 -0.9872
vn -0.0014 -0.3997 -0.9167
vn -0.0000 -0.3993 -0.9168
vn -0.0000 -0.6603 -0.7510
vn -0.0014 -0.6603 -0.7510
vn -0.0013 -0.8261 -0.5636
vn -0.0000 -0.8260 -0.5637
vn -0.0009 0.3506 -0.9365
vn -0.0000 0.3506 -0.9365
vn -0.0013 -0.6603 -0.7510
vn -0.0000 -0.9903 -0.1387
vn 0.7761 0.6276 0.0612
vn 0.7615 0.6254 0.1703
vn 0.7478 0.6203 0.2365
vn 0.7761 0.6277 0.0612
vn -1.0000 -0.0000 -0.0000
vn -0.0000 -0.9948 -0.1019
vn -0.0000 -0.9511 -0.3089
vn -0.0000 -0.0732 -0.9973
vn -0.0000 0.1241 -0.9923
vn -0.0000 0.3301 -0.9440
vn -0.0000 -0.8156 -0.5787
vn -0.0000 -0.6552 -0.7555
vn -0.0000 -0.6551 -0.7555
vn -0.0000 -0.4059 -0.9139
vn -0.0000 -0.1776 -0.9841
vn 0.7025 0.4716 0.5330
vn 0.6971 0.2894 0.6559
vn 0.6972 0.2907 0.6553
vn 0.7019 0.4624 0.5418
vn 0.7123 0.5799 0.3954
vn 0.7101 0.5692 0.4144
vn 0.7372 -0.1136 0.6661
vn 0.7498 -0.2214 0.6235
vn 0.7498 -0.2215 0.6235
vn 0.7264 -0.0558 0.6850
vn 0.6929 0.1902 0.6955
vn 0.6929 0.1902 0.6956
vn 0.7019 0.4623 0.5418
vn -0.0000 0.6607 0.7507
vn -0.0000 0.8258 0.5639
vn -0.0000 0.1599 0.9871
vn -0.0000 0.3991 0.9169
vn -0.0000 -0.3534 0.9355
vn -0.0000 -0.1470 0.9891
vn -0.0000 0.9461 0.3238
vn -0.0000 0.9995 0.0327
vn 0.6983 -0.1293 0.7041
vn 0.7165 -0.2465 0.6526
vn 0.6859 -0.0745 0.7238
vn 0.7157 0.6683 0.2027
vn 0.6599 0.6261 0.4154
vn 0.6561 0.6169 0.4348
vn 0.7009 0.6639 0.2607
vn 0.6409 0.5114 0.5725
vn 0.6401 0.5025 0.5812
vn 0.6337 0.3083 0.7095
vn 0.6336 0.3094 0.7091
vn 0.6422 0.1152 0.7578
vn 0.6401 0.1311 0.7570
vn 0.7254 0.6870 0.0422
vn 0.7210 0.6927 0.0176
vn 0.7204 0.6901 0.0690
vn 0.7192 0.6928 0.0534
vn 1.0000 -0.0004 0.0011
vn 1.0000 -0.0008 0.0020
vn -0.0000 0.5745 -0.8185
vn -0.0000 -0.1726 -0.9850
vn -0.0000 -0.8185 -0.5745
vn -0.0000 -0.9850 0.1726
vn -0.0000 -0.5340 0.8455
vn 0.9996 -0.0013 -0.0299
vn 0.9996 -0.0012 -0.0277
vn 1.0000 0.0055 -0.0079
vn 0.9999 0.0050 -0.0116
vn 0.4910 0.7131 0.5005
vn -0.0000 0.9263 0.3768
vn -0.0000 0.9319 0.3626
vn -0.0000 0.8405 0.5418
vn -0.0000 0.9850 -0.1726
vn 0.4910 -0.5005 0.7131
vn 0.4910 -0.7131 -0.5005
vn 0.4910 0.5005 -0.7131
vn 0.4910 0.8581 -0.1504
vn 0.4910 0.1504 0.8581
vn 0.4910 -0.8581 0.1504
vn 0.4910 -0.1504 -0.8581
vn -0.0000 0.9970 -0.0769
vn -0.0000 0.9976 -0.0686
vn -0.0000 0.8947 -0.4466
vn -0.0000 0.8983 -0.4393
vn -0.0000 -0.9895 -0.1445
vn -0.0000 -0.9957 0.0925
vn -0.0000 -0.9966 0.0828
vn -0.0000 0.9976 -0.0685
vn -0.9980 0.0028 0.0630
vn -0.9977 0.0030 0.0680
vn -0.9982 -0.0028 0.0599
vn -0.9986 -0.0035 0.0533
vn -0.9989 -0.0145 -0.0453
vn 0.9987 0.0215 0.0458
vn 0.9987 0.0289 0.0418
vn -0.0000 -0.9966 0.0827
vn -0.0000 -0.8930 0.4501
vn -0.0000 -0.8892 0.4576
vn -0.0000 -0.5745 0.8185
vn -0.0000 0.8185 0.5745
vn -0.0000 0.1726 0.9850
vn -0.0000 0.0488 0.9988
vn -0.0000 0.2432 0.9700
vn -0.4497 -0.2507 0.8573
vn -0.4508 -0.2477 0.8575
vn -0.1861 -0.5123 0.8384
vn -0.1893 -0.5111 0.8384
vn -0.0000 -0.9974 -0.0728
vn 0.7094 0.7030 0.0513
vn -0.7098 -0.7026 -0.0513
vn -0.7098 -0.7026 -0.0512
vn 0.4509 0.2477 -0.8575
vn 0.4497 0.2507 -0.8573
vn 0.1891 0.5111 -0.8384
vn 0.1860 0.5124 -0.8384
vn 0.4497 0.1236 0.8846
vn 0.4508 0.1207 0.8844
vn 0.1861 0.3853 0.9039
vn 0.1892 0.3841 0.9037
vn -0.4509 -0.1206 -0.8844
vn -0.4497 -0.1235 -0.8846
vn -0.1892 -0.3840 -0.9037
vn -0.1861 -0.3853 -0.9038
vn -0.0000 0.4510 0.8925
vn -0.0000 0.5758 -0.8176
vn -0.0000 -0.4510 -0.8925
vn -0.0000 -0.5758 0.8176
vn -0.0000 0.9973 0.0728
vn -0.5145 -0.0624 0.8552
vn 0.5145 -0.0624 0.8552
vn -0.5145 0.0624 -0.8552
vn 0.5145 0.0624 -0.8552
vn 0.7833 0.6141 -0.0966
vn 0.7192 0.6927 0.0534
vn 0.7722 0.6350 -0.0198
vn 0.7888 0.5447 -0.2848
vn 0.7888 0.5447 -0.2849
vn -0.0000 0.9979 0.0642
vn -0.0000 0.9846 0.1748
vn -0.0000 0.9985 0.0551
vn 0.9332 -0.2502 -0.2580
vn 0.6968 0.0597 0.7148
vn 0.7372 -0.1135 0.6661
vn 1.0000 0.0003 0.0028
vn 1.0000 -0.0004 0.0030
vn -1.0000 0.0011 0.0010
vn -1.0000 0.0011 0.0011
vn -0.7757 -0.6280 -0.0633
vn -0.7473 -0.6202 -0.2387
vn -0.7611 -0.6255 -0.1720
vn -0.7024 -0.4712 -0.5335
vn -0.7018 -0.4619 -0.5423
vn -0.6970 -0.2915 -0.6552
vn -0.6969 -0.2899 -0.6560
vn -0.7097 -0.5686 -0.4161
vn -0.7120 -0.5793 -0.3969
vn 0.0005 -0.9942 -0.1074
vn 0.0011 -0.9576 -0.2880
vn -0.7365 0.1115 -0.6672
vn -0.7257 0.0536 -0.6860
vn -0.7493 0.2197 -0.6247
vn -0.7018 -0.4620 -0.5423
vn 0.0012 0.1462 -0.9893
vn 0.0012 -0.1594 -0.9872
vn 0.0014 -0.3997 -0.9167
vn 0.0013 -0.6603 -0.7510
vn 0.0013 -0.8261 -0.5636
vn 0.0009 0.3506 -0.9365
vn 0.0010 -0.6603 -0.7510
vn -0.7761 0.6276 0.0612
vn -0.7761 0.6277 0.0612
vn -0.7478 0.6203 0.2365
vn -0.7615 0.6254 0.1703
vn -0.7025 0.4716 0.5330
vn -0.7019 0.4624 0.5418
vn -0.6972 0.2907 0.6553
vn -0.6971 0.2894 0.6559
vn -0.7101 0.5692 0.4144
vn -0.7123 0.5799 0.3954
vn -0.7372 -0.1136 0.6661
vn -0.7264 -0.0558 0.6850
vn -0.7498 -0.2215 0.6235
vn -0.7498 -0.2214 0.6235
vn -0.6929 0.1902 0.6956
vn -0.6929 0.1902 0.6955
vn -0.7019 0.4623 0.5418
vn -0.6983 -0.1293 0.7041
vn -0.6859 -0.0745 0.7238
vn -0.7165 -0.2465 0.6526
vn -0.7157 0.6683 0.2027
vn -0.7009 0.6639 0.2607
vn -0.6561 0.6169 0.4348
vn -0.6599 0.6261 0.4154
vn -0.6401 0.5025 0.5812
vn -0.6409 0.5114 0.5725
vn -0.6336 0.3094 0.7091
vn -0.6337 0.3083 0.7095
vn -0.6401 0.1311 0.7570
vn -0.6422 0.1152 0.7578
vn -0.7254 0.6870 0.0422
vn -0.7210 0.6927 0.0176
vn -0.7204 0.6901 0.0690
vn -0.7192 0.6928 0.0534
vn -1.0000 -0.0004 0.0011
vn -1.0000 -0.0008 0.0020
vn -0.9996 -0.0013 -0.0299
vn -0.9999 0.0050 -0.0116
vn -1.0000 0.0055 -0.0079
vn -0.9996 -0.0012 -0.0277
vn -0.4910 0.7131 0.5005
vn -0.4910 -0.5005 0.7131
vn -0.4910 -0.7131 -0.5005
vn -0.4910 0.5005 -0.7131
vn -0.4910 0.8581 -0.1504
vn -0.4910 0.1504 0.8581
vn -0.4910 -0.8581 0.1504
vn -0.4910 -0.1504 -0.8581
vn 0.9980 0.0028 0.0630
vn 0.9986 -0.0035 0.0533
vn 0.9982 -0.0028 0.0599
vn 0.9977 0.0030 0.0680
vn 0.9989 -0.0145 -0.0453
vn -0.9987 0.0289 0.0418
vn -0.9987 0.0215 0.0458
vn 0.4497 -0.2507 0.8573
vn 0.1893 -0.5111 0.8384
vn 0.1861 -0.5123 0.8384
vn 0.4508 -0.2477 0.8575
vn -0.7094 0.7030 0.0513
vn 0.7098 -0.7026 -0.0512
vn 0.7098 -0.7026 -0.0513
vn -0.4509 0.2477 -0.8575
vn -0.1860 0.5124 -0.8384
vn -0.1891 0.5111 -0.8384
vn -0.4497 0.2507 -0.8573
vn -0.4497 0.1236 0.8846
vn -0.1892 0.3841 0.9037
vn -0.1861 0.3853 0.9039
vn -0.4508 0.1207 0.8844
vn 0.4509 -0.1206 -0.8844
vn 0.1861 -0.3853 -0.9038
vn 0.1892 -0.3840 -0.9037
vn 0.4497 -0.1235 -0.8846
vn -0.7833 0.6141 -0.0966
vn -0.7722 0.6350 -0.0198
vn -0.7191 0.6928 0.0541
vn -0.7888 0.5447 -0.2848
vn -0.7888 0.5447 -0.2849
vn -0.9332 -0.2502 -0.2580
vn -0.7372 -0.1135 0.6661
vn -0.6968 0.0597 0.7148
vn -1.0000 0.0003 0.0028
vn -1.0000 -0.0004 0.0030
vn -0.0000 0.9990 0.0447
vn -0.0000 0.9880 0.1542
vn -0.0000 -0.9355 -0.3534
vn 0.6955 -0.1348 -0.7058
vn 0.6925 -0.1916 -0.6955
vn 0.6959 -0.1180 -0.7084
vn 0.6924 -0.1916 -0.6956
vn 0.2735 -0.4978 -0.8230
vn 0.2735 -0.4978 -0.8231
vn 0.2382 -0.4625 -0.8540
vn 0.2383 -0.4625 -0.8540
vn -0.0000 0.8327 -0.5537
vn -0.0000 0.8984 -0.4393
vn -0.9992 -0.0150 -0.0360
vn -0.9992 -0.0150 -0.0359
vn 0.9951 -0.0548 0.0824
vn 0.9986 0.0005 0.0525
vn 0.9966 -0.0378 0.0732
vn 0.9989 0.0208 0.0415
vn -0.0000 -0.8166 0.5771
vn -0.0000 -0.8929 0.4502
vn -0.0000 -0.8166 0.5772
vn 0.9986 0.0441 0.0288
vn 0.6960 -0.0617 -0.7154
vn -1.0000 -0.0000 -0.0002
vn -0.0000 0.9979 -0.0654
vn 1.0000 0.0023 0.0022
vn -0.6925 -0.1916 -0.6955
vn -0.6955 -0.1348 -0.7058
vn -0.6959 -0.1180 -0.7084
vn -0.6924 -0.1916 -0.6956
vn -0.2735 -0.4978 -0.8230
vn -0.2383 -0.4625 -0.8540
vn -0.2382 -0.4625 -0.8540
vn 0.9992 -0.0150 -0.0360
vn 0.9992 -0.0150 -0.0359
vn -0.9966 -0.0378 0.0732
vn -0.9951 -0.0548 0.0824
vn -0.9989 0.0208 0.0415
vn -0.9986 0.0005 0.0525
vn -0.9986 0.0441 0.0288
vn -0.6960 -0.0617 -0.7154
vn 1.0000 -0.0000 0.0001
vn -1.0000 0.0023 0.0022
vt 0.313362 0.238578
vt 0.313362 0.225628
vt 0.310005 0.230604
vt 0.832646 0.588320
vt 0.832646 0.577525
vt 0.823815 0.583361
vt 0.371180 0.227041
vt 0.329912 0.311088
vt 0.368042 0.311241
vt 0.401609 0.242879
vt 0.996261 1.000000
vt 0.998715 0.998255
vt 0.998715 0.577419
vt 0.996261 0.577614
vt 0.941801 0.031167
vt 0.922047 0.102112
vt 0.931156 0.106866
vt 0.949990 0.038569
vt 0.295491 0.093280
vt 0.284795 0.166267
vt 0.293307 0.167314
vt 0.303637 0.096824
vt 0.925700 0.192705
vt 0.934861 0.194200
vt 0.433504 0.257851
vt 0.417136 0.353089
vt 0.697408 0.353069
vt 0.714351 0.257851
vt 0.971698 0.901591
vt 0.974183 1.000000
vt 0.980677 0.993610
vt 0.978302 0.898929
vt 0.941251 0.278383
vt 0.949990 0.276847
vt 0.288638 1.000000
vt 0.288593 0.581105
vt 0.176264 0.579422
vt 0.176405 0.998339
vt 0.073909 0.995592
vt 0.073558 0.576682
vt 0.000000 0.572835
vt 0.000486 0.991752
vt 0.432910 0.468661
vt 0.713480 0.468772
vt 0.417136 0.998960
vt 0.417136 0.580023
vt 0.464118 0.576143
vt 0.744579 0.576454
vt 0.720424 0.211405
vt 0.447737 0.211405
vt 0.986694 0.000000
vt 0.966875 0.073302
vt 0.975996 0.078018
vt 0.994932 0.007349
vt 0.744579 0.368122
vt 0.795951 0.383060
vt 0.799332 0.294835
vt 0.751929 0.250779
vt 0.803143 0.576454
vt 0.841538 0.540547
vt 0.808267 0.469160
vt 0.759502 0.482818
vt 0.841538 0.485720
vt 0.896619 0.440132
vt 0.901621 0.351986
vt 0.845352 0.368206
vt 0.841538 0.209351
vt 0.812110 0.134456
vt 0.922047 0.267474
vt 0.871084 0.255482
vt 0.937784 0.107623
vt 0.956618 0.039325
vt 0.411622 0.163784
vt 0.411623 0.572835
vt 0.416501 0.570625
vt 0.416501 0.163859
vt 0.990526 0.993428
vt 0.988152 0.898746
vt 0.921010 0.890377
vt 0.940270 1.000000
vt 0.971513 0.985871
vt 0.955160 0.897233
vt 0.941489 0.194957
vt 0.956618 0.277604
vt 0.980677 0.680447
vt 0.978805 0.737028
vt 0.988654 0.736845
vt 0.990526 0.680265
vt 0.978112 0.814398
vt 0.987961 0.814215
vt 0.917419 0.774148
vt 0.951155 0.803397
vt 0.627954 0.095968
vt 0.620529 0.172379
vt 0.629173 0.172801
vt 0.636353 0.098919
vt 0.970557 0.167492
vt 0.979721 0.168941
vt 0.303637 0.135454
vt 0.303641 0.238578
vt 0.310005 0.233125
vt 0.310005 0.133803
vt 0.627839 0.210020
vt 0.636353 0.211405
vt 0.986182 0.256818
vt 0.994932 0.255218
vt 0.877792 0.576454
vt 0.922047 0.507012
vt 0.110961 0.545658
vt 0.110961 0.250512
vt 0.000000 0.277689
vt 0.659868 0.998371
vt 0.757639 0.999086
vt 0.757639 0.577680
vt 0.659868 0.576964
vt 0.417136 0.997908
vt 0.549353 0.997860
vt 0.549353 0.576454
vt 0.417136 0.576501
vt 0.229552 0.533724
vt 0.229552 0.238578
vt 0.823815 1.000000
vt 0.823815 0.578593
vt 0.922047 0.573529
vt 0.966875 0.576454
vt 0.966875 0.289573
vt 0.922047 0.278383
vt 0.401609 0.152543
vt 0.401906 0.286080
vt 0.409965 0.279745
vt 0.409678 0.150675
vt 0.966875 0.342474
vt 0.970540 0.462786
vt 0.981310 0.464391
vt 0.977758 0.347769
vt 0.989784 0.576454
vt 1.000000 0.574786
vt 0.275291 0.046330
vt 0.261063 0.142361
vt 0.270964 0.143821
vt 0.284795 0.050467
vt 0.275303 0.238578
vt 0.284795 0.237278
vt 0.401906 0.040923
vt 0.409965 0.042470
vt 0.980846 0.279492
vt 0.992769 0.280098
vt 0.989972 0.256818
vt 1.000000 0.262133
vt 0.321676 0.495683
vt 0.376943 0.572835
vt 0.401609 0.523941
vt 0.359028 0.461267
vt 0.512432 0.211388
vt 0.535537 0.211405
vt 0.534362 0.157838
vt 0.511257 0.157821
vt 0.535537 0.103673
vt 0.512432 0.103656
vt 0.261063 0.134497
vt 0.245799 0.131041
vt 0.245799 0.188209
vt 0.261063 0.191666
vt 0.215120 0.233987
vt 0.230385 0.237444
vt 0.585453 0.087066
vt 0.562318 0.087005
vt 0.562318 0.141447
vt 0.585453 0.141508
vt 0.867269 0.611537
vt 0.823815 0.600677
vt 0.832354 0.700201
vt 0.873231 0.709957
vt 0.535537 0.170727
vt 0.547224 0.211405
vt 0.562318 0.204255
vt 0.552554 0.170273
vt 0.432595 0.211405
vt 0.448697 0.209562
vt 0.433237 0.151168
vt 0.417136 0.153010
vt 0.448697 0.099052
vt 0.432595 0.100894
vt 0.177436 0.120683
vt 0.209419 0.115101
vt 0.215120 0.095971
vt 0.171735 0.103542
vt 0.232035 0.140955
vt 0.232035 0.183099
vt 0.209419 0.216846
vt 0.177436 0.222428
vt 0.173523 0.238578
vt 0.154820 0.196575
vt 0.139269 0.209470
vt 0.154820 0.154431
vt 0.141057 0.149321
vt 0.898671 0.668682
vt 0.898851 0.709957
vt 0.913925 0.704157
vt 0.913775 0.669675
vt 0.396503 0.193294
vt 0.396503 0.151150
vt 0.380250 0.153485
vt 0.380250 0.188693
vt 0.882478 0.670467
vt 0.883344 0.709957
vt 0.898671 0.703344
vt 0.897947 0.670354
vt 0.547224 0.132396
vt 0.562317 0.138250
vt 0.898851 0.631007
vt 0.913925 0.638201
vt 0.373887 0.227041
vt 0.361356 0.216886
vt 0.883344 0.630538
vt 0.898671 0.636996
vt 0.894502 0.249819
vt 0.902176 0.243580
vt 0.893592 0.155288
vt 0.885917 0.161527
vt 0.882478 0.607837
vt 0.882478 0.707707
vt 0.695032 0.211405
vt 0.711233 0.211088
vt 0.711233 0.113093
vt 0.701384 0.113285
vt 0.917419 0.721215
vt 0.860774 0.709957
vt 0.823815 0.801223
vt 0.876988 0.812271
vt 0.833750 0.920476
vt 0.885401 0.908659
vt 0.853320 0.255482
vt 0.841538 0.146848
vt 0.916176 0.182141
vt 0.902176 0.180760
vt 0.902176 0.254101
vt 0.916176 0.255482
vt 0.535537 0.127952
vt 0.545833 0.132396
vt 0.545833 0.100821
vt 0.535537 0.096377
vt 0.448697 0.192804
vt 0.452268 0.204530
vt 0.456437 0.202488
vt 0.453746 0.193653
vt 0.465746 0.211405
vt 0.466592 0.207669
vt 0.481235 0.209402
vt 0.478263 0.206159
vt 0.489662 0.199694
vt 0.484613 0.198845
vt 0.486090 0.187969
vt 0.481922 0.190010
vt 0.472612 0.181094
vt 0.471766 0.184830
vt 0.457123 0.183097
vt 0.460095 0.186339
vt 0.773692 0.134218
vt 0.784840 0.134456
vt 0.784841 0.089435
vt 0.773692 0.089197
vt 0.337813 0.101404
vt 0.327225 0.097201
vt 0.327225 0.127684
vt 0.337813 0.131887
vt 0.823547 0.089310
vt 0.812024 0.089347
vt 0.812024 0.134429
vt 0.823547 0.134392
vt 0.557473 0.130290
vt 0.557473 0.098715
vt 0.795865 0.134202
vt 0.795865 0.089181
vt 0.315744 0.099801
vt 0.315743 0.130284
vt 0.834066 0.089374
vt 0.834066 0.134456
vt 0.695032 0.154089
vt 0.681073 0.154004
vt 0.681073 0.211320
vt 0.695032 0.211405
vt 0.665780 0.154145
vt 0.650984 0.153828
vt 0.650984 0.211066
vt 0.665780 0.211383
vt 0.665780 0.154053
vt 0.665780 0.211369
vt 0.476184 0.142507
vt 0.460695 0.144510
vt 0.773692 0.094313
vt 0.760027 0.088415
vt 0.760027 0.128558
vt 0.773692 0.134456
vt 0.636353 0.154166
vt 0.489662 0.149382
vt 0.744579 0.091210
vt 0.744579 0.131353
vt 0.663505 0.151394
vt 0.655856 0.123635
vt 0.636353 0.126069
vt 0.644002 0.153828
vt 0.035502 0.180238
vt 0.036633 0.151202
vt 0.002271 0.135199
vt 0.000000 0.193463
vt 0.055030 0.201578
vt 0.039185 0.236284
vt 0.083778 0.202721
vt 0.096872 0.238578
vt 0.104167 0.183688
vt 0.139269 0.199001
vt 0.103898 0.154516
vt 0.138753 0.143031
vt 0.087177 0.130931
vt 0.105142 0.095622
vt 0.058349 0.130931
vt 0.044667 0.095622
vt 0.693933 0.153982
vt 0.693838 0.125606
vt 0.665780 0.125628
vt 0.665875 0.154004
vt 0.618329 0.141122
vt 0.610347 0.113796
vt 0.591417 0.115067
vt 0.599399 0.142392
vt 0.477302 0.142507
vt 0.476716 0.115812
vt 0.448697 0.115792
vt 0.449282 0.142487
vt 0.663505 0.096861
vt 0.644002 0.099295
vt 0.693933 0.098643
vt 0.665875 0.098665
vt 0.618329 0.088464
vt 0.599399 0.089735
vt 0.477302 0.088819
vt 0.449282 0.088799
vt 0.882478 0.586746
vt 0.882478 0.630538
vt 0.895219 0.630446
vt 0.895219 0.586655
vt 0.601539 0.169138
vt 0.595954 0.167507
vt 0.596415 0.188531
vt 0.601899 0.185816
vt 0.833156 0.599568
vt 0.839150 0.600677
vt 0.839150 0.582869
vt 0.833156 0.581760
vt 0.312043 0.086874
vt 0.306024 0.086269
vt 0.303637 0.111981
vt 0.309656 0.112586
vt 0.416468 0.151720
vt 0.410292 0.151713
vt 0.410325 0.163777
vt 0.416501 0.163784
vt 0.562318 0.188541
vt 0.567802 0.186573
vt 0.568162 0.165201
vt 0.562758 0.162752
vt 0.591417 0.164701
vt 0.591978 0.190071
vt 0.572481 0.184241
vt 0.572761 0.167288
vt 0.613545 0.211405
vt 0.616513 0.208412
vt 0.588288 0.145404
vt 0.584355 0.141508
vt 0.591417 0.148937
vt 0.620529 0.204244
vt 0.306024 0.133198
vt 0.312043 0.133803
vt 0.620529 0.149667
vt 0.616500 0.146440
vt 0.613174 0.142392
vt 0.588432 0.208274
vt 0.591417 0.204160
vt 0.584052 0.211405
vt 0.827156 0.600367
vt 0.833156 0.599757
vt 0.833156 0.588320
vt 0.829456 0.588684
vt 0.825755 0.589048
vt 0.996261 0.704854
vt 0.990526 0.702970
vt 0.990526 0.999203
vt 0.996261 1.000000
vt 0.895302 0.581194
vt 0.895219 0.630538
vt 0.903955 0.629700
vt 0.900652 0.581194
vt 0.477302 0.075727
vt 0.477488 0.137801
vt 0.485279 0.142507
vt 0.485279 0.074423
vt 0.315743 0.404568
vt 0.356036 0.392306
vt 0.292721 0.275166
vt 0.292721 0.248341
vt 0.287190 0.274311
vt 0.284160 0.277483
vt 0.287190 0.281592
vt 0.292721 0.543487
vt 0.292721 0.282447
vt 0.411622 0.288849
vt 0.401610 0.572835
vt 0.411622 0.572502
vt 0.407293 0.286080
vt 0.401609 0.287897
vt 0.303637 0.238436
vt 0.298262 0.206985
vt 0.302854 0.238578
vt 0.290521 0.205130
vt 0.795865 0.079413
vt 0.802092 0.085400
vt 0.802183 0.072846
vt 0.812024 0.133573
vt 0.812024 0.072392
vt 0.807572 0.134456
vt 0.801780 0.128342
vt 0.908118 0.116305
vt 0.918329 0.180281
vt 0.918329 0.119000
vt 0.908489 0.180760
vt 0.908407 0.166498
vt 0.902176 0.173934
vt 0.971513 0.729715
vt 0.943403 0.681135
vt 0.941951 0.684642
vt 0.940500 0.688148
vt 0.933004 0.706257
vt 0.334637 0.221550
vt 0.361356 0.131887
vt 0.315743 0.199951
vt 0.334637 0.136550
vt 0.315743 0.164743
vt 0.725277 0.173211
vt 0.739325 0.104898
vt 0.725277 0.104878
vt 0.731157 0.177312
vt 0.739325 0.211405
vt 0.725277 0.181724
vt 0.726600 0.211387
vt 0.863628 0.997764
vt 0.917419 0.998982
vt 0.879163 1.000000
vt 0.511257 0.211405
vt 0.502376 0.127696
vt 0.489662 0.129030
vt 0.507648 0.116644
vt 0.511257 0.087171
vt 0.502390 0.102348
vt 0.489682 0.093183
vt 0.725277 0.098960
vt 0.711233 0.210604
vt 0.725277 0.211405
vt 0.716918 0.138516
vt 0.711233 0.143285
vt 0.711233 0.132579
vt 0.712556 0.098235
vt 0.359586 0.108913
vt 0.353209 0.130313
vt 0.359586 0.120797
vt 0.344191 0.131887
vt 0.353209 0.101623
vt 0.337813 0.124597
vt 0.344191 0.103197
vt 0.337814 0.112713
vt 0.877236 0.074892
vt 0.865394 0.064491
vt 0.861375 0.050041
vt 0.860065 0.032865
vt 0.867534 0.040007
vt 0.902176 0.037087
vt 0.880262 0.040267
vt 0.977463 0.814345
vt 0.977263 0.829457
vt 0.971513 0.824968
vt 0.415963 0.123935
vt 0.410325 0.123461
vt 0.416501 0.123860
vt 0.840096 0.109144
vt 0.839570 0.133295
vt 0.840096 0.133275
vt 0.834066 0.110029
vt 0.315743 0.255984
vt 0.296047 0.279911
vt 0.315743 0.551129
vt 0.293215 0.275330
vt 0.293215 0.282611
vt 0.327670 0.342517
vt 0.361944 0.348942
vt 0.321688 0.384877
s 0
usemtl painted_garbage_container_top
f 4548/943/709 4550/944/709 4093/945/709
s 1
f 4109/946/710 4110/947/711 4512/948/712
s 0
f 4882/943/713 4294/945/713 4884/944/713
s 1
f 4310/946/714 4846/948/715 4311/947/716
f 4100/949/717 4103/950/718 4077/951/719
f 4100/949/717 4077/951/719 4075/952/717
f 4812/953/720 4555/954/721 4325/955/722
f 4812/953/720 4325/955/722 4477/956/720
f 4495/957/723 4534/958/724 4484/959/725
f 4495/957/723 4484/959/725 4491/960/723
f 4531/961/726 4530/962/727 4488/963/728
f 4531/961/726 4488/963/728 4486/964/729
f 4534/958/724 4533/965/730 4485/966/731
f 4534/958/724 4485/966/731 4484/959/725
f 4511/967/732 4501/968/733 4328/969/734
f 4511/967/732 4328/969/734 4335/970/735
f 4535/971/736 4493/972/737 4482/973/737
f 4535/971/736 4482/973/737 4481/974/738
f 4533/965/730 4532/975/726 4487/976/739
f 4533/965/730 4487/976/739 4485/966/731
f 4497/977/740 4334/978/741 4333/979/742
f 4497/977/740 4333/979/742 4506/980/743
f 4505/981/744 4332/982/745 4330/983/746
f 4505/981/744 4330/983/746 4503/984/747
f 4502/985/748 4329/986/749 4328/969/734
f 4502/985/748 4328/969/734 4501/968/733
f 4498/987/750 4507/988/751 4334/978/741
f 4498/987/750 4334/978/741 4497/977/740
f 4506/980/743 4333/979/742 4332/982/745
f 4506/980/743 4332/982/745 4505/981/744
f 4504/989/752 4331/990/746 4329/986/749
f 4504/989/752 4329/986/749 4502/985/748
f 4511/967/732 4335/970/735 4510/991/753
f 4511/967/732 4510/991/753 4508/992/753
f 4526/993/754 4543/994/755 4082/995/756
f 4526/993/754 4082/995/756 4496/996/757
s 0
f 4062/997/758 4523/998/758 4515/999/758
f 4062/997/758 4515/999/758 4063/1000/758
f 4059/1001/758 4520/1002/758 4522/1003/758
f 4059/1001/758 4522/1003/758 4061/1004/758
f 4057/1005/758 4518/1006/758 4519/1007/758
f 4057/1005/758 4519/1007/758 4058/1008/758
f 4063/1000/758 4515/999/758 4516/1009/758
f 4063/1000/758 4516/1009/758 4500/1010/758
f 4061/1004/758 4522/1003/758 4523/998/758
f 4061/1004/758 4523/998/758 4062/997/758
f 4058/1008/758 4519/1007/758 4521/1011/758
f 4058/1008/758 4521/1011/758 4060/1012/758
s 1
f 4492/960/759 4047/959/760 4065/1013/760
f 4492/960/759 4065/1013/760 4524/1014/759
s 0
f 4480/1015/761 4478/1016/761 4509/1017/761
f 4480/1015/761 4509/1017/761 4327/1018/761
s 1
f 4053/974/762 4046/973/763 4064/1019/763
f 4053/974/762 4064/1019/763 4071/1020/762
s 0
f 4097/1021/717 4101/1022/717 4076/1023/717
f 4097/1021/717 4076/1023/717 4079/1024/717
s 1
f 4047/959/760 4048/966/764 4066/1025/764
f 4047/959/760 4066/1025/764 4065/1013/760
f 4048/966/764 4049/976/765 4067/1026/765
f 4048/966/764 4067/1026/765 4066/1025/764
f 4050/1027/766 4051/1028/767 4069/1029/767
f 4050/1027/766 4069/1029/767 4068/1030/766
f 4051/1028/767 4052/1031/768 4070/1032/768
f 4051/1028/767 4070/1032/768 4069/1029/767
f 4052/1031/768 4053/974/762 4071/1020/762
f 4052/1031/768 4071/1020/762 4070/1032/768
s 0
f 4094/1033/717 4097/1021/717 4079/1024/717
f 4094/1033/717 4079/1024/717 4078/1034/717
s 1
f 4538/1035/769 4544/1036/770 4088/1037/771
f 4538/1035/769 4088/1037/771 4083/1038/772
f 4543/994/755 4540/1039/773 4087/1040/774
f 4543/994/755 4087/1040/774 4082/995/756
f 4541/1041/775 4529/1042/776 4086/1043/777
f 4541/1041/775 4086/1043/777 4089/1044/778
f 4088/1037/771 4544/1036/770 4761/1045/779
f 4088/1037/771 4761/1045/779 4537/1046/780
f 4540/1039/773 4539/1047/769 4084/1048/781
f 4540/1039/773 4084/1048/781 4087/1040/774
s 0
f 4518/1006/758 4057/1005/758 4072/1049/758
f 4518/1006/758 4072/1049/758 4073/1050/758
s 1
f 4565/983/782 4562/1051/783 4318/1052/783
f 4565/983/782 4318/1052/783 4319/1053/782
f 4571/1054/784 4569/1055/785 4321/1056/785
f 4571/1054/784 4321/1056/785 4322/1057/784
f 4552/1058/786 4108/1059/787 4323/1060/787
f 4552/1058/786 4323/1060/787 4579/1061/786
f 4562/1051/783 4095/1062/788 4317/1063/788
f 4562/1051/783 4317/1063/788 4318/1052/783
f 4569/1055/785 4566/1064/782 4320/1065/782
f 4569/1055/785 4320/1065/782 4321/1056/785
f 4108/1059/787 4571/1054/784 4322/1057/784
f 4108/1059/787 4322/1057/784 4323/1060/787
f 4554/1066/721 4479/1067/789 4316/1068/789
f 4554/1066/721 4316/1068/789 4324/1069/722
f 4559/1070/790 4092/1071/791 4549/1072/791
f 4559/1070/790 4549/1072/791 4560/1073/792
f 4561/1074/793 4096/1075/794 4563/1076/795
f 4561/1074/793 4563/1076/795 4564/1077/796
f 4096/1075/794 4099/1078/797 4568/1079/798
f 4096/1075/794 4568/1079/798 4563/1076/795
f 4098/1080/797 4102/1081/799 4570/1082/800
f 4098/1080/797 4570/1082/800 4567/1083/798
f 4102/1081/799 4104/1084/801 4572/1085/802
f 4102/1081/799 4572/1085/802 4570/1082/800
f 4105/1086/801 4559/1070/790 4560/1073/792
f 4105/1086/801 4560/1073/792 4573/1087/802
f 4574/1088/803 4561/1074/793 4564/1077/796
f 4574/1088/803 4564/1077/796 4575/1089/804
f 4577/1090/805 4574/1088/803 4575/1089/804
f 4577/1090/805 4575/1089/804 4243/1091/806
f 4107/1092/807 4091/1093/717 4080/1094/717
f 4107/1092/807 4080/1094/717 4074/1095/808
s 0
f 4580/1096/809 4586/1097/809 4584/1098/809
f 4580/1096/809 4584/1098/809 4582/1099/809
f 4583/1099/810 4585/1098/810 4590/1100/810
f 4583/1099/810 4590/1100/810 4588/1101/810
f 4589/1102/811 4591/1103/811 4594/1104/811
f 4589/1102/811 4594/1104/811 4592/1105/811
s 1
f 4593/1105/812 4595/1104/812 4598/1106/812
s 0
f 4593/1105/812 4598/1106/812 4596/1107/812
f 4597/1108/813 4599/1109/813 4603/1110/813
f 4597/1108/813 4603/1110/813 4600/1111/813
s 1
f 4605/1112/814 4613/1113/815 4646/1114/816
f 4605/1112/814 4646/1114/816 4148/1115/817
s 0
f 4628/1116/818 4627/1117/818 4643/1118/818
s 1
f 4628/1116/818 4643/1118/818 4644/1119/818
f 4200/1120/819 4136/1121/820 4610/1122/821
f 4200/1120/819 4610/1122/821 4608/1123/821
s 0
f 4609/1123/822 4611/1122/822 4587/1124/822
s 1
f 4609/1123/822 4587/1124/822 4581/1125/822
s 0
f 4616/1126/717 4614/1127/717 4130/1128/717
f 4616/1126/717 4130/1128/717 4131/1129/717
f 4614/1127/717 4618/1130/717 4132/1103/717
f 4614/1127/717 4132/1103/717 4130/1128/717
f 4618/1130/717 4620/1131/717 4133/1104/717
f 4618/1130/717 4133/1104/717 4132/1103/717
f 4620/1131/717 4622/1132/717 4134/1106/717
f 4620/1131/717 4134/1106/717 4133/1104/717
s 1
f 4622/1132/717 4624/1133/717 4604/1134/814
f 4622/1132/717 4604/1134/814 4134/1106/717
f 4624/1133/717 4626/1135/717 4612/1136/815
f 4624/1133/717 4612/1136/815 4604/1134/814
s 0
f 4626/1135/717 4629/1137/717 4138/1138/717
s 1
f 4626/1135/717 4138/1138/717 4612/1136/815
s 0
f 4629/1137/717 4616/1126/717 4131/1129/717
f 4629/1137/717 4131/1129/717 4138/1138/717
f 4625/1139/823 4623/1140/823 4639/1141/823
f 4625/1139/823 4639/1141/823 4641/1142/823
f 4621/1143/824 4619/1144/824 4635/1145/824
f 4621/1143/824 4635/1145/824 4637/1146/824
f 4615/1147/825 4617/1148/825 4633/1149/825
f 4615/1147/825 4633/1149/825 4631/1150/825
f 4115/1151/826 4129/1116/826 4146/1119/826
f 4115/1151/826 4146/1119/826 4140/1152/826
f 4127/1153/827 4125/1139/827 4144/1142/827
f 4127/1153/827 4144/1142/827 4145/1154/827
f 4123/1155/828 4121/1143/828 4142/1146/828
f 4123/1155/828 4142/1146/828 4143/1156/828
f 4119/1157/829 4117/1147/829 4139/1150/829
f 4119/1157/829 4139/1150/829 4141/1158/829
s 1
f 4153/1159/830 4151/1160/831 4157/1161/832
f 4153/1159/830 4157/1161/832 4159/1162/833
f 4199/1163/834 4135/1112/834 4648/1115/835
f 4199/1163/834 4648/1115/835 4650/1164/836
f 4137/1165/820 4201/1166/819 4150/1167/837
f 4137/1165/820 4150/1167/837 4152/1168/830
f 4607/1169/838 4602/1170/839 4149/1171/840
f 4607/1169/838 4149/1171/840 4652/1172/841
f 4652/1172/841 4149/1171/840 4155/1173/842
f 4652/1172/841 4155/1173/842 4653/1174/842
f 4147/1175/817 4647/1159/816 4655/1162/843
f 4147/1175/817 4655/1162/843 4154/1176/844
f 4651/1177/845 4649/1178/835 4659/1179/846
f 4651/1177/845 4659/1179/846 4657/1180/847
s 0
f 4698/1181/822 4699/1182/822 4715/1183/822
f 4698/1181/822 4715/1183/822 4714/1184/822
f 4667/1185/717 4669/1186/717 4687/1187/717
f 4667/1185/717 4687/1187/717 4685/1188/717
f 4669/1186/717 4683/1189/717 4691/1190/717
f 4669/1186/717 4691/1190/717 4687/1187/717
f 4683/1189/717 4681/1191/717 4693/1192/717
f 4683/1189/717 4693/1192/717 4691/1190/717
f 4681/1191/717 4679/1193/717 4695/1194/717
f 4681/1191/717 4695/1194/717 4693/1192/717
f 4679/1193/717 4677/1195/717 4697/1196/717
f 4679/1193/717 4697/1196/717 4695/1194/717
f 4677/1195/717 4675/1197/717 4700/1198/717
f 4677/1195/717 4700/1198/717 4697/1196/717
f 4675/1197/717 4673/1199/717 4689/1200/717
f 4675/1197/717 4689/1200/717 4700/1198/717
f 4673/1199/717 4667/1185/717 4685/1188/717
f 4673/1199/717 4685/1188/717 4689/1200/717
f 4694/1201/810 4696/1202/810 4712/1203/810
f 4694/1201/810 4712/1203/810 4710/1204/810
f 4688/1205/812 4692/1206/812 4708/1207/812
f 4688/1205/812 4708/1207/812 4704/1208/812
f 4686/1209/848 4171/1210/848 4179/1211/848
f 4686/1209/848 4179/1211/848 4702/1212/848
f 4176/1182/849 4690/1213/849 4706/1214/849
f 4176/1182/849 4706/1214/849 4185/1183/849
f 4174/1202/809 4175/1215/809 4184/1216/809
f 4174/1202/809 4184/1216/809 4183/1203/809
f 4172/1206/811 4173/1217/811 4182/1218/811
f 4172/1206/811 4182/1218/811 4181/1207/811
f 4177/1219/850 4170/1209/850 4178/1212/850
f 4177/1219/850 4178/1212/850 4180/1220/850
f 4728/1221/850 4722/1222/850 4680/1223/850
f 4728/1221/850 4680/1223/850 4682/1224/850
f 4191/1225/810 4727/1226/810 4668/1227/810
f 4191/1225/810 4668/1227/810 4674/1228/810
f 4721/1222/848 4720/1229/848 4678/1230/848
f 4721/1222/848 4678/1230/848 4167/1223/848
f 4718/1231/811 4723/1232/811 4164/1199/811
f 4718/1231/811 4164/1199/811 4676/1197/811
f 4671/1233/822 4732/1234/822 4684/1235/822
f 4671/1233/822 4684/1235/822 4670/1236/822
f 4188/1226/809 4189/1237/809 4162/1046/809
f 4188/1226/809 4162/1046/809 4163/1227/809
f 4719/1238/812 4717/1231/812 4165/1197/812
f 4719/1238/812 4165/1197/812 4166/1195/812
f 4193/1234/849 4190/1239/849 4168/1240/849
f 4193/1234/849 4168/1240/849 4169/1235/849
f 4746/1241/821 4747/1242/821 4749/1243/821
f 4746/1241/821 4749/1243/821 4209/1244/821
f 4735/1245/758 4733/1246/758 4194/1247/758
f 4735/1245/758 4194/1247/758 4195/1248/758
f 4737/1249/758 4735/1245/758 4195/1248/758
f 4737/1249/758 4195/1248/758 4196/1250/758
f 4739/1251/758 4737/1249/758 4196/1250/758
f 4739/1251/758 4196/1250/758 4197/1252/758
f 4741/1253/758 4739/1251/758 4197/1252/758
f 4741/1253/758 4197/1252/758 4198/1254/758
f 4743/1255/758 4741/1253/758 4198/1254/758
s 1
f 4743/1255/758 4198/1254/758 4601/1256/839
f 4745/1257/758 4743/1255/758 4601/1256/839
f 4745/1257/758 4601/1256/839 4606/1258/838
f 4748/1259/758 4745/1257/758 4606/1258/838
f 4748/1259/758 4606/1258/838 4202/1260/758
s 0
f 4733/1246/758 4748/1259/758 4202/1260/758
f 4733/1246/758 4202/1260/758 4194/1247/758
f 4742/1261/813 4744/1262/813 4751/1263/813
f 4742/1261/813 4751/1263/813 4207/1264/813
f 4738/1265/811 4740/1266/811 4753/1267/811
f 4738/1265/811 4753/1267/811 4205/1268/811
f 4734/1269/809 4736/1270/809 4755/1271/809
f 4734/1269/809 4755/1271/809 4756/1272/809
f 4128/1242/822 4114/1273/822 4203/1274/822
f 4128/1242/822 4203/1274/822 4210/1243/822
f 4124/1262/851 4126/1275/851 4750/1276/851
f 4124/1262/851 4750/1276/851 4208/1263/851
f 4120/1266/812 4122/1277/812 4752/1278/812
f 4120/1266/812 4752/1278/812 4206/1267/812
f 4116/1270/810 4118/1279/810 4754/1280/810
f 4116/1270/810 4754/1280/810 4204/1271/810
f 4757/1281/852 4759/1282/852 4160/1283/852
f 4757/1281/852 4160/1283/852 4161/1284/852
s 1
f 4780/1285/853 4223/1286/854 4229/1287/855
f 4780/1285/853 4229/1287/855 4788/1288/856
s 0
f 4786/1289/857 4789/1290/857 4459/1291/857
f 4786/1289/857 4459/1291/857 4794/1292/857
f 4774/1293/858 4777/1294/858 4785/1295/858
f 4774/1293/858 4785/1295/858 4782/1296/858
f 4778/1297/859 4781/1298/859 4230/1299/859
f 4778/1297/860 4230/1299/860 4231/1300/860
s 1
f 4776/1301/861 4773/1302/862 4792/1303/863
f 4776/1301/861 4792/1303/863 4784/1304/864
f 4790/1286/865 4775/1305/866 4783/1306/867
f 4790/1286/865 4783/1306/867 4791/1287/868
f 4220/1302/869 4779/1307/870 4787/1308/871
f 4220/1302/869 4787/1308/871 4227/1303/872
f 4791/1287/868 4783/1306/867 4457/1309/873
f 4791/1287/868 4457/1309/873 4796/1310/873
f 4784/1304/864 4792/1303/863 4797/1311/874
f 4784/1304/864 4797/1311/874 4798/1312/874
f 4227/1303/872 4787/1308/871 4460/1313/875
f 4227/1303/872 4460/1313/875 4456/1311/875
f 4788/1288/856 4229/1287/855 4458/1310/876
f 4788/1288/856 4458/1310/876 4793/1314/876
s 0
f 4228/1296/877 4226/1295/877 4455/1315/877
f 4228/1296/877 4455/1315/877 4795/1316/877
s 1
f 4810/1317/878 4808/1318/878 4223/1286/854
f 4810/1317/878 4223/1286/854 4780/1285/853
f 4238/1318/879 4806/1319/879 4775/1305/866
f 4238/1318/879 4775/1305/866 4790/1286/865
f 4771/1320/880 4802/1321/880 4779/1307/870
f 4771/1320/880 4779/1307/870 4220/1302/869
f 4801/1322/881 4772/1320/881 4773/1302/862
f 4801/1322/881 4773/1302/862 4776/1301/861
f 4811/1323/882 4576/1324/805 4242/1325/883
f 4811/1323/882 4242/1325/883 4244/1326/884
f 4553/1113/885 4811/1323/882 4244/1326/884
f 4553/1113/885 4244/1326/884 4557/1327/886
f 4241/1328/887 4245/1329/888 4814/1330/888
f 4241/1328/887 4814/1330/888 4474/1331/889
f 4045/1332/890 4556/1333/890 4514/1334/890
f 4045/1332/890 4514/1334/890 4056/1335/890
f 4090/1336/778 4217/1337/891 4768/1338/891
f 4090/1336/778 4768/1338/891 4542/1339/892
f 4106/1340/893 4107/1092/807 4074/1095/808
f 4106/1340/893 4074/1095/808 4218/1341/894
f 4301/949/758 4276/952/758 4278/951/895
f 4301/949/758 4278/951/895 4304/950/896
f 5139/953/720 4477/956/720 4325/955/722
f 5139/953/720 4325/955/722 4889/954/721
f 4831/957/897 4827/960/897 4820/959/898
f 4831/957/897 4820/959/898 4868/958/899
f 4865/961/900 4822/964/901 4824/963/902
f 4865/961/900 4824/963/902 4864/962/903
f 4868/958/899 4820/959/898 4821/966/904
f 4868/958/899 4821/966/904 4867/965/905
f 4845/967/906 4335/970/735 4328/969/734
f 4845/967/906 4328/969/734 4837/968/907
f 4869/971/908 4817/974/909 4818/973/910
f 4869/971/908 4818/973/910 4829/972/910
f 4867/965/905 4821/966/904 4823/976/911
f 4867/965/905 4823/976/911 4866/975/900
f 4833/977/912 4842/980/913 4333/979/742
f 4833/977/912 4333/979/742 4334/978/741
f 4841/981/914 4839/984/915 4330/983/746
f 4841/981/914 4330/983/746 4332/982/745
f 4838/985/916 4837/968/907 4328/969/734
f 4838/985/916 4328/969/734 4329/986/749
f 4834/987/917 4833/977/912 4334/978/741
f 4834/987/917 4334/978/741 4507/988/751
f 4842/980/913 4841/981/914 4332/982/745
f 4842/980/913 4332/982/745 4333/979/742
f 4840/989/918 4838/985/916 4329/986/749
f 4840/989/918 4329/986/749 4331/990/746
f 4845/967/906 4843/992/753 4510/991/753
f 4845/967/906 4510/991/753 4335/970/735
f 4860/993/919 4832/996/920 4283/995/921
f 4860/993/919 4283/995/921 4877/994/922
s 0
f 4263/997/717 4264/1000/717 4849/999/717
f 4263/997/717 4849/999/717 4857/998/717
f 4260/1001/717 4262/1004/717 4856/1003/717
f 4260/1001/717 4856/1003/717 4854/1002/717
f 4258/1005/717 4259/1008/717 4853/1007/717
f 4258/1005/717 4853/1007/717 4852/1006/717
f 4264/1000/717 4836/1010/717 4850/1009/717
f 4264/1000/717 4850/1009/717 4849/999/717
f 4262/1004/717 4263/997/717 4857/998/717
f 4262/1004/717 4857/998/717 4856/1003/717
f 4259/1008/717 4261/1012/717 4855/1011/717
f 4259/1008/717 4855/1011/717 4853/1007/717
s 1
f 4828/960/759 4858/1014/759 4266/1013/760
f 4828/960/759 4266/1013/760 4248/959/760
s 0
f 4480/1015/761 4327/1018/761 4844/1017/761
f 4480/1015/761 4844/1017/761 4815/1016/761
s 1
f 4254/974/762 4272/1020/762 4265/1019/763
f 4254/974/762 4265/1019/763 4247/973/763
s 0
f 4298/1021/758 4280/1024/758 4277/1023/758
f 4298/1021/758 4277/1023/758 4302/1022/758
s 1
f 4248/959/760 4266/1013/760 4267/1025/764
f 4248/959/760 4267/1025/764 4249/966/764
f 4249/966/764 4267/1025/764 4268/1026/765
f 4249/966/764 4268/1026/765 4250/976/765
f 4251/1027/766 4269/1030/766 4270/1029/767
f 4251/1027/766 4270/1029/767 4252/1028/767
f 4252/1028/767 4270/1029/767 4271/1032/768
f 4252/1028/767 4271/1032/768 4253/1031/768
f 4253/1031/768 4271/1032/768 4272/1020/762
f 4253/1031/768 4272/1020/762 4254/974/762
s 0
f 4295/1033/758 4279/1034/758 4280/1024/758
f 4295/1033/758 4280/1024/758 4298/1021/758
s 1
f 4872/1035/923 4284/1038/924 4289/1037/925
f 4872/1035/923 4289/1037/925 4878/1036/926
f 4877/994/922 4283/995/921 4288/1040/927
f 4877/994/922 4288/1040/927 4874/1039/928
f 4875/1041/929 4290/1044/930 4287/1043/931
f 4875/1041/929 4287/1043/931 4863/1042/932
f 4289/1037/925 4871/1046/933 5094/1045/934
f 4289/1037/925 5094/1045/934 4878/1036/926
f 4874/1039/928 4288/1040/927 4285/1048/935
f 4874/1039/928 4285/1048/935 4873/1047/923
s 0
f 4852/1006/717 4274/1050/717 4273/1049/717
f 4852/1006/717 4273/1049/717 4258/1005/717
s 1
f 4899/983/782 4319/1053/782 4318/1052/783
f 4899/983/782 4318/1052/783 4896/1051/783
f 4905/1054/784 4322/1057/784 4321/1056/785
f 4905/1054/784 4321/1056/785 4903/1055/785
f 4886/1058/786 4579/1061/786 4323/1060/787
f 4886/1058/786 4323/1060/787 4309/1059/787
f 4896/1051/783 4318/1052/783 4317/1063/788
f 4896/1051/783 4317/1063/788 4296/1062/788
f 4903/1055/785 4321/1056/785 4320/1065/782
f 4903/1055/785 4320/1065/782 4900/1064/782
f 4309/1059/787 4323/1060/787 4322/1057/784
f 4309/1059/787 4322/1057/784 4905/1054/784
f 4888/1066/721 4324/1069/722 4316/1068/789
f 4888/1066/721 4316/1068/789 4816/1067/789
f 4893/1070/936 4894/1073/937 4883/1072/938
f 4893/1070/936 4883/1072/938 4293/1071/938
f 4895/1074/939 4898/1077/940 4897/1076/941
f 4895/1074/939 4897/1076/941 4297/1075/942
f 4297/1075/942 4897/1076/941 4902/1079/943
f 4297/1075/942 4902/1079/943 4300/1078/944
f 4299/1080/944 4901/1083/943 4904/1082/945
f 4299/1080/944 4904/1082/945 4303/1081/946
f 4303/1081/946 4904/1082/945 4906/1085/947
f 4303/1081/946 4906/1085/947 4305/1084/948
f 4306/1086/948 4907/1087/947 4894/1073/937
f 4306/1086/948 4894/1073/937 4893/1070/936
f 4908/1088/949 4909/1089/950 4898/1077/940
f 4908/1088/949 4898/1077/940 4895/1074/939
f 4911/1090/951 4472/1091/952 4909/1089/950
f 4911/1090/951 4909/1089/950 4908/1088/949
f 4308/1092/953 4275/1095/954 4281/1094/758
f 4308/1092/953 4281/1094/758 4292/1093/758
s 0
f 4913/1096/809 4915/1099/809 4917/1098/809
f 4913/1096/809 4917/1098/809 4919/1097/809
f 4916/1099/810 4921/1101/810 4923/1100/810
f 4916/1099/810 4923/1100/810 4918/1098/810
f 4922/1102/811 4925/1105/811 4927/1104/811
f 4922/1102/811 4927/1104/811 4924/1103/811
f 4926/1105/812 4929/1107/812 4931/1106/812
s 1
f 4926/1105/812 4931/1106/812 4928/1104/812
s 0
f 4930/1108/813 4933/1111/813 4936/1110/813
f 4930/1108/813 4936/1110/813 4932/1109/813
s 1
f 4938/1112/955 4371/1115/956 4979/1114/957
f 4938/1112/955 4979/1114/957 4946/1113/958
s 0
f 4961/1116/959 4977/1119/959 4976/1118/959
f 4961/1116/959 4976/1118/959 4960/1117/959
s 1
f 4423/1120/819 4941/1123/821 4943/1122/821
f 4423/1120/819 4943/1122/821 4359/1121/820
f 4942/1123/822 4914/1125/822 4920/1124/822
s 0
f 4942/1123/822 4920/1124/822 4944/1122/822
f 4949/1126/758 4354/1129/758 4353/1128/758
f 4949/1126/758 4353/1128/758 4947/1127/758
f 4947/1127/758 4353/1128/758 4355/1103/758
f 4947/1127/758 4355/1103/758 4951/1130/758
f 4951/1130/758 4355/1103/758 4356/1104/758
f 4951/1130/758 4356/1104/758 4953/1131/758
f 4953/1131/758 4356/1104/758 4357/1106/758
f 4953/1131/758 4357/1106/758 4955/1132/758
s 1
f 4955/1132/758 4357/1106/758 4937/1134/955
f 4955/1132/758 4937/1134/955 4957/1133/758
f 4957/1133/758 4937/1134/955 4945/1136/958
f 4957/1133/758 4945/1136/958 4959/1135/758
f 4959/1135/758 4945/1136/958 4361/1138/758
s 0
f 4959/1135/758 4361/1138/758 4962/1137/758
f 4962/1137/758 4361/1138/758 4354/1129/758
f 4962/1137/758 4354/1129/758 4949/1126/758
f 4958/1139/960 4974/1142/960 4972/1141/960
f 4958/1139/960 4972/1141/960 4956/1140/960
s 1
f 4954/1143/961 4970/1146/961 4968/1145/961
s 0
f 4954/1143/961 4968/1145/961 4952/1144/961
f 4948/1147/962 4964/1150/962 4966/1149/962
f 4948/1147/962 4966/1149/962 4950/1148/962
f 4338/1151/963 4363/1152/963 4369/1119/963
f 4338/1151/963 4369/1119/963 4352/1116/963
f 4350/1153/964 4368/1154/964 4367/1142/964
f 4350/1153/964 4367/1142/964 4348/1139/964
f 4346/1155/965 4366/1156/965 4365/1146/965
f 4346/1155/965 4365/1146/965 4344/1143/965
f 4342/1157/966 4364/1158/966 4362/1150/966
f 4342/1157/966 4362/1150/966 4340/1147/966
s 1
f 4376/1159/830 4382/1162/833 4380/1161/832
f 4376/1159/830 4380/1161/832 4374/1160/831
f 4422/1163/834 4983/1164/836 4981/1115/835
f 4422/1163/834 4981/1115/835 4358/1112/834
f 4360/1165/820 4375/1168/830 4373/1167/837
f 4360/1165/820 4373/1167/837 4424/1166/819
f 4940/1169/967 4985/1172/968 4372/1171/969
f 4940/1169/967 4372/1171/969 4935/1170/970
f 4985/1172/968 4986/1174/971 4378/1173/971
f 4985/1172/968 4378/1173/971 4372/1171/969
f 4370/1175/956 4377/1176/972 4988/1162/973
f 4370/1175/956 4988/1162/973 4980/1159/957
f 4984/1177/845 4990/1180/847 4992/1179/846
f 4984/1177/845 4992/1179/846 4982/1178/835
s 0
f 5031/1181/822 5047/1184/822 5048/1183/822
f 5031/1181/822 5048/1183/822 5032/1182/822
f 5000/1185/758 5018/1188/758 5020/1187/758
f 5000/1185/758 5020/1187/758 5002/1186/758
f 5002/1186/758 5020/1187/758 5024/1190/758
f 5002/1186/758 5024/1190/758 5016/1189/758
f 5016/1189/758 5024/1190/758 5026/1192/758
f 5016/1189/758 5026/1192/758 5014/1191/758
f 5014/1191/758 5026/1192/758 5028/1194/758
f 5014/1191/758 5028/1194/758 5012/1193/758
f 5012/1193/758 5028/1194/758 5030/1196/758
f 5012/1193/758 5030/1196/758 5010/1195/758
f 5010/1195/758 5030/1196/758 5033/1198/758
f 5010/1195/758 5033/1198/758 5008/1197/758
f 5008/1197/758 5033/1198/758 5022/1200/758
f 5008/1197/758 5022/1200/758 5006/1199/758
f 5006/1199/758 5022/1200/758 5018/1188/758
f 5006/1199/758 5018/1188/758 5000/1185/758
f 5027/1201/810 5043/1204/810 5045/1203/810
f 5027/1201/810 5045/1203/810 5029/1202/810
f 5021/1205/812 5037/1208/812 5041/1207/812
f 5021/1205/812 5041/1207/812 5025/1206/812
f 5019/1209/848 5035/1212/848 4402/1211/848
f 5019/1209/848 4402/1211/848 4394/1210/848
f 4399/1182/849 4408/1183/849 5039/1214/849
f 4399/1182/849 5039/1214/849 5023/1213/849
f 4397/1202/809 4406/1203/809 4407/1216/809
f 4397/1202/809 4407/1216/809 4398/1215/809
f 4395/1206/811 4404/1207/811 4405/1218/811
f 4395/1206/811 4405/1218/811 4396/1217/811
f 4400/1219/850 4403/1220/850 4401/1212/850
f 4400/1219/850 4401/1212/850 4393/1209/850
f 5061/1221/850 5015/1224/850 5013/1223/850
f 5061/1221/850 5013/1223/850 5055/1222/850
f 4414/1225/810 5007/1228/810 5001/1227/810
f 4414/1225/810 5001/1227/810 5060/1226/810
f 5054/1222/848 4390/1223/848 5011/1230/848
f 5054/1222/848 5011/1230/848 5053/1229/848
f 5051/1231/811 5009/1197/811 4387/1199/811
f 5051/1231/811 4387/1199/811 5056/1232/811
f 5004/1233/822 5003/1236/822 5017/1235/822
f 5004/1233/822 5017/1235/822 5065/1234/822
f 4411/1226/809 4386/1227/809 4385/1046/809
f 4411/1226/809 4385/1046/809 4412/1237/809
f 5052/1238/812 4389/1195/812 4388/1197/812
f 5052/1238/812 4388/1197/812 5050/1231/812
f 4416/1234/849 4392/1235/849 4391/1240/849
f 4416/1234/849 4391/1240/849 4413/1239/849
f 5079/1241/821 4432/1244/821 5082/1243/821
f 5079/1241/821 5082/1243/821 5080/1242/821
f 5068/1245/717 4418/1248/717 4417/1247/717
f 5068/1245/717 4417/1247/717 5066/1246/717
f 5070/1249/717 4419/1250/717 4418/1248/717
f 5070/1249/717 4418/1248/717 5068/1245/717
f 5072/1251/717 4420/1252/717 4419/1250/717
f 5072/1251/717 4419/1250/717 5070/1249/717
f 5074/1253/717 4421/1254/717 4420/1252/717
f 5074/1253/717 4420/1252/717 5072/1251/717
s 1
f 5076/1255/717 4934/1256/970 4421/1254/717
s 0
f 5076/1255/717 4421/1254/717 5074/1253/717
s 1
f 5078/1257/717 4939/1258/967 4934/1256/970
f 5078/1257/717 4934/1256/970 5076/1255/717
f 5081/1259/717 4425/1260/717 4939/1258/967
f 5081/1259/717 4939/1258/967 5078/1257/717
s 0
f 5066/1246/717 4417/1247/717 4425/1260/717
f 5066/1246/717 4425/1260/717 5081/1259/717
f 5075/1261/813 4430/1264/813 5084/1263/813
f 5075/1261/813 5084/1263/813 5077/1262/813
f 5071/1265/811 4428/1268/811 5086/1267/811
f 5071/1265/811 5086/1267/811 5073/1266/811
f 5067/1269/809 5089/1272/809 5088/1271/809
f 5067/1269/809 5088/1271/809 5069/1270/809
f 4351/1242/822 4433/1243/822 4426/1274/822
f 4351/1242/822 4426/1274/822 4337/1273/822
f 4347/1262/851 4431/1263/851 5083/1276/851
f 4347/1262/851 5083/1276/851 4349/1275/851
f 4343/1266/812 4429/1267/812 5085/1278/812
f 4343/1266/812 5085/1278/812 4345/1277/812
f 4339/1270/810 4427/1271/810 5087/1280/810
f 4339/1270/810 5087/1280/810 4341/1279/810
f 5090/1281/852 4384/1284/852 4383/1283/852
f 5090/1281/852 4383/1283/852 5092/1282/852
s 1
f 5113/1285/974 5121/1288/975 4452/1287/976
f 5113/1285/974 4452/1287/976 4446/1286/977
s 0
f 5119/1289/857 4794/1292/857 4459/1291/857
f 5119/1289/857 4459/1291/857 5122/1290/857
f 5107/1293/978 5115/1296/978 5118/1295/978
f 5107/1293/978 5118/1295/978 5110/1294/978
f 5111/1297/979 4454/1300/979 4453/1299/979
f 5111/1297/980 4453/1299/980 5114/1298/980
s 1
f 5109/1301/981 5117/1304/982 5125/1303/983
f 5109/1301/981 5125/1303/983 5106/1302/984
f 5123/1286/985 5124/1287/986 5116/1306/987
f 5123/1286/985 5116/1306/987 5108/1305/988
f 4443/1302/989 4450/1303/990 5120/1308/991
f 4443/1302/989 5120/1308/991 5112/1307/992
f 5124/1287/986 4796/1310/873 4457/1309/873
f 5124/1287/986 4457/1309/873 5116/1306/987
f 5117/1304/982 4798/1312/874 4797/1311/874
f 5117/1304/982 4797/1311/874 5125/1303/983
f 4450/1303/990 4456/1311/875 4460/1313/875
f 4450/1303/990 4460/1313/875 5120/1308/991
f 5121/1288/975 4793/1314/876 4458/1310/876
f 5121/1288/975 4458/1310/876 4452/1287/976
s 0
f 4451/1296/877 4795/1316/877 4455/1315/877
f 4451/1296/877 4455/1315/877 4449/1295/877
s 1
f 5137/1317/879 5113/1285/974 4446/1286/977
f 5137/1317/879 4446/1286/977 5135/1318/879
f 4467/1318/878 5123/1286/985 5108/1305/988
f 4467/1318/878 5108/1305/988 5133/1319/878
f 5104/1320/881 4443/1302/989 5112/1307/992
f 5104/1320/881 5112/1307/992 5129/1321/881
f 5128/1322/880 5109/1301/981 5106/1302/984
f 5128/1322/880 5106/1302/984 5105/1320/880
f 5138/1323/993 4475/1326/994 4471/1325/995
f 5138/1323/993 4471/1325/995 4910/1324/951
f 4887/1113/996 4891/1327/997 4475/1326/994
f 4887/1113/996 4475/1326/994 5138/1323/993
f 4470/1328/887 4474/1331/889 4814/1330/888
f 4470/1328/887 4814/1330/888 4476/1329/888
f 4246/1332/998 4257/1335/998 4848/1334/998
f 4246/1332/998 4848/1334/998 4890/1333/998
f 4291/1336/930 4876/1339/999 5101/1338/1000
f 4291/1336/930 5101/1338/1000 4440/1337/1000
f 4307/1340/1001 4441/1341/1002 4275/1095/954
f 4307/1340/1001 4275/1095/954 4308/1092/953
f 4317/1063/788 4804/1342/1003 4336/1343/1003
f 4804/1342/1003 4317/1063/788 4809/1344/1004
f 4809/1344/1004 4317/1063/788 4807/1345/1004
f 4805/1346/1004 4113/1347/1003 4232/1348/1003
f 4113/1347/1003 4805/1346/1004 4095/1062/788
f 4095/1062/788 4805/1346/1004 4807/1345/1004
f 4095/1062/788 4807/1345/1004 4317/1063/788
s 0
f 4499/1349/1005 4315/1350/1005 4326/1351/1005
f 4315/1350/1005 4499/1349/1005 4546/1352/1005
f 4315/1350/1005 4546/1352/1005 4551/1353/1005
s 1
f 4489/1354/1006 4765/1355/1007 4763/1356/1008
f 4765/1355/1007 4489/1354/1006 4488/963/728
f 4765/1355/1007 4488/963/728 4536/1357/1009
f 4536/1357/1009 4488/963/728 4530/962/727
f 4494/1358/1010 4528/1359/1010 4483/1360/1010
f 4483/1360/1010 4055/1361/1011 4517/1362/1010
f 4055/1361/1011 4483/1360/1010 4545/1363/1010
f 4545/1363/1010 4483/1360/1010 4547/1364/1010
f 4547/1364/1010 4483/1360/1010 4528/1359/1010
f 4111/1365/711 4525/1366/1012 4513/1367/712
f 4525/1366/1012 4111/1365/711 4054/1368/1013
f 4054/1368/1013 4111/1365/711 4527/1369/1013
f 4054/1368/1013 4527/1369/1013 4085/1370/1013
s 0
f 4081/1371/717 4094/1033/717 4078/1034/717
f 4094/1033/717 4081/1371/717 4558/1372/717
f 4094/1033/717 4558/1372/717 4578/1373/717
f 4094/1033/717 4578/1373/717 4813/1374/717
f 4094/1033/717 4813/1374/717 4112/1375/717
f 4634/1145/717 4638/1156/717 4636/1146/717
f 4638/1156/717 4634/1145/717 4640/1376/717
f 4640/1376/717 4634/1145/717 4630/1377/717
f 4640/1376/717 4630/1377/717 4642/1378/717
f 4642/1378/717 4630/1377/717 4632/1379/717
f 4642/1378/717 4632/1379/717 4645/1380/717
s 1
f 4766/1381/1014 4158/1382/1015 4156/1383/832
f 4158/1382/1015 4766/1381/1014 4214/1384/1014
f 4158/1382/1015 4214/1384/1014 4662/1385/1014
s 0
f 4662/1385/1014 4214/1384/1014 4762/1386/1014
f 4662/1385/1014 4762/1386/1014 4758/1387/1014
s 1
f 4665/1388/1016 4653/1174/842 4155/1173/842
f 4653/1174/842 4665/1388/1016 4216/1389/1016
f 4216/1389/1016 4665/1388/1016 4213/1390/1017
f 4654/1391/843 4726/1392/1018 4724/1393/1019
f 4726/1392/1018 4654/1391/843 4672/1394/1018
f 4672/1394/1018 4654/1391/843 4660/1395/1020
f 4672/1394/1018 4660/1395/1020 4731/1396/1018
f 4660/1395/1020 4729/1397/1021 4731/1396/1018
f 4664/1398/1022 4656/1399/847 4658/1400/1023
f 4656/1399/847 4664/1398/1022 4769/1401/1022
f 4656/1399/847 4769/1401/1022 4666/1402/1024
s 0
f 4769/1401/1022 4664/1398/1022 4767/1403/1022
f 4767/1403/1022 4664/1398/1022 4760/1404/1022
f 4705/1405/717 4713/1406/717 4716/1407/717
f 4713/1406/717 4705/1405/717 4711/1408/717
f 4711/1408/717 4705/1405/717 4701/1409/717
f 4711/1408/717 4701/1409/717 4709/1410/717
f 4709/1410/717 4701/1409/717 4703/1411/717
f 4709/1410/717 4703/1411/717 4707/1412/717
s 1
f 4725/1413/1019 4186/1414/1025 4655/1162/843
f 4154/1176/844 4187/1415/1025 4663/1416/1025
f 4187/1415/1025 4154/1176/844 4655/1162/843
f 4187/1415/1025 4655/1162/843 4186/1414/1025
f 4663/1416/1025 4187/1415/1025 4192/1417/1025
f 4663/1416/1025 4192/1417/1025 4661/1418/1020
f 4661/1418/1020 4192/1417/1025 4730/1419/1021
f 4764/1420/1008 4481/974/738 4490/1031/1006
f 4481/974/738 4764/1420/1008 4219/1421/1026
f 4481/974/738 4219/1421/1026 4535/971/736
f 4535/971/736 4219/1421/1026 4770/1422/1026
s 0
f 4224/1298/758 4236/1423/758 4239/1424/758
f 4236/1423/1027 4225/1297/1027 4803/1425/1027
f 4225/1297/758 4236/1423/758 4224/1298/758
f 4221/1426/717 4799/1427/717 4800/1428/717
f 4799/1427/717 4221/1426/717 4222/1429/717
f 4222/1429/717 4237/1220/717 4799/1427/717
s 1
f 4473/1430/889 4234/1431/1028 4240/1432/887
f 4234/1431/1028 4473/1430/889 4336/1343/1003
f 4234/1431/1028 4336/1343/1003 4235/1433/1028
f 4235/1433/1028 4336/1343/1003 4804/1342/1003
f 4234/1431/1028 4113/1347/1003 4240/1432/887
f 4113/1347/1003 4234/1431/1028 4233/1434/1028
f 4113/1347/1003 4233/1434/1028 4232/1348/1003
f 4077/951/719 4212/1435/1029 4215/1436/1029
f 4211/1437/1029 4106/1340/893 4218/1341/894
f 4106/1340/893 4211/1437/1029 4103/950/718
f 4103/950/718 4211/1437/1029 4212/1435/1029
f 4103/950/718 4212/1435/1029 4077/951/719
f 4296/1062/788 4461/1348/1003 4314/1347/1003
f 4461/1348/1003 4296/1062/788 5132/1346/1004
f 5132/1346/1004 4296/1062/788 5134/1345/1004
f 5134/1345/1004 4296/1062/788 4317/1063/788
f 5136/1344/1004 4336/1343/1003 5131/1342/1003
f 4336/1343/1003 5136/1344/1004 4317/1063/788
f 4317/1063/788 5136/1344/1004 5134/1345/1004
s 0
f 4315/1350/1005 4835/1349/1005 4326/1351/1005
f 4835/1349/1005 4315/1350/1005 4880/1352/1005
f 4880/1352/1005 4315/1350/1005 4885/1353/1005
s 1
f 5098/1355/1030 4825/1354/1031 5096/1356/1032
f 4825/1354/1031 5098/1355/1030 4824/963/902
f 4824/963/902 5098/1355/1030 4870/1357/1033
f 4824/963/902 4870/1357/1033 4864/962/903
f 4819/1360/1034 4862/1359/1034 4830/1358/1034
f 4862/1359/1034 4819/1360/1034 4851/1362/1034
f 4862/1359/1034 4851/1362/1034 4881/1364/1034
f 4881/1364/1034 4851/1362/1034 4879/1363/1034
f 4879/1363/1034 4851/1362/1034 4256/1361/1034
f 4847/1367/715 4861/1369/1035 4312/1365/716
f 4861/1369/1035 4847/1367/715 4255/1368/1036
f 4255/1368/1036 4847/1367/715 4859/1366/1035
f 4255/1368/1036 4286/1370/1035 4861/1369/1035
s 0
f 4295/1033/758 4282/1371/758 4279/1034/758
f 4282/1371/758 4295/1033/758 4892/1372/758
f 4892/1372/758 4295/1033/758 4912/1373/758
f 4912/1373/758 4295/1033/758 5140/1374/758
f 5140/1374/758 4295/1033/758 4313/1375/758
f 4971/1156/758 4967/1145/758 4969/1146/758
f 4967/1145/758 4971/1156/758 4973/1376/758
f 4967/1145/758 4973/1376/758 4963/1377/758
f 4963/1377/758 4973/1376/758 4975/1378/758
f 4963/1377/758 4975/1378/758 4965/1379/758
f 4965/1379/758 4975/1378/758 4978/1380/758
s 1
f 4995/1385/1014 4379/1383/832 4381/1382/1015
f 4379/1383/832 4995/1385/1014 4437/1384/1014
f 4379/1383/832 4437/1384/1014 5099/1381/1014
s 0
f 4437/1384/1014 4995/1385/1014 5095/1386/1014
f 5095/1386/1014 4995/1385/1014 5091/1387/1014
s 1
f 4986/1174/971 4998/1388/1037 4378/1173/971
f 4998/1388/1037 4986/1174/971 4439/1389/1037
f 4998/1388/1037 4439/1389/1037 4436/1390/1038
f 4993/1395/1039 5064/1396/1040 5062/1397/1041
f 4987/1391/973 5005/1394/1040 4993/1395/1039
f 5005/1394/1040 4987/1391/973 5059/1392/1040
f 5059/1392/1040 4987/1391/973 5057/1393/1042
f 4993/1395/1039 5005/1394/1040 5064/1396/1040
f 4999/1402/1022 4991/1400/1023 4989/1399/847
f 4991/1400/1023 4999/1402/1022 5102/1401/1022
f 4991/1400/1023 5102/1401/1022 4997/1398/1022
s 0
f 4997/1398/1022 5102/1401/1022 5100/1403/1022
f 4997/1398/1022 5100/1403/1022 5093/1404/1022
f 5046/1406/758 5038/1405/758 5049/1407/758
f 5038/1405/758 5046/1406/758 5044/1408/758
f 5038/1405/758 5044/1408/758 5034/1409/758
f 5034/1409/758 5044/1408/758 5042/1410/758
f 5034/1409/758 5042/1410/758 5036/1411/758
f 5036/1411/758 5042/1410/758 5040/1412/758
s 1
f 4377/1176/972 4410/1415/1043 4988/1162/973
f 4410/1415/1043 4377/1176/972 4996/1416/1043
f 4988/1162/973 4410/1415/1043 4409/1414/1043
f 4410/1415/1043 4996/1416/1043 4415/1417/1043
f 4415/1417/1043 4996/1416/1043 4994/1418/1039
f 4415/1417/1043 4994/1418/1039 5063/1419/1041
f 5058/1413/1042 4988/1162/973 4409/1414/1043
f 4442/1421/1044 4869/971/908 5103/1422/1044
f 4869/971/908 4442/1421/1044 4817/974/909
f 4817/974/909 4442/1421/1044 5097/1420/1032
f 4817/974/909 5097/1420/1032 4826/1031/1031
s 0
f 4448/1297/1045 4465/1423/1045 5130/1425/1045
f 4465/1423/717 4448/1297/717 4447/1298/717
f 4447/1298/717 4468/1424/717 4465/1423/717
f 4445/1429/758 5126/1427/758 4466/1220/758
f 5126/1427/758 4444/1426/758 5127/1428/758
f 4444/1426/758 5126/1427/758 4445/1429/758
s 1
f 4314/1347/1003 4473/1430/889 4469/1432/887
f 4473/1430/889 4314/1347/1003 4463/1431/1028
f 4463/1431/1028 4314/1347/1003 4462/1434/1028
f 4462/1434/1028 4314/1347/1003 4461/1348/1003
f 4463/1431/1028 4336/1343/1003 4473/1430/889
f 4336/1343/1003 4463/1431/1028 4464/1433/1028
f 4336/1343/1003 4464/1433/1028 5131/1342/1003
f 4307/1340/1001 4434/1437/1046 4441/1341/1002
f 4434/1437/1046 4307/1340/1001 4304/950/896
f 4434/1437/1046 4304/950/896 4435/1435/1046
f 4435/1435/1046 4304/950/896 4278/951/895
f 4278/951/895 4438/1436/1046 4435/1435/1046
